0.0000000000e+00,0.0000000000e+00,5.7000000000e-01,0.0000000000e+00,0.0000000000e+00,0.0000000000e+00,1.0000000000e+00,0.0000000000e+00,0.0000000000e+00,0.0000000000e+00,-1.3000000000e+00,0.0000000000e+00,0.0000000000e+00,0.0000000000e+00,1.3000000000e+00,0.0000000000e+00,0.0000000000e+00,-0.0000000000e+00,0.0000000000e+00,0.0000000000e+00,0.0000000000e+00,-0.0000000000e+00,0.0000000000e+00,-0.0000000000e+00,0.0000000000e+00,0.0000000000e+00,0.0000000000e+00,-0.0000000000e+00,0.0000000000e+00
0.0000000000e+00,0.0000000000e+00,5.7000000000e-01,0.0000000000e+00,0.0000000000e+00,0.0000000000e+00,1.0000000000e+00,0.0000000000e+00,0.0000000000e+00,0.0000000000e+00,-1.3000000000e+00,0.0000000000e+00,0.0000000000e+00,0.0000000000e+00,1.3000000000e+00,0.0000000000e+00,0.0000000000e+00,-0.0000000000e+00,0.0000000000e+00,0.0000000000e+00,0.0000000000e+00,-0.0000000000e+00,0.0000000000e+00,-0.0000000000e+00,0.0000000000e+00,0.0000000000e+00,0.0000000000e+00,-0.0000000000e+00,0.0000000000e+00
0.0000000000e+00,0.0000000000e+00,5.7000000000e-01,0.0000000000e+00,0.0000000000e+00,0.0000000000e+00,1.0000000000e+00,0.0000000000e+00,0.0000000000e+00,0.0000000000e+00,-1.3000000000e+00,0.0000000000e+00,0.0000000000e+00,0.0000000000e+00,1.3000000000e+00,0.0000000000e+00,0.0000000000e+00,-0.0000000000e+00,0.0000000000e+00,0.0000000000e+00,0.0000000000e+00,-0.0000000000e+00,0.0000000000e+00,-0.0000000000e+00,0.0000000000e+00,0.0000000000e+00,0.0000000000e+00,-0.0000000000e+00,0.0000000000e+00
0.0000000000e+00,0.0000000000e+00,5.7000000000e-01,0.0000000000e+00,0.0000000000e+00,0.0000000000e+00,1.0000000000e+00,0.0000000000e+00,0.0000000000e+00,0.0000000000e+00,-1.3000000000e+00,0.0000000000e+00,0.0000000000e+00,0.0000000000e+00,1.3000000000e+00,0.0000000000e+00,0.0000000000e+00,-0.0000000000e+00,0.0000000000e+00,0.0000000000e+00,0.0000000000e+00,-0.0000000000e+00,0.0000000000e+00,-0.0000000000e+00,0.0000000000e+00,0.0000000000e+00,0.0000000000e+00,-0.0000000000e+00,0.0000000000e+00
0.0000000000e+00,0.0000000000e+00,5.7000000000e-01,0.0000000000e+00,0.0000000000e+00,0.0000000000e+00,1.0000000000e+00,0.0000000000e+00,0.0000000000e+00,0.0000000000e+00,-1.3000000000e+00,0.0000000000e+00,0.0000000000e+00,0.0000000000e+00,1.3000000000e+00,0.0000000000e+00,0.0000000000e+00,-0.0000000000e+00,0.0000000000e+00,0.0000000000e+00,0.0000000000e+00,-0.0000000000e+00,0.0000000000e+00,-0.0000000000e+00,0.0000000000e+00,0.0000000000e+00,0.0000000000e+00,-0.0000000000e+00,0.0000000000e+00
0.0000000000e+00,0.0000000000e+00,5.7000000000e-01,0.0000000000e+00,0.0000000000e+00,0.0000000000e+00,1.0000000000e+00,0.0000000000e+00,0.0000000000e+00,0.0000000000e+00,-1.3000000000e+00,0.0000000000e+00,0.0000000000e+00,0.0000000000e+00,1.3000000000e+00,0.0000000000e+00,0.0000000000e+00,-0.0000000000e+00,0.0000000000e+00,0.0000000000e+00,0.0000000000e+00,-0.0000000000e+00,0.0000000000e+00,-0.0000000000e+00,0.0000000000e+00,0.0000000000e+00,0.0000000000e+00,-0.0000000000e+00,0.0000000000e+00
0.0000000000e+00,0.0000000000e+00,5.7000000000e-01,0.0000000000e+00,0.0000000000e+00,0.0000000000e+00,1.0000000000e+00,0.0000000000e+00,0.0000000000e+00,0.0000000000e+00,-1.3000000000e+00,0.0000000000e+00,0.0000000000e+00,0.0000000000e+00,1.3000000000e+00,0.0000000000e+00,0.0000000000e+00,-0.0000000000e+00,0.0000000000e+00,0.0000000000e+00,0.0000000000e+00,-0.0000000000e+00,0.0000000000e+00,-0.0000000000e+00,0.0000000000e+00,0.0000000000e+00,0.0000000000e+00,-0.0000000000e+00,0.0000000000e+00
0.0000000000e+00,0.0000000000e+00,5.7000000000e-01,0.0000000000e+00,0.0000000000e+00,0.0000000000e+00,1.0000000000e+00,0.0000000000e+00,0.0000000000e+00,0.0000000000e+00,-1.3000000000e+00,0.0000000000e+00,0.0000000000e+00,0.0000000000e+00,1.3000000000e+00,0.0000000000e+00,0.0000000000e+00,-0.0000000000e+00,0.0000000000e+00,0.0000000000e+00,0.0000000000e+00,-0.0000000000e+00,0.0000000000e+00,-0.0000000000e+00,0.0000000000e+00,0.0000000000e+00,0.0000000000e+00,-0.0000000000e+00,0.0000000000e+00
0.0000000000e+00,0.0000000000e+00,5.7000000000e-01,0.0000000000e+00,0.0000000000e+00,0.0000000000e+00,1.0000000000e+00,0.0000000000e+00,0.0000000000e+00,0.0000000000e+00,-1.3000000000e+00,0.0000000000e+00,0.0000000000e+00,0.0000000000e+00,1.3000000000e+00,0.0000000000e+00,0.0000000000e+00,-0.0000000000e+00,0.0000000000e+00,0.0000000000e+00,0.0000000000e+00,-0.0000000000e+00,0.0000000000e+00,-0.0000000000e+00,0.0000000000e+00,0.0000000000e+00,0.0000000000e+00,-0.0000000000e+00,0.0000000000e+00
0.0000000000e+00,0.0000000000e+00,5.7000000000e-01,0.0000000000e+00,0.0000000000e+00,0.0000000000e+00,1.0000000000e+00,0.0000000000e+00,0.0000000000e+00,0.0000000000e+00,-1.3000000000e+00,0.0000000000e+00,0.0000000000e+00,0.0000000000e+00,1.3000000000e+00,0.0000000000e+00,0.0000000000e+00,-0.0000000000e+00,0.0000000000e+00,0.0000000000e+00,0.0000000000e+00,-0.0000000000e+00,0.0000000000e+00,-0.0000000000e+00,0.0000000000e+00,0.0000000000e+00,0.0000000000e+00,-0.0000000000e+00,0.0000000000e+00
0.0000000000e+00,0.0000000000e+00,5.7000000000e-01,0.0000000000e+00,0.0000000000e+00,0.0000000000e+00,1.0000000000e+00,0.0000000000e+00,0.0000000000e+00,0.0000000000e+00,-1.3000000000e+00,0.0000000000e+00,0.0000000000e+00,0.0000000000e+00,1.3000000000e+00,0.0000000000e+00,0.0000000000e+00,-0.0000000000e+00,0.0000000000e+00,0.0000000000e+00,0.0000000000e+00,-0.0000000000e+00,0.0000000000e+00,-0.0000000000e+00,0.0000000000e+00,0.0000000000e+00,0.0000000000e+00,-0.0000000000e+00,0.0000000000e+00
0.0000000000e+00,0.0000000000e+00,5.7000000000e-01,0.0000000000e+00,0.0000000000e+00,0.0000000000e+00,1.0000000000e+00,0.0000000000e+00,0.0000000000e+00,0.0000000000e+00,-1.3000000000e+00,0.0000000000e+00,0.0000000000e+00,0.0000000000e+00,1.3000000000e+00,0.0000000000e+00,0.0000000000e+00,-0.0000000000e+00,0.0000000000e+00,0.0000000000e+00,0.0000000000e+00,-0.0000000000e+00,0.0000000000e+00,-0.0000000000e+00,0.0000000000e+00,0.0000000000e+00,0.0000000000e+00,-0.0000000000e+00,0.0000000000e+00
0.0000000000e+00,0.0000000000e+00,5.7000000000e-01,0.0000000000e+00,0.0000000000e+00,0.0000000000e+00,1.0000000000e+00,0.0000000000e+00,0.0000000000e+00,0.0000000000e+00,-1.3000000000e+00,0.0000000000e+00,0.0000000000e+00,0.0000000000e+00,1.3000000000e+00,0.0000000000e+00,0.0000000000e+00,-0.0000000000e+00,0.0000000000e+00,0.0000000000e+00,0.0000000000e+00,-0.0000000000e+00,0.0000000000e+00,-0.0000000000e+00,0.0000000000e+00,0.0000000000e+00,0.0000000000e+00,-0.0000000000e+00,0.0000000000e+00
0.0000000000e+00,0.0000000000e+00,5.7000000000e-01,0.0000000000e+00,0.0000000000e+00,0.0000000000e+00,1.0000000000e+00,0.0000000000e+00,0.0000000000e+00,0.0000000000e+00,-1.3000000000e+00,0.0000000000e+00,0.0000000000e+00,0.0000000000e+00,1.3000000000e+00,0.0000000000e+00,0.0000000000e+00,-0.0000000000e+00,0.0000000000e+00,0.0000000000e+00,0.0000000000e+00,-0.0000000000e+00,0.0000000000e+00,-0.0000000000e+00,0.0000000000e+00,0.0000000000e+00,0.0000000000e+00,-0.0000000000e+00,0.0000000000e+00
0.0000000000e+00,0.0000000000e+00,5.7000000000e-01,0.0000000000e+00,0.0000000000e+00,0.0000000000e+00,1.0000000000e+00,0.0000000000e+00,0.0000000000e+00,0.0000000000e+00,-1.3000000000e+00,0.0000000000e+00,0.0000000000e+00,0.0000000000e+00,1.3000000000e+00,0.0000000000e+00,0.0000000000e+00,-0.0000000000e+00,0.0000000000e+00,0.0000000000e+00,0.0000000000e+00,-0.0000000000e+00,0.0000000000e+00,-0.0000000000e+00,0.0000000000e+00,0.0000000000e+00,0.0000000000e+00,-0.0000000000e+00,0.0000000000e+00
0.0000000000e+00,0.0000000000e+00,5.7000000000e-01,0.0000000000e+00,0.0000000000e+00,0.0000000000e+00,1.0000000000e+00,0.0000000000e+00,0.0000000000e+00,0.0000000000e+00,-1.3000000000e+00,0.0000000000e+00,0.0000000000e+00,0.0000000000e+00,1.3000000000e+00,0.0000000000e+00,0.0000000000e+00,-0.0000000000e+00,0.0000000000e+00,0.0000000000e+00,0.0000000000e+00,-0.0000000000e+00,0.0000000000e+00,-0.0000000000e+00,0.0000000000e+00,0.0000000000e+00,0.0000000000e+00,-0.0000000000e+00,0.0000000000e+00
0.0000000000e+00,0.0000000000e+00,5.7000000000e-01,0.0000000000e+00,0.0000000000e+00,0.0000000000e+00,1.0000000000e+00,0.0000000000e+00,0.0000000000e+00,0.0000000000e+00,-1.3000000000e+00,0.0000000000e+00,0.0000000000e+00,0.0000000000e+00,1.3000000000e+00,0.0000000000e+00,0.0000000000e+00,-0.0000000000e+00,0.0000000000e+00,0.0000000000e+00,0.0000000000e+00,-0.0000000000e+00,0.0000000000e+00,-0.0000000000e+00,0.0000000000e+00,0.0000000000e+00,0.0000000000e+00,-0.0000000000e+00,0.0000000000e+00
0.0000000000e+00,0.0000000000e+00,5.7000000000e-01,0.0000000000e+00,0.0000000000e+00,0.0000000000e+00,1.0000000000e+00,0.0000000000e+00,0.0000000000e+00,0.0000000000e+00,-1.3000000000e+00,0.0000000000e+00,0.0000000000e+00,0.0000000000e+00,1.3000000000e+00,0.0000000000e+00,0.0000000000e+00,-0.0000000000e+00,0.0000000000e+00,0.0000000000e+00,0.0000000000e+00,-0.0000000000e+00,0.0000000000e+00,-0.0000000000e+00,0.0000000000e+00,0.0000000000e+00,0.0000000000e+00,-0.0000000000e+00,0.0000000000e+00
0.0000000000e+00,0.0000000000e+00,5.7000000000e-01,0.0000000000e+00,0.0000000000e+00,0.0000000000e+00,1.0000000000e+00,0.0000000000e+00,0.0000000000e+00,0.0000000000e+00,-1.3000000000e+00,0.0000000000e+00,0.0000000000e+00,0.0000000000e+00,1.3000000000e+00,0.0000000000e+00,0.0000000000e+00,-0.0000000000e+00,0.0000000000e+00,0.0000000000e+00,0.0000000000e+00,-0.0000000000e+00,0.0000000000e+00,-0.0000000000e+00,0.0000000000e+00,0.0000000000e+00,0.0000000000e+00,-0.0000000000e+00,0.0000000000e+00
0.0000000000e+00,0.0000000000e+00,5.7000000000e-01,0.0000000000e+00,0.0000000000e+00,0.0000000000e+00,1.0000000000e+00,0.0000000000e+00,0.0000000000e+00,0.0000000000e+00,-1.3000000000e+00,0.0000000000e+00,0.0000000000e+00,0.0000000000e+00,1.3000000000e+00,0.0000000000e+00,0.0000000000e+00,-0.0000000000e+00,0.0000000000e+00,0.0000000000e+00,0.0000000000e+00,-0.0000000000e+00,0.0000000000e+00,-0.0000000000e+00,0.0000000000e+00,0.0000000000e+00,0.0000000000e+00,-0.0000000000e+00,0.0000000000e+00
0.0000000000e+00,0.0000000000e+00,5.7000000000e-01,0.0000000000e+00,0.0000000000e+00,0.0000000000e+00,1.0000000000e+00,0.0000000000e+00,0.0000000000e+00,0.0000000000e+00,-1.3000000000e+00,0.0000000000e+00,0.0000000000e+00,0.0000000000e+00,1.3000000000e+00,0.0000000000e+00,0.0000000000e+00,-0.0000000000e+00,0.0000000000e+00,0.0000000000e+00,0.0000000000e+00,-0.0000000000e+00,0.0000000000e+00,-0.0000000000e+00,0.0000000000e+00,0.0000000000e+00,0.0000000000e+00,-0.0000000000e+00,0.0000000000e+00
0.0000000000e+00,0.0000000000e+00,5.7000000000e-01,0.0000000000e+00,0.0000000000e+00,0.0000000000e+00,1.0000000000e+00,0.0000000000e+00,0.0000000000e+00,0.0000000000e+00,-1.3000000000e+00,0.0000000000e+00,0.0000000000e+00,0.0000000000e+00,1.3000000000e+00,0.0000000000e+00,0.0000000000e+00,-0.0000000000e+00,0.0000000000e+00,0.0000000000e+00,0.0000000000e+00,-0.0000000000e+00,0.0000000000e+00,-0.0000000000e+00,0.0000000000e+00,0.0000000000e+00,0.0000000000e+00,-0.0000000000e+00,0.0000000000e+00
0.0000000000e+00,0.0000000000e+00,5.7000000000e-01,0.0000000000e+00,0.0000000000e+00,0.0000000000e+00,1.0000000000e+00,0.0000000000e+00,0.0000000000e+00,0.0000000000e+00,-1.3000000000e+00,0.0000000000e+00,0.0000000000e+00,0.0000000000e+00,1.3000000000e+00,0.0000000000e+00,0.0000000000e+00,-0.0000000000e+00,0.0000000000e+00,0.0000000000e+00,0.0000000000e+00,-0.0000000000e+00,0.0000000000e+00,-0.0000000000e+00,0.0000000000e+00,0.0000000000e+00,0.0000000000e+00,-0.0000000000e+00,0.0000000000e+00
0.0000000000e+00,0.0000000000e+00,5.7000000000e-01,0.0000000000e+00,0.0000000000e+00,0.0000000000e+00,1.0000000000e+00,0.0000000000e+00,0.0000000000e+00,0.0000000000e+00,-1.3000000000e+00,0.0000000000e+00,0.0000000000e+00,0.0000000000e+00,1.3000000000e+00,0.0000000000e+00,0.0000000000e+00,-0.0000000000e+00,0.0000000000e+00,0.0000000000e+00,0.0000000000e+00,-0.0000000000e+00,0.0000000000e+00,-0.0000000000e+00,0.0000000000e+00,0.0000000000e+00,0.0000000000e+00,-0.0000000000e+00,0.0000000000e+00
0.0000000000e+00,0.0000000000e+00,5.7000000000e-01,0.0000000000e+00,0.0000000000e+00,0.0000000000e+00,1.0000000000e+00,0.0000000000e+00,0.0000000000e+00,0.0000000000e+00,-1.3000000000e+00,0.0000000000e+00,0.0000000000e+00,0.0000000000e+00,1.3000000000e+00,0.0000000000e+00,0.0000000000e+00,-0.0000000000e+00,0.0000000000e+00,0.0000000000e+00,0.0000000000e+00,-0.0000000000e+00,0.0000000000e+00,-0.0000000000e+00,0.0000000000e+00,0.0000000000e+00,0.0000000000e+00,-0.0000000000e+00,0.0000000000e+00
0.0000000000e+00,0.0000000000e+00,5.7000000000e-01,0.0000000000e+00,0.0000000000e+00,0.0000000000e+00,1.0000000000e+00,0.0000000000e+00,0.0000000000e+00,0.0000000000e+00,-1.3000000000e+00,0.0000000000e+00,0.0000000000e+00,0.0000000000e+00,1.3000000000e+00,0.0000000000e+00,0.0000000000e+00,-0.0000000000e+00,0.0000000000e+00,0.0000000000e+00,0.0000000000e+00,-0.0000000000e+00,0.0000000000e+00,-0.0000000000e+00,0.0000000000e+00,0.0000000000e+00,0.0000000000e+00,-0.0000000000e+00,0.0000000000e+00
0.0000000000e+00,0.0000000000e+00,5.7000000000e-01,0.0000000000e+00,0.0000000000e+00,0.0000000000e+00,1.0000000000e+00,0.0000000000e+00,0.0000000000e+00,0.0000000000e+00,-1.3000000000e+00,0.0000000000e+00,0.0000000000e+00,0.0000000000e+00,1.3000000000e+00,0.0000000000e+00,0.0000000000e+00,-0.0000000000e+00,0.0000000000e+00,0.0000000000e+00,0.0000000000e+00,-0.0000000000e+00,0.0000000000e+00,-0.0000000000e+00,0.0000000000e+00,0.0000000000e+00,0.0000000000e+00,-0.0000000000e+00,0.0000000000e+00
0.0000000000e+00,0.0000000000e+00,5.7000000000e-01,0.0000000000e+00,0.0000000000e+00,0.0000000000e+00,1.0000000000e+00,0.0000000000e+00,0.0000000000e+00,0.0000000000e+00,-1.3000000000e+00,0.0000000000e+00,0.0000000000e+00,0.0000000000e+00,1.3000000000e+00,0.0000000000e+00,0.0000000000e+00,-0.0000000000e+00,0.0000000000e+00,0.0000000000e+00,0.0000000000e+00,-0.0000000000e+00,0.0000000000e+00,-0.0000000000e+00,0.0000000000e+00,0.0000000000e+00,0.0000000000e+00,-0.0000000000e+00,0.0000000000e+00
0.0000000000e+00,0.0000000000e+00,5.7000000000e-01,0.0000000000e+00,0.0000000000e+00,0.0000000000e+00,1.0000000000e+00,0.0000000000e+00,0.0000000000e+00,0.0000000000e+00,-1.3000000000e+00,0.0000000000e+00,0.0000000000e+00,0.0000000000e+00,1.3000000000e+00,0.0000000000e+00,0.0000000000e+00,-0.0000000000e+00,0.0000000000e+00,0.0000000000e+00,0.0000000000e+00,-0.0000000000e+00,0.0000000000e+00,-0.0000000000e+00,0.0000000000e+00,0.0000000000e+00,0.0000000000e+00,-0.0000000000e+00,0.0000000000e+00
0.0000000000e+00,0.0000000000e+00,5.7000000000e-01,0.0000000000e+00,0.0000000000e+00,0.0000000000e+00,1.0000000000e+00,0.0000000000e+00,0.0000000000e+00,0.0000000000e+00,-1.3000000000e+00,0.0000000000e+00,0.0000000000e+00,0.0000000000e+00,1.3000000000e+00,0.0000000000e+00,0.0000000000e+00,-0.0000000000e+00,0.0000000000e+00,0.0000000000e+00,0.0000000000e+00,-0.0000000000e+00,0.0000000000e+00,-0.0000000000e+00,0.0000000000e+00,0.0000000000e+00,0.0000000000e+00,-0.0000000000e+00,0.0000000000e+00
0.0000000000e+00,0.0000000000e+00,5.7000000000e-01,0.0000000000e+00,0.0000000000e+00,0.0000000000e+00,1.0000000000e+00,0.0000000000e+00,0.0000000000e+00,0.0000000000e+00,-1.3000000000e+00,0.0000000000e+00,0.0000000000e+00,0.0000000000e+00,1.3000000000e+00,0.0000000000e+00,0.0000000000e+00,-0.0000000000e+00,0.0000000000e+00,0.0000000000e+00,0.0000000000e+00,-0.0000000000e+00,0.0000000000e+00,-0.0000000000e+00,0.0000000000e+00,0.0000000000e+00,0.0000000000e+00,-0.0000000000e+00,0.0000000000e+00
0.0000000000e+00,0.0000000000e+00,5.7000000000e-01,0.0000000000e+00,0.0000000000e+00,0.0000000000e+00,1.0000000000e+00,0.0000000000e+00,0.0000000000e+00,0.0000000000e+00,-1.3000000000e+00,0.0000000000e+00,0.0000000000e+00,0.0000000000e+00,1.3000000000e+00,0.0000000000e+00,0.0000000000e+00,-0.0000000000e+00,0.0000000000e+00,0.0000000000e+00,0.0000000000e+00,-0.0000000000e+00,0.0000000000e+00,-0.0000000000e+00,0.0000000000e+00,0.0000000000e+00,0.0000000000e+00,-0.0000000000e+00,0.0000000000e+00
0.0000000000e+00,0.0000000000e+00,5.7000000000e-01,0.0000000000e+00,0.0000000000e+00,0.0000000000e+00,1.0000000000e+00,0.0000000000e+00,0.0000000000e+00,0.0000000000e+00,-1.3000000000e+00,0.0000000000e+00,0.0000000000e+00,0.0000000000e+00,1.3000000000e+00,0.0000000000e+00,0.0000000000e+00,-0.0000000000e+00,0.0000000000e+00,0.0000000000e+00,0.0000000000e+00,-0.0000000000e+00,0.0000000000e+00,-0.0000000000e+00,0.0000000000e+00,0.0000000000e+00,0.0000000000e+00,-0.0000000000e+00,0.0000000000e+00
0.0000000000e+00,0.0000000000e+00,5.7000000000e-01,0.0000000000e+00,0.0000000000e+00,0.0000000000e+00,1.0000000000e+00,0.0000000000e+00,0.0000000000e+00,0.0000000000e+00,-1.3000000000e+00,0.0000000000e+00,0.0000000000e+00,0.0000000000e+00,1.3000000000e+00,0.0000000000e+00,0.0000000000e+00,-0.0000000000e+00,0.0000000000e+00,0.0000000000e+00,0.0000000000e+00,-0.0000000000e+00,0.0000000000e+00,-0.0000000000e+00,0.0000000000e+00,0.0000000000e+00,0.0000000000e+00,-0.0000000000e+00,0.0000000000e+00
0.0000000000e+00,0.0000000000e+00,5.7000000000e-01,0.0000000000e+00,0.0000000000e+00,0.0000000000e+00,1.0000000000e+00,0.0000000000e+00,0.0000000000e+00,0.0000000000e+00,-1.3000000000e+00,0.0000000000e+00,0.0000000000e+00,0.0000000000e+00,1.3000000000e+00,0.0000000000e+00,0.0000000000e+00,-0.0000000000e+00,0.0000000000e+00,0.0000000000e+00,0.0000000000e+00,-0.0000000000e+00,0.0000000000e+00,-0.0000000000e+00,0.0000000000e+00,0.0000000000e+00,0.0000000000e+00,-0.0000000000e+00,0.0000000000e+00
0.0000000000e+00,0.0000000000e+00,5.7000000000e-01,0.0000000000e+00,0.0000000000e+00,0.0000000000e+00,1.0000000000e+00,0.0000000000e+00,0.0000000000e+00,0.0000000000e+00,-1.3000000000e+00,0.0000000000e+00,0.0000000000e+00,0.0000000000e+00,1.3000000000e+00,0.0000000000e+00,0.0000000000e+00,-0.0000000000e+00,0.0000000000e+00,0.0000000000e+00,0.0000000000e+00,-0.0000000000e+00,0.0000000000e+00,-0.0000000000e+00,0.0000000000e+00,0.0000000000e+00,0.0000000000e+00,-0.0000000000e+00,0.0000000000e+00
0.0000000000e+00,0.0000000000e+00,5.7000000000e-01,0.0000000000e+00,0.0000000000e+00,0.0000000000e+00,1.0000000000e+00,0.0000000000e+00,0.0000000000e+00,0.0000000000e+00,-1.3000000000e+00,0.0000000000e+00,0.0000000000e+00,0.0000000000e+00,1.3000000000e+00,0.0000000000e+00,0.0000000000e+00,-0.0000000000e+00,0.0000000000e+00,0.0000000000e+00,0.0000000000e+00,-0.0000000000e+00,0.0000000000e+00,-0.0000000000e+00,0.0000000000e+00,0.0000000000e+00,0.0000000000e+00,-0.0000000000e+00,0.0000000000e+00
0.0000000000e+00,0.0000000000e+00,5.7000000000e-01,0.0000000000e+00,0.0000000000e+00,0.0000000000e+00,1.0000000000e+00,0.0000000000e+00,0.0000000000e+00,0.0000000000e+00,-1.3000000000e+00,0.0000000000e+00,0.0000000000e+00,0.0000000000e+00,1.3000000000e+00,0.0000000000e+00,0.0000000000e+00,-0.0000000000e+00,0.0000000000e+00,0.0000000000e+00,0.0000000000e+00,-0.0000000000e+00,0.0000000000e+00,-0.0000000000e+00,0.0000000000e+00,0.0000000000e+00,0.0000000000e+00,-0.0000000000e+00,0.0000000000e+00
0.0000000000e+00,0.0000000000e+00,5.7000000000e-01,0.0000000000e+00,0.0000000000e+00,0.0000000000e+00,1.0000000000e+00,0.0000000000e+00,0.0000000000e+00,0.0000000000e+00,-1.3000000000e+00,0.0000000000e+00,0.0000000000e+00,0.0000000000e+00,1.3000000000e+00,0.0000000000e+00,0.0000000000e+00,-0.0000000000e+00,0.0000000000e+00,0.0000000000e+00,0.0000000000e+00,-0.0000000000e+00,0.0000000000e+00,-0.0000000000e+00,0.0000000000e+00,0.0000000000e+00,0.0000000000e+00,-0.0000000000e+00,0.0000000000e+00
0.0000000000e+00,0.0000000000e+00,5.7000000000e-01,0.0000000000e+00,0.0000000000e+00,0.0000000000e+00,1.0000000000e+00,0.0000000000e+00,0.0000000000e+00,0.0000000000e+00,-1.3000000000e+00,0.0000000000e+00,0.0000000000e+00,0.0000000000e+00,1.3000000000e+00,0.0000000000e+00,0.0000000000e+00,-0.0000000000e+00,0.0000000000e+00,0.0000000000e+00,0.0000000000e+00,-0.0000000000e+00,0.0000000000e+00,-0.0000000000e+00,0.0000000000e+00,0.0000000000e+00,0.0000000000e+00,-0.0000000000e+00,0.0000000000e+00
0.0000000000e+00,0.0000000000e+00,5.7000000000e-01,0.0000000000e+00,0.0000000000e+00,0.0000000000e+00,1.0000000000e+00,0.0000000000e+00,0.0000000000e+00,0.0000000000e+00,-1.3000000000e+00,0.0000000000e+00,0.0000000000e+00,0.0000000000e+00,1.3000000000e+00,0.0000000000e+00,0.0000000000e+00,-0.0000000000e+00,0.0000000000e+00,0.0000000000e+00,0.0000000000e+00,-0.0000000000e+00,0.0000000000e+00,-0.0000000000e+00,0.0000000000e+00,0.0000000000e+00,0.0000000000e+00,-0.0000000000e+00,0.0000000000e+00
0.0000000000e+00,0.0000000000e+00,5.7000000000e-01,0.0000000000e+00,0.0000000000e+00,0.0000000000e+00,1.0000000000e+00,0.0000000000e+00,0.0000000000e+00,0.0000000000e+00,-1.3000000000e+00,0.0000000000e+00,0.0000000000e+00,0.0000000000e+00,1.3000000000e+00,0.0000000000e+00,0.0000000000e+00,-0.0000000000e+00,0.0000000000e+00,0.0000000000e+00,0.0000000000e+00,-0.0000000000e+00,0.0000000000e+00,-0.0000000000e+00,0.0000000000e+00,0.0000000000e+00,0.0000000000e+00,-0.0000000000e+00,0.0000000000e+00
0.0000000000e+00,0.0000000000e+00,5.7000000000e-01,0.0000000000e+00,0.0000000000e+00,0.0000000000e+00,1.0000000000e+00,0.0000000000e+00,0.0000000000e+00,0.0000000000e+00,-1.3000000000e+00,0.0000000000e+00,0.0000000000e+00,0.0000000000e+00,1.3000000000e+00,0.0000000000e+00,0.0000000000e+00,-0.0000000000e+00,0.0000000000e+00,0.0000000000e+00,0.0000000000e+00,-0.0000000000e+00,0.0000000000e+00,-0.0000000000e+00,0.0000000000e+00,0.0000000000e+00,0.0000000000e+00,-0.0000000000e+00,0.0000000000e+00
0.0000000000e+00,0.0000000000e+00,5.7000000000e-01,0.0000000000e+00,0.0000000000e+00,0.0000000000e+00,1.0000000000e+00,0.0000000000e+00,0.0000000000e+00,0.0000000000e+00,-1.3000000000e+00,0.0000000000e+00,0.0000000000e+00,0.0000000000e+00,1.3000000000e+00,0.0000000000e+00,0.0000000000e+00,-0.0000000000e+00,0.0000000000e+00,0.0000000000e+00,0.0000000000e+00,-0.0000000000e+00,0.0000000000e+00,-0.0000000000e+00,0.0000000000e+00,0.0000000000e+00,0.0000000000e+00,-0.0000000000e+00,0.0000000000e+00
0.0000000000e+00,0.0000000000e+00,5.7000000000e-01,0.0000000000e+00,0.0000000000e+00,0.0000000000e+00,1.0000000000e+00,0.0000000000e+00,0.0000000000e+00,0.0000000000e+00,-1.3000000000e+00,0.0000000000e+00,0.0000000000e+00,0.0000000000e+00,1.3000000000e+00,0.0000000000e+00,0.0000000000e+00,-0.0000000000e+00,0.0000000000e+00,0.0000000000e+00,0.0000000000e+00,-0.0000000000e+00,0.0000000000e+00,-0.0000000000e+00,0.0000000000e+00,0.0000000000e+00,0.0000000000e+00,-0.0000000000e+00,0.0000000000e+00
0.0000000000e+00,0.0000000000e+00,5.7000000000e-01,0.0000000000e+00,0.0000000000e+00,0.0000000000e+00,1.0000000000e+00,0.0000000000e+00,0.0000000000e+00,0.0000000000e+00,-1.3000000000e+00,0.0000000000e+00,0.0000000000e+00,0.0000000000e+00,1.3000000000e+00,0.0000000000e+00,0.0000000000e+00,-0.0000000000e+00,0.0000000000e+00,0.0000000000e+00,0.0000000000e+00,-0.0000000000e+00,0.0000000000e+00,-0.0000000000e+00,0.0000000000e+00,0.0000000000e+00,0.0000000000e+00,-0.0000000000e+00,0.0000000000e+00
0.0000000000e+00,0.0000000000e+00,5.7000000000e-01,0.0000000000e+00,0.0000000000e+00,0.0000000000e+00,1.0000000000e+00,0.0000000000e+00,0.0000000000e+00,0.0000000000e+00,-1.3000000000e+00,0.0000000000e+00,0.0000000000e+00,0.0000000000e+00,1.3000000000e+00,0.0000000000e+00,0.0000000000e+00,-0.0000000000e+00,0.0000000000e+00,0.0000000000e+00,0.0000000000e+00,-0.0000000000e+00,0.0000000000e+00,-0.0000000000e+00,0.0000000000e+00,0.0000000000e+00,0.0000000000e+00,-0.0000000000e+00,0.0000000000e+00
0.0000000000e+00,0.0000000000e+00,5.7000000000e-01,0.0000000000e+00,0.0000000000e+00,0.0000000000e+00,1.0000000000e+00,0.0000000000e+00,0.0000000000e+00,0.0000000000e+00,-1.3000000000e+00,0.0000000000e+00,0.0000000000e+00,0.0000000000e+00,1.3000000000e+00,0.0000000000e+00,0.0000000000e+00,-0.0000000000e+00,0.0000000000e+00,0.0000000000e+00,0.0000000000e+00,-0.0000000000e+00,0.0000000000e+00,-0.0000000000e+00,0.0000000000e+00,0.0000000000e+00,0.0000000000e+00,-0.0000000000e+00,0.0000000000e+00
0.0000000000e+00,0.0000000000e+00,5.7000000000e-01,0.0000000000e+00,0.0000000000e+00,0.0000000000e+00,1.0000000000e+00,0.0000000000e+00,0.0000000000e+00,0.0000000000e+00,-1.3000000000e+00,0.0000000000e+00,0.0000000000e+00,0.0000000000e+00,1.3000000000e+00,0.0000000000e+00,0.0000000000e+00,-0.0000000000e+00,0.0000000000e+00,0.0000000000e+00,0.0000000000e+00,-0.0000000000e+00,0.0000000000e+00,-0.0000000000e+00,0.0000000000e+00,0.0000000000e+00,0.0000000000e+00,-0.0000000000e+00,0.0000000000e+00
0.0000000000e+00,0.0000000000e+00,5.7000000000e-01,0.0000000000e+00,0.0000000000e+00,0.0000000000e+00,1.0000000000e+00,0.0000000000e+00,0.0000000000e+00,0.0000000000e+00,-1.3000000000e+00,0.0000000000e+00,0.0000000000e+00,0.0000000000e+00,1.3000000000e+00,0.0000000000e+00,0.0000000000e+00,-0.0000000000e+00,0.0000000000e+00,0.0000000000e+00,0.0000000000e+00,-0.0000000000e+00,0.0000000000e+00,-0.0000000000e+00,0.0000000000e+00,0.0000000000e+00,0.0000000000e+00,-0.0000000000e+00,0.0000000000e+00
0.0000000000e+00,0.0000000000e+00,5.7000000000e-01,0.0000000000e+00,0.0000000000e+00,0.0000000000e+00,1.0000000000e+00,0.0000000000e+00,0.0000000000e+00,0.0000000000e+00,-1.3000000000e+00,0.0000000000e+00,0.0000000000e+00,0.0000000000e+00,1.3000000000e+00,0.0000000000e+00,0.0000000000e+00,-0.0000000000e+00,0.0000000000e+00,0.0000000000e+00,0.0000000000e+00,-0.0000000000e+00,0.0000000000e+00,-0.0000000000e+00,0.0000000000e+00,0.0000000000e+00,0.0000000000e+00,-0.0000000000e+00,0.0000000000e+00
1.1024643239e-07,0.0000000000e+00,5.7000000451e-01,0.0000000000e+00,0.0000000000e+00,0.0000000000e+00,1.0000000000e+00,0.0000000000e+00,0.0000000000e+00,0.0000000000e+00,-1.3000000000e+00,0.0000000000e+00,0.0000000000e+00,0.0000000000e+00,1.3000000000e+00,0.0000000000e+00,0.0000000000e+00,-2.0533886420e-06,0.0000000000e+00,0.0000000000e+00,4.1067772840e-06,-2.0533886420e-06,0.0000000000e+00,-2.0533886420e-06,0.0000000000e+00,0.0000000000e+00,4.1067772840e-06,-2.0533886420e-06,0.0000000000e+00
8.7313395659e-07,0.0000000000e+00,5.7000003567e-01,0.0000000000e+00,0.0000000000e+00,0.0000000000e+00,1.0000000000e+00,0.0000000000e+00,0.0000000000e+00,0.0000000000e+00,-1.3000000000e+00,0.0000000000e+00,0.0000000000e+00,0.0000000000e+00,1.3000000000e+00,0.0000000000e+00,0.0000000000e+00,-1.6262510617e-05,0.0000000000e+00,0.0000000000e+00,3.2525021235e-05,-1.6262510617e-05,0.0000000000e+00,-1.6262510617e-05,0.0000000000e+00,0.0000000000e+00,3.2525021235e-05,-1.6262510617e-05,0.0000000000e+00
2.9171597309e-06,0.0000000000e+00,5.7000011873e-01,0.0000000000e+00,0.0000000000e+00,0.0000000000e+00,1.0000000000e+00,0.0000000000e+00,0.0000000000e+00,0.0000000000e+00,-1.3000000000e+00,0.0000000000e+00,0.0000000000e+00,0.0000000000e+00,1.3000000000e+00,0.0000000000e+00,0.0000000000e+00,-5.4333440000e-05,0.0000000000e+00,0.0000000000e+00,1.0866688000e-04,-5.4333440000e-05,0.0000000000e+00,-5.4333440000e-05,0.0000000000e+00,0.0000000000e+00,1.0866688000e-04,-5.4333440000e-05,0.0000000000e+00
6.8448024748e-06,0.0000000000e+00,5.7000027655e-01,0.0000000000e+00,0.0000000000e+00,0.0000000000e+00,1.0000000000e+00,0.0000000000e+00,0.0000000000e+00,0.0000000000e+00,-1.3000000000e+00,0.0000000000e+00,0.0000000000e+00,0.0000000000e+00,1.3000000000e+00,0.0000000000e+00,0.0000000000e+00,-1.2748774716e-04,0.0000000000e+00,0.0000000000e+00,2.5497549432e-04,-1.2748774716e-04,0.0000000000e+00,-1.2748774716e-04,0.0000000000e+00,0.0000000000e+00,2.5497549432e-04,-1.2748774716e-04,0.0000000000e+00
1.3232873006e-05,0.0000000000e+00,5.7000052824e-01,0.0000000000e+00,0.0000000000e+00,0.0000000000e+00,1.0000000000e+00,0.0000000000e+00,0.0000000000e+00,0.0000000000e+00,-1.3000000000e+00,0.0000000000e+00,0.0000000000e+00,0.0000000000e+00,1.3000000000e+00,0.0000000000e+00,0.0000000000e+00,-2.4646913580e-04,0.0000000000e+00,0.0000000000e+00,4.9293827160e-04,-2.4646913580e-04,0.0000000000e+00,-2.4646913580e-04,0.0000000000e+00,0.0000000000e+00,4.9293827160e-04,-2.4646913580e-04,0.0000000000e+00
2.2632862930e-05,0.0000000000e+00,5.7000088737e-01,0.0000000000e+00,0.0000000000e+00,0.0000000000e+00,1.0000000000e+00,0.0000000000e+00,0.0000000000e+00,0.0000000000e+00,-1.3000000000e+00,0.0000000000e+00,0.0000000000e+00,0.0000000000e+00,1.3000000000e+00,0.0000000000e+00,0.0000000000e+00,-4.2155008000e-04,0.0000000000e+00,0.0000000000e+00,8.4310016000e-04,-4.2155008000e-04,0.0000000000e+00,-4.2155008000e-04,0.0000000000e+00,0.0000000000e+00,8.4310016000e-04,-4.2155008000e-04,0.0000000000e+00
3.5571291675e-05,0.0000000000e+00,5.7000135979e-01,0.0000000000e+00,0.0000000000e+00,0.0000000000e+00,1.0000000000e+00,0.0000000000e+00,0.0000000000e+00,0.0000000000e+00,-1.3000000000e+00,0.0000000000e+00,0.0000000000e+00,0.0000000000e+00,1.3000000000e+00,0.0000000000e+00,0.0000000000e+00,-6.6253846123e-04,0.0000000000e+00,0.0000000000e+00,1.3250769225e-03,-6.6253846123e-04,0.0000000000e+00,-6.6253846123e-04,0.0000000000e+00,0.0000000000e+00,1.3250769225e-03,-6.6253846123e-04,0.0000000000e+00
5.2550051974e-05,0.0000000000e+00,5.7000194127e-01,0.0000000000e+00,0.0000000000e+00,0.0000000000e+00,1.0000000000e+00,0.0000000000e+00,0.0000000000e+00,0.0000000000e+00,-1.3000000000e+00,0.0000000000e+00,0.0000000000e+00,0.0000000000e+00,1.3000000000e+00,0.0000000000e+00,0.0000000000e+00,-9.7878420543e-04,0.0000000000e+00,0.0000000000e+00,1.9575684109e-03,-9.7878420543e-04,0.0000000000e+00,-9.7878420543e-04,0.0000000000e+00,0.0000000000e+00,1.9575684109e-03,-9.7878420543e-04,0.0000000000e+00
7.4046753835e-05,0.0000000000e+00,5.7000261483e-01,0.0000000000e+00,0.0000000000e+00,0.0000000000e+00,1.0000000000e+00,0.0000000000e+00,0.0000000000e+00,0.0000000000e+00,-1.3000000000e+00,0.0000000000e+00,0.0000000000e+00,0.0000000000e+00,1.3000000000e+00,0.0000000000e+00,0.0000000000e+00,-1.3791859200e-03,0.0000000000e+00,0.0000000000e+00,2.7583718400e-03,-1.3791859200e-03,0.0000000000e+00,-1.3791859200e-03,0.0000000000e+00,0.0000000000e+00,2.7583718400e-03,-1.3791859200e-03,0.0000000000e+00
1.0051506695e-04,0.0000000000e+00,5.7000334800e-01,0.0000000000e+00,0.0000000000e+00,0.0000000000e+00,1.0000000000e+00,0.0000000000e+00,0.0000000000e+00,0.0000000000e+00,-1.3000000000e+00,0.0000000000e+00,0.0000000000e+00,0.0000000000e+00,1.3000000000e+00,0.0000000000e+00,0.0000000000e+00,-1.8721975309e-03,0.0000000000e+00,0.0000000000e+00,3.7443950617e-03,-1.8721975309e-03,0.0000000000e+00,-1.8721975309e-03,0.0000000000e+00,0.0000000000e+00,3.7443950617e-03,-1.8721975309e-03,0.0000000000e+00
1.3238506142e-04,0.0000000000e+00,5.7000408997e-01,0.0000000000e+00,0.0000000000e+00,0.0000000000e+00,1.0000000000e+00,0.0000000000e+00,0.0000000000e+00,0.0000000000e+00,-1.3000000000e+00,0.0000000000e+00,0.0000000000e+00,0.0000000000e+00,1.3000000000e+00,0.0000000000e+00,0.0000000000e+00,-2.4658349195e-03,0.0000000000e+00,0.0000000000e+00,4.9316698390e-03,-2.4658349195e-03,0.0000000000e+00,-2.4658349195e-03,0.0000000000e+00,0.0000000000e+00,4.9316698390e-03,-2.4658349195e-03,0.0000000000e+00
1.7006354669e-04,0.0000000000e+00,5.7000476866e-01,0.0000000000e+00,0.0000000000e+00,0.0000000000e+00,1.0000000000e+00,0.0000000000e+00,0.0000000000e+00,0.0000000000e+00,-1.3000000000e+00,0.0000000000e+00,0.0000000000e+00,0.0000000000e+00,1.3000000000e+00,0.0000000000e+00,0.0000000000e+00,-3.1676825600e-03,0.0000000000e+00,0.0000000000e+00,6.3353651200e-03,-3.1676825600e-03,0.0000000000e+00,-3.1676825600e-03,0.0000000000e+00,0.0000000000e+00,6.3353651200e-03,-3.1676825600e-03,0.0000000000e+00
2.1393440834e-04,0.0000000000e+00,5.7000528785e-01,0.0000000000e+00,0.0000000000e+00,0.0000000000e+00,1.0000000000e+00,0.0000000000e+00,0.0000000000e+00,0.0000000000e+00,-1.3000000000e+00,0.0000000000e+00,0.0000000000e+00,0.0000000000e+00,1.3000000000e+00,0.0000000000e+00,0.0000000000e+00,-3.9849001560e-03,0.0000000000e+00,0.0000000000e+00,7.9698003121e-03,-3.9849001560e-03,0.0000000000e+00,-3.9849001560e-03,0.0000000000e+00,0.0000000000e+00,7.9698003121e-03,-3.9849001560e-03,0.0000000000e+00
2.6435894265e-04,0.0000000000e+00,5.7000552436e-01,0.0000000000e+00,0.0000000000e+00,0.0000000000e+00,1.0000000000e+00,0.0000000000e+00,0.0000000000e+00,0.0000000000e+00,-1.3000000000e+00,0.0000000000e+00,0.0000000000e+00,0.0000000000e+00,1.3000000000e+00,0.0000000000e+00,0.0000000000e+00,-4.9242292780e-03,0.0000000000e+00,0.0000000000e+00,9.8484585560e-03,-4.9242292780e-03,0.0000000000e+00,-4.9242292780e-03,0.0000000000e+00,0.0000000000e+00,9.8484585560e-03,-4.9242292780e-03,0.0000000000e+00
3.2167618854e-04,0.0000000000e+00,5.7000532526e-01,0.0000000000e+00,0.0000000000e+00,0.0000000000e+00,1.0000000000e+00,0.0000000000e+00,0.0000000000e+00,0.0000000000e+00,-1.3000000000e+00,0.0000000000e+00,0.0000000000e+00,0.0000000000e+00,1.3000000000e+00,0.0000000000e+00,0.0000000000e+00,-5.9920000000e-03,0.0000000000e+00,0.0000000000e+00,1.1984000000e-02,-5.9920000000e-03,0.0000000000e+00,-5.9920000000e-03,0.0000000000e+00,0.0000000000e+00,1.1984000000e-02,-5.9920000000e-03,0.0000000000e+00
3.8620325663e-04,0.0000000000e+00,5.7000450528e-01,0.0000000000e+00,0.0000000000e+00,0.0000000000e+00,1.0000000000e+00,0.0000000000e+00,0.0000000000e+00,0.0000000000e+00,-1.3000000000e+00,0.0000000000e+00,0.0000000000e+00,0.0000000000e+00,1.3000000000e+00,0.0000000000e+00,0.0000000000e+00,-7.1941375368e-03,0.0000000000e+00,0.0000000000e+00,1.4388275074e-02,-7.1941375368e-03,0.0000000000e+00,-7.1941375368e-03,0.0000000000e+00,0.0000000000e+00,1.4388275074e-02,-7.1941375368e-03,0.0000000000e+00
4.5823565512e-04,0.0000000000e+00,5.7000284438e-01,0.0000000000e+00,0.0000000000e+00,0.0000000000e+00,1.0000000000e+00,0.0000000000e+00,0.0000000000e+00,0.0000000000e+00,-1.3000000000e+00,0.0000000000e+00,0.0000000000e+00,0.0000000000e+00,1.3000000000e+00,0.0000000000e+00,0.0000000000e+00,-8.5361688810e-03,0.0000000000e+00,0.0000000000e+00,1.7072337762e-02,-8.5361688810e-03,0.0000000000e+00,-8.5361688810e-03,0.0000000000e+00,0.0000000000e+00,1.7072337762e-02,-8.5361688810e-03,0.0000000000e+00
5.3804761230e-04,0.0000000000e+00,5.7000008539e-01,0.0000000000e+00,0.0000000000e+00,0.0000000000e+00,1.0000000000e+00,0.0000000000e+00,0.0000000000e+00,0.0000000000e+00,-1.3000000000e+00,0.0000000000e+00,0.0000000000e+00,0.0000000000e+00,1.3000000000e+00,0.0000000000e+00,0.0000000000e+00,-1.0023229440e-02,0.0000000000e+00,0.0000000000e+00,2.0046458880e-02,-1.0023229440e-02,0.0000000000e+00,-1.0023229440e-02,0.0000000000e+00,0.0000000000e+00,2.0046458880e-02,-1.0023229440e-02,0.0000000000e+00
6.2589239534e-04,0.0000000000e+00,5.6999593205e-01,0.0000000000e+00,0.0000000000e+00,0.0000000000e+00,1.0000000000e+00,0.0000000000e+00,0.0000000000e+00,0.0000000000e+00,-1.3000000000e+00,0.0000000000e+00,0.0000000000e+00,0.0000000000e+00,1.3000000000e+00,0.0000000000e+00,0.0000000000e+00,-1.1660069673e-02,0.0000000000e+00,0.0000000000e+00,2.3320139346e-02,-1.1660069673e-02,0.0000000000e+00,-1.1660069673e-02,0.0000000000e+00,0.0000000000e+00,2.3320139346e-02,-1.1660069673e-02,0.0000000000e+00
7.2200262524e-04,0.0000000000e+00,5.6999004710e-01,0.0000000000e+00,0.0000000000e+00,0.0000000000e+00,1.0000000000e+00,0.0000000000e+00,0.0000000000e+00,0.0000000000e+00,-1.3000000000e+00,0.0000000000e+00,0.0000000000e+00,0.0000000000e+00,1.3000000000e+00,0.0000000000e+00,0.0000000000e+00,-1.3451061728e-02,0.0000000000e+00,0.0000000000e+00,2.6902123457e-02,-1.3451061728e-02,0.0000000000e+00,-1.3451061728e-02,0.0000000000e+00,0.0000000000e+00,2.6902123457e-02,-1.3451061728e-02,0.0000000000e+00
8.2659058771e-04,0.0000000000e+00,5.6998205078e-01,0.0000000000e+00,0.0000000000e+00,0.0000000000e+00,1.0000000000e+00,0.0000000000e+00,0.0000000000e+00,0.0000000000e+00,-1.3000000000e+00,0.0000000000e+00,0.0000000000e+00,0.0000000000e+00,1.3000000000e+00,0.0000000000e+00,0.0000000000e+00,-1.5400206080e-02,0.0000000000e+00,0.0000000000e+00,3.0800412160e-02,-1.5400206080e-02,0.0000000000e+00,-1.5400206080e-02,0.0000000000e+00,0.0000000000e+00,3.0800412160e-02,-1.5400206080e-02,0.0000000000e+00
9.3984854005e-04,0.0000000000e+00,5.6997151946e-01,0.0000000000e+00,0.0000000000e+00,0.0000000000e+00,1.0000000000e+00,0.0000000000e+00,0.0000000000e+00,0.0000000000e+00,-1.3000000000e+00,0.0000000000e+00,0.0000000000e+00,0.0000000000e+00,1.3000000000e+00,0.0000000000e+00,0.0000000000e+00,-1.7511138165e-02,0.0000000000e+00,0.0000000000e+00,3.5022276330e-02,-1.7511138165e-02,0.0000000000e+00,-1.7511138165e-02,0.0000000000e+00,0.0000000000e+00,3.5022276330e-02,-1.7511138165e-02,0.0000000000e+00
1.0619490138e-03,0.0000000000e+00,5.6995798470e-01,0.0000000000e+00,0.0000000000e+00,0.0000000000e+00,1.0000000000e+00,0.0000000000e+00,0.0000000000e+00,0.0000000000e+00,-1.3000000000e+00,0.0000000000e+00,0.0000000000e+00,0.0000000000e+00,1.3000000000e+00,0.0000000000e+00,0.0000000000e+00,-1.9787135020e-02,0.0000000000e+00,0.0000000000e+00,3.9574270040e-02,-1.9787135020e-02,0.0000000000e+00,-1.9787135020e-02,0.0000000000e+00,0.0000000000e+00,3.9574270040e-02,-1.9787135020e-02,0.0000000000e+00
1.1930451132e-03,0.0000000000e+00,5.6994093246e-01,0.0000000000e+00,0.0000000000e+00,0.0000000000e+00,1.0000000000e+00,0.0000000000e+00,0.0000000000e+00,0.0000000000e+00,-1.3000000000e+00,0.0000000000e+00,0.0000000000e+00,0.0000000000e+00,1.3000000000e+00,0.0000000000e+00,0.0000000000e+00,-2.2231121920e-02,0.0000000000e+00,0.0000000000e+00,4.4462243840e-02,-2.2231121920e-02,0.0000000000e+00,-2.2231121920e-02,0.0000000000e+00,0.0000000000e+00,4.4462243840e-02,-2.2231121920e-02,0.0000000000e+00
1.3332708102e-03,0.0000000000e+00,5.6991980270e-01,0.0000000000e+00,0.0000000000e+00,0.0000000000e+00,1.0000000000e+00,0.0000000000e+00,0.0000000000e+00,0.0000000000e+00,-1.3000000000e+00,0.0000000000e+00,0.0000000000e+00,0.0000000000e+00,1.3000000000e+00,0.0000000000e+00,0.0000000000e+00,-2.4845679012e-02,0.0000000000e+00,0.0000000000e+00,4.9691358025e-02,-2.4845679012e-02,0.0000000000e+00,-2.4845679012e-02,0.0000000000e+00,0.0000000000e+00,4.9691358025e-02,-2.4845679012e-02,0.0000000000e+00
1.4827412350e-03,0.0000000000e+00,5.6989398931e-01,0.0000000000e+00,0.0000000000e+00,0.0000000000e+00,1.0000000000e+00,0.0000000000e+00,0.0000000000e+00,0.0000000000e+00,-1.3000000000e+00,0.0000000000e+00,0.0000000000e+00,0.0000000000e+00,1.3000000000e+00,0.0000000000e+00,0.0000000000e+00,-2.7633047957e-02,0.0000000000e+00,0.0000000000e+00,5.5266095913e-02,-2.7633047957e-02,0.0000000000e+00,-2.7633047957e-02,0.0000000000e+00,0.0000000000e+00,5.5266095913e-02,-2.7633047957e-02,0.0000000000e+00
1.6415529639e-03,0.0000000000e+00,5.6986284024e-01,0.0000000000e+00,0.0000000000e+00,0.0000000000e+00,1.0000000000e+00,0.0000000000e+00,0.0000000000e+00,0.0000000000e+00,-1.3000000000e+00,0.0000000000e+00,0.0000000000e+00,0.0000000000e+00,1.3000000000e+00,0.0000000000e+00,0.0000000000e+00,-3.0595138560e-02,0.0000000000e+00,0.0000000000e+00,6.1190277120e-02,-3.0595138560e-02,0.0000000000e+00,-3.0595138560e-02,0.0000000000e+00,0.0000000000e+00,6.1190277120e-02,-3.0595138560e-02,0.0000000000e+00
1.8097843034e-03,0.0000000000e+00,5.6982565811e-01,0.0000000000e+00,0.0000000000e+00,0.0000000000e+00,1.0000000000e+00,0.0000000000e+00,0.0000000000e+00,0.0000000000e+00,-1.3000000000e+00,0.0000000000e+00,0.0000000000e+00,0.0000000000e+00,1.3000000000e+00,0.0000000000e+00,0.0000000000e+00,-3.3733535415e-02,0.0000000000e+00,0.0000000000e+00,6.7467070831e-02,-3.3733535415e-02,0.0000000000e+00,-3.3733535415e-02,0.0000000000e+00,0.0000000000e+00,6.7467070831e-02,-3.3733535415e-02,0.0000000000e+00
1.9874955727e-03,0.0000000000e+00,5.6978170093e-01,0.0000000000e+00,0.0000000000e+00,0.0000000000e+00,1.0000000000e+00,0.0000000000e+00,0.0000000000e+00,0.0000000000e+00,-1.3000000000e+00,0.0000000000e+00,0.0000000000e+00,0.0000000000e+00,1.3000000000e+00,0.0000000000e+00,0.0000000000e+00,-3.7049504537e-02,0.0000000000e+00,0.0000000000e+00,7.4099009075e-02,-3.7049504537e-02,0.0000000000e+00,-3.7049504537e-02,0.0000000000e+00,0.0000000000e+00,7.4099009075e-02,-3.7049504537e-02,0.0000000000e+00
2.1747293828e-03,0.0000000000e+00,5.6973018337e-01,0.0000000000e+00,0.0000000000e+00,0.0000000000e+00,1.0000000000e+00,0.0000000000e+00,0.0000000000e+00,0.0000000000e+00,-1.3000000000e+00,0.0000000000e+00,0.0000000000e+00,0.0000000000e+00,1.3000000000e+00,0.0000000000e+00,0.0000000000e+00,-4.0544000000e-02,0.0000000000e+00,0.0000000000e+00,8.1088000000e-02,-4.0544000000e-02,0.0000000000e+00,-4.0544000000e-02,0.0000000000e+00,0.0000000000e+00,8.1088000000e-02,-4.0544000000e-02,0.0000000000e+00
2.3715109160e-03,0.0000000000e+00,5.6967027811e-01,0.0000000000e+00,0.0000000000e+00,0.0000000000e+00,1.0000000000e+00,0.0000000000e+00,0.0000000000e+00,0.0000000000e+00,-1.3000000000e+00,0.0000000000e+00,0.0000000000e+00,0.0000000000e+00,1.3000000000e+00,0.0000000000e+00,0.0000000000e+00,-4.4217670574e-02,0.0000000000e+00,0.0000000000e+00,8.8435341148e-02,-4.4217670574e-02,0.0000000000e+00,-4.4217670574e-02,0.0000000000e+00,0.0000000000e+00,8.8435341148e-02,-4.4217670574e-02,0.0000000000e+00
2.5778482030e-03,0.0000000000e+00,5.6960111764e-01,0.0000000000e+00,0.0000000000e+00,0.0000000000e+00,1.0000000000e+00,0.0000000000e+00,0.0000000000e+00,0.0000000000e+00,-1.3000000000e+00,0.0000000000e+00,0.0000000000e+00,0.0000000000e+00,1.3000000000e+00,0.0000000000e+00,0.0000000000e+00,-4.8070866362e-02,0.0000000000e+00,0.0000000000e+00,9.6141732725e-02,-4.8070866362e-02,0.0000000000e+00,-4.8070866362e-02,0.0000000000e+00,0.0000000000e+00,9.6141732725e-02,-4.8070866362e-02,0.0000000000e+00
2.7937324017e-03,0.0000000000e+00,5.6952179634e-01,0.0000000000e+00,0.0000000000e+00,0.0000000000e+00,1.0000000000e+00,0.0000000000e+00,0.0000000000e+00,0.0000000000e+00,-1.3000000000e+00,0.0000000000e+00,0.0000000000e+00,0.0000000000e+00,1.3000000000e+00,0.0000000000e+00,0.0000000000e+00,-5.2103645440e-02,0.0000000000e+00,0.0000000000e+00,1.0420729088e-01,-5.2103645440e-02,0.0000000000e+00,-5.2103645440e-02,0.0000000000e+00,0.0000000000e+00,1.0420729088e-01,-5.2103645440e-02,0.0000000000e+00
3.0191380759e-03,0.0000000000e+00,5.6943137276e-01,0.0000000000e+00,0.0000000000e+00,0.0000000000e+00,1.0000000000e+00,0.0000000000e+00,0.0000000000e+00,0.0000000000e+00,-1.3000000000e+00,0.0000000000e+00,0.0000000000e+00,0.0000000000e+00,1.3000000000e+00,0.0000000000e+00,0.0000000000e+00,-5.6315780488e-02,0.0000000000e+00,0.0000000000e+00,1.1263156098e-01,-5.6315780488e-02,0.0000000000e+00,-5.6315780488e-02,0.0000000000e+00,0.0000000000e+00,1.1263156098e-01,-5.6315780488e-02,0.0000000000e+00
3.2540234765e-03,0.0000000000e+00,5.6932887228e-01,0.0000000000e+00,0.0000000000e+00,0.0000000000e+00,1.0000000000e+00,0.0000000000e+00,0.0000000000e+00,0.0000000000e+00,-1.3000000000e+00,0.0000000000e+00,0.0000000000e+00,0.0000000000e+00,1.3000000000e+00,0.0000000000e+00,0.0000000000e+00,-6.0706765432e-02,0.0000000000e+00,0.0000000000e+00,1.2141353086e-01,-6.0706765432e-02,0.0000000000e+00,-6.0706765432e-02,0.0000000000e+00,0.0000000000e+00,1.2141353086e-01,-6.0706765432e-02,0.0000000000e+00
3.4983308254e-03,0.0000000000e+00,5.6921328997e-01,0.0000000000e+00,0.0000000000e+00,0.0000000000e+00,1.0000000000e+00,0.0000000000e+00,0.0000000000e+00,0.0000000000e+00,-1.3000000000e+00,0.0000000000e+00,0.0000000000e+00,0.0000000000e+00,1.3000000000e+00,0.0000000000e+00,0.0000000000e+00,-6.5275822080e-02,0.0000000000e+00,0.0000000000e+00,1.3055164416e-01,-6.5275822080e-02,0.0000000000e+00,-6.5275822080e-02,0.0000000000e+00,0.0000000000e+00,1.3055164416e-01,-6.5275822080e-02,0.0000000000e+00
3.7519866035e-03,0.0000000000e+00,5.6908359374e-01,0.0000000000e+00,0.0000000000e+00,0.0000000000e+00,1.0000000000e+00,0.0000000000e+00,0.0000000000e+00,0.0000000000e+00,-1.3000000000e+00,0.0000000000e+00,0.0000000000e+00,0.0000000000e+00,1.3000000000e+00,0.0000000000e+00,0.0000000000e+00,-7.0021906758e-02,0.0000000000e+00,0.0000000000e+00,1.4004381352e-01,-7.0021906758e-02,0.0000000000e+00,-7.0021906758e-02,0.0000000000e+00,0.0000000000e+00,1.4004381352e-01,-7.0021906758e-02,0.0000000000e+00
4.0149018432e-03,0.0000000000e+00,5.6893872769e-01,0.0000000000e+00,0.0000000000e+00,0.0000000000e+00,1.0000000000e+00,0.0000000000e+00,0.0000000000e+00,0.0000000000e+00,-1.3000000000e+00,0.0000000000e+00,0.0000000000e+00,0.0000000000e+00,1.3000000000e+00,0.0000000000e+00,0.0000000000e+00,-7.4943716946e-02,0.0000000000e+00,0.0000000000e+00,1.4988743389e-01,-7.4943716946e-02,0.0000000000e+00,-7.4943716946e-02,0.0000000000e+00,0.0000000000e+00,1.4988743389e-01,-7.4943716946e-02,0.0000000000e+00
4.2869724276e-03,0.0000000000e+00,5.6877761572e-01,0.0000000000e+00,0.0000000000e+00,0.0000000000e+00,1.0000000000e+00,0.0000000000e+00,0.0000000000e+00,0.0000000000e+00,-1.3000000000e+00,0.0000000000e+00,0.0000000000e+00,0.0000000000e+00,1.3000000000e+00,0.0000000000e+00,0.0000000000e+00,-8.0039697920e-02,0.0000000000e+00,0.0000000000e+00,1.6007939584e-01,-8.0039697920e-02,0.0000000000e+00,-8.0039697920e-02,0.0000000000e+00,0.0000000000e+00,1.6007939584e-01,-8.0039697920e-02,0.0000000000e+00
4.5680793955e-03,0.0000000000e+00,5.6859916535e-01,0.0000000000e+00,0.0000000000e+00,0.0000000000e+00,1.0000000000e+00,0.0000000000e+00,0.0000000000e+00,0.0000000000e+00,-1.3000000000e+00,0.0000000000e+00,0.0000000000e+00,0.0000000000e+00,1.3000000000e+00,0.0000000000e+00,0.0000000000e+00,-8.5308049383e-02,0.0000000000e+00,0.0000000000e+00,1.7061609877e-01,-8.5308049383e-02,0.0000000000e+00,-8.5308049383e-02,0.0000000000e+00,0.0000000000e+00,1.7061609877e-01,-8.5308049383e-02,0.0000000000e+00
4.8580892560e-03,0.0000000000e+00,5.6840227167e-01,0.0000000000e+00,0.0000000000e+00,0.0000000000e+00,1.0000000000e+00,0.0000000000e+00,0.0000000000e+00,0.0000000000e+00,-1.3000000000e+00,0.0000000000e+00,0.0000000000e+00,0.0000000000e+00,1.3000000000e+00,0.0000000000e+00,0.0000000000e+00,-9.0746732105e-02,0.0000000000e+00,0.0000000000e+00,1.8149346421e-01,-9.0746732105e-02,0.0000000000e+00,-9.0746732105e-02,0.0000000000e+00,0.0000000000e+00,1.8149346421e-01,-9.0746732105e-02,0.0000000000e+00
5.1568543109e-03,0.0000000000e+00,5.6818582153e-01,0.0000000000e+00,0.0000000000e+00,0.0000000000e+00,1.0000000000e+00,0.0000000000e+00,0.0000000000e+00,0.0000000000e+00,-1.3000000000e+00,0.0000000000e+00,0.0000000000e+00,0.0000000000e+00,1.3000000000e+00,0.0000000000e+00,0.0000000000e+00,-9.6353474560e-02,0.0000000000e+00,0.0000000000e+00,1.9270694912e-01,-9.6353474560e-02,0.0000000000e+00,-9.6353474560e-02,0.0000000000e+00,0.0000000000e+00,1.9270694912e-01,-9.6353474560e-02,0.0000000000e+00
5.4642129878e-03,0.0000000000e+00,5.6794869786e-01,0.0000000000e+00,0.0000000000e+00,0.0000000000e+00,1.0000000000e+00,0.0000000000e+00,0.0000000000e+00,0.0000000000e+00,-1.3000000000e+00,0.0000000000e+00,0.0000000000e+00,0.0000000000e+00,1.3000000000e+00,0.0000000000e+00,0.0000000000e+00,-1.0212577956e-01,0.0000000000e+00,0.0000000000e+00,2.0425155913e-01,-1.0212577956e-01,0.0000000000e+00,-1.0212577956e-01,0.0000000000e+00,0.0000000000e+00,2.0425155913e-01,-1.0212577956e-01,0.0000000000e+00
5.7799901845e-03,0.0000000000e+00,5.6768978411e-01,0.0000000000e+00,0.0000000000e+00,0.0000000000e+00,1.0000000000e+00,0.0000000000e+00,0.0000000000e+00,0.0000000000e+00,-1.3000000000e+00,0.0000000000e+00,0.0000000000e+00,0.0000000000e+00,1.3000000000e+00,0.0000000000e+00,0.0000000000e+00,-1.0806093091e-01,0.0000000000e+00,0.0000000000e+00,2.1612186182e-01,-1.0806093091e-01,0.0000000000e+00,-1.0806093091e-01,0.0000000000e+00,0.0000000000e+00,2.1612186182e-01,-1.0806093091e-01,0.0000000000e+00
6.1039976245e-03,0.0000000000e+00,5.6740796882e-01,0.0000000000e+00,0.0000000000e+00,0.0000000000e+00,1.0000000000e+00,0.0000000000e+00,0.0000000000e+00,0.0000000000e+00,-1.3000000000e+00,0.0000000000e+00,0.0000000000e+00,0.0000000000e+00,1.3000000000e+00,0.0000000000e+00,0.0000000000e+00,-1.1415600000e-01,0.0000000000e+00,0.0000000000e+00,2.2831200000e-01,-1.1415600000e-01,0.0000000000e+00,-1.1415600000e-01,0.0000000000e+00,0.0000000000e+00,2.2831200000e-01,-1.1415600000e-01,0.0000000000e+00
6.4360342259e-03,0.0000000000e+00,5.6710215029e-01,0.0000000000e+00,0.0000000000e+00,0.0000000000e+00,1.0000000000e+00,0.0000000000e+00,0.0000000000e+00,0.0000000000e+00,-1.3000000000e+00,0.0000000000e+00,0.0000000000e+00,0.0000000000e+00,1.3000000000e+00,0.0000000000e+00,0.0000000000e+00,-1.2040785250e-01,0.0000000000e+00,0.0000000000e+00,2.4081570500e-01,-1.2040785250e-01,0.0000000000e+00,-1.2040785250e-01,0.0000000000e+00,0.0000000000e+00,2.4081570500e-01,-1.2040785250e-01,0.0000000000e+00
6.7758864843e-03,0.0000000000e+00,5.6677124130e-01,0.0000000000e+00,0.0000000000e+00,0.0000000000e+00,1.0000000000e+00,0.0000000000e+00,0.0000000000e+00,0.0000000000e+00,-1.3000000000e+00,0.0000000000e+00,0.0000000000e+00,0.0000000000e+00,1.3000000000e+00,0.0000000000e+00,0.0000000000e+00,-1.2681315496e-01,0.0000000000e+00,0.0000000000e+00,2.5362630991e-01,-1.2681315496e-01,0.0000000000e+00,-1.2681315496e-01,0.0000000000e+00,0.0000000000e+00,2.5362630991e-01,-1.2681315496e-01,0.0000000000e+00
7.1233288689e-03,0.0000000000e+00,5.6641417389e-01,0.0000000000e+00,0.0000000000e+00,0.0000000000e+00,1.0000000000e+00,0.0000000000e+00,0.0000000000e+00,0.0000000000e+00,-1.3000000000e+00,0.0000000000e+00,0.0000000000e+00,0.0000000000e+00,1.3000000000e+00,0.0000000000e+00,0.0000000000e+00,-1.3336838144e-01,0.0000000000e+00,0.0000000000e+00,2.6673676288e-01,-1.3336838144e-01,0.0000000000e+00,-1.3336838144e-01,0.0000000000e+00,0.0000000000e+00,2.6673676288e-01,-1.3336838144e-01,0.0000000000e+00
7.4781242343e-03,0.0000000000e+00,5.6602990419e-01,0.0000000000e+00,0.0000000000e+00,0.0000000000e+00,1.0000000000e+00,0.0000000000e+00,0.0000000000e+00,0.0000000000e+00,-1.3000000000e+00,0.0000000000e+00,0.0000000000e+00,0.0000000000e+00,1.3000000000e+00,0.0000000000e+00,0.0000000000e+00,-1.4006982019e-01,0.0000000000e+00,0.0000000000e+00,2.8013964038e-01,-1.4006982019e-01,0.0000000000e+00,-1.4006982019e-01,0.0000000000e+00,0.0000000000e+00,2.8013964038e-01,-1.4006982019e-01,0.0000000000e+00
7.8400242472e-03,0.0000000000e+00,5.6561741720e-01,0.0000000000e+00,0.0000000000e+00,0.0000000000e+00,1.0000000000e+00,0.0000000000e+00,0.0000000000e+00,0.0000000000e+00,-1.3000000000e+00,0.0000000000e+00,0.0000000000e+00,0.0000000000e+00,1.3000000000e+00,0.0000000000e+00,0.0000000000e+00,-1.4691358025e-01,0.0000000000e+00,0.0000000000e+00,2.9382716049e-01,-1.4691358025e-01,0.0000000000e+00,-1.4691358025e-01,0.0000000000e+00,0.0000000000e+00,2.9382716049e-01,-1.4691358025e-01,0.0000000000e+00
8.2087698292e-03,0.0000000000e+00,5.6517573165e-01,0.0000000000e+00,0.0000000000e+00,0.0000000000e+00,1.0000000000e+00,0.0000000000e+00,0.0000000000e+00,0.0000000000e+00,-1.3000000000e+00,0.0000000000e+00,0.0000000000e+00,0.0000000000e+00,1.3000000000e+00,0.0000000000e+00,0.0000000000e+00,-1.5389559808e-01,0.0000000000e+00,0.0000000000e+00,3.0779119616e-01,-1.5389559808e-01,0.0000000000e+00,-1.5389559808e-01,0.0000000000e+00,0.0000000000e+00,3.0779119616e-01,-1.5389559808e-01,0.0000000000e+00
8.5840916154e-03,0.0000000000e+00,5.6470390473e-01,0.0000000000e+00,0.0000000000e+00,0.0000000000e+00,1.0000000000e+00,0.0000000000e+00,0.0000000000e+00,0.0000000000e+00,-1.3000000000e+00,0.0000000000e+00,0.0000000000e+00,0.0000000000e+00,1.3000000000e+00,0.0000000000e+00,0.0000000000e+00,-1.6101164424e-01,0.0000000000e+00,0.0000000000e+00,3.2202328848e-01,-1.6101164424e-01,0.0000000000e+00,-1.6101164424e-01,0.0000000000e+00,0.0000000000e+00,3.2202328848e-01,-1.6101164424e-01,0.0000000000e+00
8.9657104286e-03,0.0000000000e+00,5.6420103679e-01,0.0000000000e+00,0.0000000000e+00,0.0000000000e+00,1.0000000000e+00,0.0000000000e+00,0.0000000000e+00,0.0000000000e+00,-1.3000000000e+00,0.0000000000e+00,0.0000000000e+00,0.0000000000e+00,1.3000000000e+00,0.0000000000e+00,0.0000000000e+00,-1.6825732998e-01,0.0000000000e+00,0.0000000000e+00,3.3651465997e-01,-1.6825732998e-01,0.0000000000e+00,-1.6825732998e-01,0.0000000000e+00,0.0000000000e+00,3.3651465997e-01,-1.6825732998e-01,0.0000000000e+00
9.3533377708e-03,0.0000000000e+00,5.6366627602e-01,0.0000000000e+00,0.0000000000e+00,0.0000000000e+00,1.0000000000e+00,0.0000000000e+00,0.0000000000e+00,0.0000000000e+00,-1.3000000000e+00,0.0000000000e+00,0.0000000000e+00,0.0000000000e+00,1.3000000000e+00,0.0000000000e+00,0.0000000000e+00,-1.7562811392e-01,0.0000000000e+00,0.0000000000e+00,3.5125622784e-01,-1.7562811392e-01,0.0000000000e+00,-1.7562811392e-01,0.0000000000e+00,0.0000000000e+00,3.5125622784e-01,-1.7562811392e-01,0.0000000000e+00
9.7466763295e-03,0.0000000000e+00,5.6309882291e-01,0.0000000000e+00,0.0000000000e+00,0.0000000000e+00,1.0000000000e+00,0.0000000000e+00,0.0000000000e+00,0.0000000000e+00,-1.3000000000e+00,0.0000000000e+00,0.0000000000e+00,0.0000000000e+00,1.3000000000e+00,0.0000000000e+00,0.0000000000e+00,-1.8311930864e-01,0.0000000000e+00,0.0000000000e+00,3.6623861728e-01,-1.8311930864e-01,0.0000000000e+00,-1.8311930864e-01,0.0000000000e+00,0.0000000000e+00,3.6623861728e-01,-1.8311930864e-01,0.0000000000e+00
1.0145420501e-02,0.0000000000e+00,5.6249793471e-01,0.0000000000e+00,0.0000000000e+00,0.0000000000e+00,1.0000000000e+00,0.0000000000e+00,0.0000000000e+00,0.0000000000e+00,-1.3000000000e+00,0.0000000000e+00,0.0000000000e+00,0.0000000000e+00,1.3000000000e+00,0.0000000000e+00,0.0000000000e+00,-1.9072608736e-01,0.0000000000e+00,0.0000000000e+00,3.8145217473e-01,-1.9072608736e-01,0.0000000000e+00,-1.9072608736e-01,0.0000000000e+00,0.0000000000e+00,3.8145217473e-01,-1.9072608736e-01,0.0000000000e+00
1.0549256926e-02,0.0000000000e+00,5.6186292966e-01,0.0000000000e+00,0.0000000000e+00,0.0000000000e+00,1.0000000000e+00,0.0000000000e+00,0.0000000000e+00,0.0000000000e+00,-1.3000000000e+00,0.0000000000e+00,0.0000000000e+00,0.0000000000e+00,1.3000000000e+00,0.0000000000e+00,0.0000000000e+00,-1.9844349056e-01,0.0000000000e+00,0.0000000000e+00,3.9688698112e-01,-1.9844349056e-01,0.0000000000e+00,-1.9844349056e-01,0.0000000000e+00,0.0000000000e+00,3.9688698112e-01,-1.9844349056e-01,0.0000000000e+00
1.0957865046e-02,0.0000000000e+00,5.6119319110e-01,0.0000000000e+00,0.0000000000e+00,0.0000000000e+00,1.0000000000e+00,0.0000000000e+00,0.0000000000e+00,0.0000000000e+00,-1.3000000000e+00,0.0000000000e+00,0.0000000000e+00,0.0000000000e+00,1.3000000000e+00,0.0000000000e+00,0.0000000000e+00,-2.0626643260e-01,0.0000000000e+00,0.0000000000e+00,4.1253286520e-01,-2.0626643260e-01,0.0000000000e+00,-2.0626643260e-01,0.0000000000e+00,0.0000000000e+00,4.1253286520e-01,-2.0626643260e-01,0.0000000000e+00
1.1370917668e-02,0.0000000000e+00,5.6048817138e-01,0.0000000000e+00,0.0000000000e+00,0.0000000000e+00,1.0000000000e+00,0.0000000000e+00,0.0000000000e+00,0.0000000000e+00,-1.3000000000e+00,0.0000000000e+00,0.0000000000e+00,0.0000000000e+00,1.3000000000e+00,0.0000000000e+00,0.0000000000e+00,-2.1418970839e-01,0.0000000000e+00,0.0000000000e+00,4.2837941678e-01,-2.1418970839e-01,0.0000000000e+00,-2.1418970839e-01,0.0000000000e+00,0.0000000000e+00,4.2837941678e-01,-2.1418970839e-01,0.0000000000e+00
1.1788081541e-02,0.0000000000e+00,5.5974739556e-01,0.0000000000e+00,0.0000000000e+00,0.0000000000e+00,1.0000000000e+00,0.0000000000e+00,0.0000000000e+00,0.0000000000e+00,-1.3000000000e+00,0.0000000000e+00,0.0000000000e+00,0.0000000000e+00,1.3000000000e+00,0.0000000000e+00,0.0000000000e+00,-2.2220800000e-01,0.0000000000e+00,0.0000000000e+00,4.4441600000e-01,-2.2220800000e-01,0.0000000000e+00,-2.2220800000e-01,0.0000000000e+00,0.0000000000e+00,4.4441600000e-01,-2.2220800000e-01,0.0000000000e+00
1.2209017956e-02,0.0000000000e+00,5.5897046491e-01,0.0000000000e+00,0.0000000000e+00,0.0000000000e+00,1.0000000000e+00,0.0000000000e+00,0.0000000000e+00,0.0000000000e+00,-1.3000000000e+00,0.0000000000e+00,0.0000000000e+00,0.0000000000e+00,1.3000000000e+00,0.0000000000e+00,0.0000000000e+00,-2.3031588331e-01,0.0000000000e+00,0.0000000000e+00,4.6063176663e-01,-2.3031588331e-01,0.0000000000e+00,-2.3031588331e-01,0.0000000000e+00,0.0000000000e+00,4.6063176663e-01,-2.3031588331e-01,0.0000000000e+00
1.2633383343e-02,0.0000000000e+00,5.5815706018e-01,0.0000000000e+00,0.0000000000e+00,0.0000000000e+00,1.0000000000e+00,0.0000000000e+00,0.0000000000e+00,0.0000000000e+00,-1.3000000000e+00,0.0000000000e+00,0.0000000000e+00,0.0000000000e+00,1.3000000000e+00,0.0000000000e+00,0.0000000000e+00,-2.3850783466e-01,0.0000000000e+00,0.0000000000e+00,4.7701566932e-01,-2.3850783466e-01,0.0000000000e+00,-2.3850783466e-01,0.0000000000e+00,0.0000000000e+00,4.7701566932e-01,-2.3850783466e-01,0.0000000000e+00
1.3060829886e-02,0.0000000000e+00,5.5730694458e-01,0.0000000000e+00,0.0000000000e+00,0.0000000000e+00,1.0000000000e+00,0.0000000000e+00,0.0000000000e+00,0.0000000000e+00,-1.3000000000e+00,0.0000000000e+00,0.0000000000e+00,0.0000000000e+00,1.3000000000e+00,0.0000000000e+00,0.0000000000e+00,-2.4677823744e-01,0.0000000000e+00,0.0000000000e+00,4.9355647488e-01,-2.4677823744e-01,0.0000000000e+00,-2.4677823744e-01,0.0000000000e+00,0.0000000000e+00,4.9355647488e-01,-2.4677823744e-01,0.0000000000e+00
1.3491006147e-02,0.0000000000e+00,5.5641996650e-01,0.0000000000e+00,0.0000000000e+00,0.0000000000e+00,1.0000000000e+00,0.0000000000e+00,0.0000000000e+00,0.0000000000e+00,-1.3000000000e+00,0.0000000000e+00,0.0000000000e+00,0.0000000000e+00,1.3000000000e+00,0.0000000000e+00,0.0000000000e+00,-2.5512138878e-01,0.0000000000e+00,0.0000000000e+00,5.1024277757e-01,-2.5512138878e-01,0.0000000000e+00,-2.5512138878e-01,0.0000000000e+00,0.0000000000e+00,5.1024277757e-01,-2.5512138878e-01,0.0000000000e+00
1.3923557696e-02,0.0000000000e+00,5.5549606202e-01,0.0000000000e+00,0.0000000000e+00,0.0000000000e+00,1.0000000000e+00,0.0000000000e+00,0.0000000000e+00,0.0000000000e+00,-1.3000000000e+00,0.0000000000e+00,0.0000000000e+00,0.0000000000e+00,1.3000000000e+00,0.0000000000e+00,0.0000000000e+00,-2.6353150617e-01,0.0000000000e+00,0.0000000000e+00,5.2706301235e-01,-2.6353150617e-01,0.0000000000e+00,-2.6353150617e-01,0.0000000000e+00,0.0000000000e+00,5.2706301235e-01,-2.6353150617e-01,0.0000000000e+00
1.4358127739e-02,0.0000000000e+00,5.5453525699e-01,0.0000000000e+00,0.0000000000e+00,0.0000000000e+00,1.0000000000e+00,0.0000000000e+00,0.0000000000e+00,0.0000000000e+00,-1.3000000000e+00,0.0000000000e+00,0.0000000000e+00,0.0000000000e+00,1.3000000000e+00,0.0000000000e+00,0.0000000000e+00,-2.7200273408e-01,0.0000000000e+00,0.0000000000e+00,5.4400546816e-01,-2.7200273408e-01,0.0000000000e+00,-2.7200273408e-01,0.0000000000e+00,0.0000000000e+00,5.4400546816e-01,-2.7200273408e-01,0.0000000000e+00
1.4794357769e-02,0.0000000000e+00,5.5353766894e-01,0.0000000000e+00,0.0000000000e+00,0.0000000000e+00,1.0000000000e+00,0.0000000000e+00,0.0000000000e+00,0.0000000000e+00,-1.3000000000e+00,0.0000000000e+00,0.0000000000e+00,0.0000000000e+00,1.3000000000e+00,0.0000000000e+00,0.0000000000e+00,-2.8052915061e-01,0.0000000000e+00,0.0000000000e+00,5.6105830122e-01,-2.8052915061e-01,0.0000000000e+00,-2.8052915061e-01,0.0000000000e+00,0.0000000000e+00,5.6105830122e-01,-2.8052915061e-01,0.0000000000e+00
1.5231888196e-02,0.0000000000e+00,5.5250350858e-01,0.0000000000e+00,0.0000000000e+00,0.0000000000e+00,1.0000000000e+00,0.0000000000e+00,0.0000000000e+00,0.0000000000e+00,-1.3000000000e+00,0.0000000000e+00,0.0000000000e+00,0.0000000000e+00,1.3000000000e+00,0.0000000000e+00,0.0000000000e+00,-2.8910477413e-01,0.0000000000e+00,0.0000000000e+00,5.7820954826e-01,-2.8910477413e-01,0.0000000000e+00,-2.8910477413e-01,0.0000000000e+00,0.0000000000e+00,5.7820954826e-01,-2.8910477413e-01,0.0000000000e+00
1.5670358997e-02,0.0000000000e+00,5.5143308104e-01,0.0000000000e+00,0.0000000000e+00,0.0000000000e+00,1.0000000000e+00,0.0000000000e+00,0.0000000000e+00,0.0000000000e+00,-1.3000000000e+00,0.0000000000e+00,0.0000000000e+00,0.0000000000e+00,1.3000000000e+00,0.0000000000e+00,0.0000000000e+00,-2.9772356992e-01,0.0000000000e+00,0.0000000000e+00,5.9544713984e-01,-2.9772356992e-01,0.0000000000e+00,-2.9772356992e-01,0.0000000000e+00,0.0000000000e+00,5.9544713984e-01,-2.9772356992e-01,0.0000000000e+00
1.6109410351e-02,0.0000000000e+00,5.5032678672e-01,0.0000000000e+00,0.0000000000e+00,0.0000000000e+00,1.0000000000e+00,0.0000000000e+00,0.0000000000e+00,0.0000000000e+00,-1.3000000000e+00,0.0000000000e+00,0.0000000000e+00,0.0000000000e+00,1.3000000000e+00,0.0000000000e+00,0.0000000000e+00,-3.0637945679e-01,0.0000000000e+00,0.0000000000e+00,6.1275891358e-01,-3.0637945679e-01,0.0000000000e+00,-3.0637945679e-01,0.0000000000e+00,0.0000000000e+00,6.1275891358e-01,-3.0637945679e-01,0.0000000000e+00
1.6548683282e-02,0.0000000000e+00,5.4918512186e-01,0.0000000000e+00,0.0000000000e+00,0.0000000000e+00,1.0000000000e+00,0.0000000000e+00,0.0000000000e+00,0.0000000000e+00,-1.3000000000e+00,0.0000000000e+00,0.0000000000e+00,0.0000000000e+00,1.3000000000e+00,0.0000000000e+00,0.0000000000e+00,-3.1506631373e-01,0.0000000000e+00,0.0000000000e+00,6.3013262747e-01,-3.1506631373e-01,0.0000000000e+00,-3.1506631373e-01,0.0000000000e+00,0.0000000000e+00,6.3013262747e-01,-3.1506631373e-01,0.0000000000e+00
1.6987820288e-02,0.0000000000e+00,5.4800867871e-01,0.0000000000e+00,0.0000000000e+00,0.0000000000e+00,1.0000000000e+00,0.0000000000e+00,0.0000000000e+00,0.0000000000e+00,-1.3000000000e+00,0.0000000000e+00,0.0000000000e+00,0.0000000000e+00,1.3000000000e+00,0.0000000000e+00,0.0000000000e+00,-3.2377798656e-01,0.0000000000e+00,0.0000000000e+00,6.4755597312e-01,-3.2377798656e-01,0.0000000000e+00,-3.2377798656e-01,0.0000000000e+00,0.0000000000e+00,6.4755597312e-01,-3.2377798656e-01,0.0000000000e+00
1.7426465966e-02,0.0000000000e+00,5.4679814541e-01,0.0000000000e+00,0.0000000000e+00,0.0000000000e+00,1.0000000000e+00,0.0000000000e+00,0.0000000000e+00,0.0000000000e+00,-1.3000000000e+00,0.0000000000e+00,0.0000000000e+00,0.0000000000e+00,1.3000000000e+00,0.0000000000e+00,0.0000000000e+00,-3.3250829453e-01,0.0000000000e+00,0.0000000000e+00,6.6501658905e-01,-3.3250829453e-01,0.0000000000e+00,-3.3250829453e-01,0.0000000000e+00,0.0000000000e+00,6.6501658905e-01,-3.3250829453e-01,0.0000000000e+00
1.7864267632e-02,0.0000000000e+00,5.4555430549e-01,0.0000000000e+00,0.0000000000e+00,0.0000000000e+00,1.0000000000e+00,0.0000000000e+00,0.0000000000e+00,0.0000000000e+00,-1.3000000000e+00,0.0000000000e+00,0.0000000000e+00,0.0000000000e+00,1.3000000000e+00,0.0000000000e+00,0.0000000000e+00,-3.4125103698e-01,0.0000000000e+00,0.0000000000e+00,6.8250207396e-01,-3.4125103698e-01,0.0000000000e+00,-3.4125103698e-01,0.0000000000e+00,0.0000000000e+00,6.8250207396e-01,-3.4125103698e-01,0.0000000000e+00
1.8300875921e-02,0.0000000000e+00,5.4427803703e-01,0.0000000000e+00,0.0000000000e+00,0.0000000000e+00,1.0000000000e+00,0.0000000000e+00,0.0000000000e+00,0.0000000000e+00,-1.3000000000e+00,0.0000000000e+00,0.0000000000e+00,0.0000000000e+00,1.3000000000e+00,0.0000000000e+00,0.0000000000e+00,-3.5000000000e-01,0.0000000000e+00,0.0000000000e+00,7.0000000000e-01,-3.5000000000e-01,0.0000000000e+00,-3.5000000000e-01,0.0000000000e+00,0.0000000000e+00,7.0000000000e-01,-3.5000000000e-01,0.0000000000e+00
1.8735945387e-02,0.0000000000e+00,5.4297031149e-01,0.0000000000e+00,0.0000000000e+00,0.0000000000e+00,1.0000000000e+00,0.0000000000e+00,0.0000000000e+00,0.0000000000e+00,-1.3000000000e+00,0.0000000000e+00,0.0000000000e+00,0.0000000000e+00,1.3000000000e+00,0.0000000000e+00,0.0000000000e+00,-3.5874896302e-01,0.0000000000e+00,0.0000000000e+00,7.1749792604e-01,-3.5874896302e-01,0.0000000000e+00,-3.5874896302e-01,0.0000000000e+00,0.0000000000e+00,7.1749792604e-01,-3.5874896302e-01,0.0000000000e+00
1.9169135074e-02,0.0000000000e+00,5.4163219217e-01,0.0000000000e+00,0.0000000000e+00,0.0000000000e+00,1.0000000000e+00,0.0000000000e+00,0.0000000000e+00,0.0000000000e+00,-1.3000000000e+00,0.0000000000e+00,0.0000000000e+00,0.0000000000e+00,1.3000000000e+00,0.0000000000e+00,0.0000000000e+00,-3.6749170547e-01,0.0000000000e+00,0.0000000000e+00,7.3498341095e-01,-3.6749170547e-01,0.0000000000e+00,-3.6749170547e-01,0.0000000000e+00,0.0000000000e+00,7.3498341095e-01,-3.6749170547e-01,0.0000000000e+00
1.9600109083e-02,0.0000000000e+00,5.4026483239e-01,0.0000000000e+00,0.0000000000e+00,0.0000000000e+00,1.0000000000e+00,0.0000000000e+00,0.0000000000e+00,0.0000000000e+00,-1.3000000000e+00,0.0000000000e+00,0.0000000000e+00,0.0000000000e+00,1.3000000000e+00,0.0000000000e+00,0.0000000000e+00,-3.7622201344e-01,0.0000000000e+00,0.0000000000e+00,7.5244402688e-01,-3.7622201344e-01,0.0000000000e+00,-3.7622201344e-01,0.0000000000e+00,0.0000000000e+00,7.5244402688e-01,-3.7622201344e-01,0.0000000000e+00
2.0028537113e-02,0.0000000000e+00,5.3886947325e-01,0.0000000000e+00,0.0000000000e+00,0.0000000000e+00,1.0000000000e+00,0.0000000000e+00,0.0000000000e+00,0.0000000000e+00,-1.3000000000e+00,0.0000000000e+00,0.0000000000e+00,0.0000000000e+00,1.3000000000e+00,0.0000000000e+00,0.0000000000e+00,-3.8493368627e-01,0.0000000000e+00,0.0000000000e+00,7.6986737253e-01,-3.8493368627e-01,0.0000000000e+00,-3.8493368627e-01,0.0000000000e+00,0.0000000000e+00,7.6986737253e-01,-3.8493368627e-01,0.0000000000e+00
2.0454094985e-02,0.0000000000e+00,5.3744744115e-01,0.0000000000e+00,0.0000000000e+00,0.0000000000e+00,1.0000000000e+00,0.0000000000e+00,0.0000000000e+00,0.0000000000e+00,-1.3000000000e+00,0.0000000000e+00,0.0000000000e+00,0.0000000000e+00,1.3000000000e+00,0.0000000000e+00,0.0000000000e+00,-3.9362054321e-01,0.0000000000e+00,0.0000000000e+00,7.8724108642e-01,-3.9362054321e-01,0.0000000000e+00,-3.9362054321e-01,0.0000000000e+00,0.0000000000e+00,7.8724108642e-01,-3.9362054321e-01,0.0000000000e+00
2.0876465143e-02,0.0000000000e+00,5.3600014498e-01,0.0000000000e+00,0.0000000000e+00,0.0000000000e+00,1.0000000000e+00,0.0000000000e+00,0.0000000000e+00,0.0000000000e+00,-1.3000000000e+00,0.0000000000e+00,0.0000000000e+00,0.0000000000e+00,1.3000000000e+00,0.0000000000e+00,0.0000000000e+00,-4.0227643008e-01,0.0000000000e+00,0.0000000000e+00,8.0455286016e-01,-4.0227643008e-01,0.0000000000e+00,-4.0227643008e-01,0.0000000000e+00,0.0000000000e+00,8.0455286016e-01,-4.0227643008e-01,0.0000000000e+00
2.1295337137e-02,0.0000000000e+00,5.3452907295e-01,0.0000000000e+00,0.0000000000e+00,0.0000000000e+00,1.0000000000e+00,0.0000000000e+00,0.0000000000e+00,0.0000000000e+00,-1.3000000000e+00,0.0000000000e+00,0.0000000000e+00,0.0000000000e+00,1.3000000000e+00,0.0000000000e+00,0.0000000000e+00,-4.1089522587e-01,0.0000000000e+00,0.0000000000e+00,8.2179045174e-01,-4.1089522587e-01,0.0000000000e+00,-4.1089522587e-01,0.0000000000e+00,0.0000000000e+00,8.2179045174e-01,-4.1089522587e-01,0.0000000000e+00
2.1710408074e-02,0.0000000000e+00,5.3303578919e-01,0.0000000000e+00,0.0000000000e+00,0.0000000000e+00,1.0000000000e+00,0.0000000000e+00,0.0000000000e+00,0.0000000000e+00,-1.3000000000e+00,0.0000000000e+00,0.0000000000e+00,0.0000000000e+00,1.3000000000e+00,0.0000000000e+00,0.0000000000e+00,-4.1947084939e-01,0.0000000000e+00,0.0000000000e+00,8.3894169878e-01,-4.1947084939e-01,0.0000000000e+00,-4.1947084939e-01,0.0000000000e+00,0.0000000000e+00,8.3894169878e-01,-4.1947084939e-01,0.0000000000e+00
2.2121383052e-02,0.0000000000e+00,5.3152193005e-01,0.0000000000e+00,0.0000000000e+00,0.0000000000e+00,1.0000000000e+00,0.0000000000e+00,0.0000000000e+00,0.0000000000e+00,-1.3000000000e+00,0.0000000000e+00,0.0000000000e+00,0.0000000000e+00,1.3000000000e+00,0.0000000000e+00,0.0000000000e+00,-4.2799726592e-01,0.0000000000e+00,0.0000000000e+00,8.5599453184e-01,-4.2799726592e-01,0.0000000000e+00,-4.2799726592e-01,0.0000000000e+00,0.0000000000e+00,8.5599453184e-01,-4.2799726592e-01,0.0000000000e+00
2.2527975559e-02,0.0000000000e+00,5.2998920008e-01,0.0000000000e+00,0.0000000000e+00,0.0000000000e+00,1.0000000000e+00,0.0000000000e+00,0.0000000000e+00,0.0000000000e+00,-1.3000000000e+00,0.0000000000e+00,0.0000000000e+00,0.0000000000e+00,1.3000000000e+00,0.0000000000e+00,0.0000000000e+00,-4.3646849383e-01,0.0000000000e+00,0.0000000000e+00,8.7293698765e-01,-4.3646849383e-01,0.0000000000e+00,-4.3646849383e-01,0.0000000000e+00,0.0000000000e+00,8.7293698765e-01,-4.3646849383e-01,0.0000000000e+00
2.2929907851e-02,0.0000000000e+00,5.2843936788e-01,0.0000000000e+00,0.0000000000e+00,0.0000000000e+00,1.0000000000e+00,0.0000000000e+00,0.0000000000e+00,0.0000000000e+00,-1.3000000000e+00,0.0000000000e+00,0.0000000000e+00,0.0000000000e+00,1.3000000000e+00,0.0000000000e+00,0.0000000000e+00,-4.4487861122e-01,0.0000000000e+00,0.0000000000e+00,8.8975722243e-01,-4.4487861122e-01,0.0000000000e+00,-4.4487861122e-01,0.0000000000e+00,0.0000000000e+00,8.8975722243e-01,-4.4487861122e-01,0.0000000000e+00
2.3326911301e-02,0.0000000000e+00,5.2687426157e-01,0.0000000000e+00,0.0000000000e+00,0.0000000000e+00,1.0000000000e+00,0.0000000000e+00,0.0000000000e+00,0.0000000000e+00,-1.3000000000e+00,0.0000000000e+00,0.0000000000e+00,0.0000000000e+00,1.3000000000e+00,0.0000000000e+00,0.0000000000e+00,-4.5322176256e-01,0.0000000000e+00,0.0000000000e+00,9.0644352512e-01,-4.5322176256e-01,0.0000000000e+00,-4.5322176256e-01,0.0000000000e+00,0.0000000000e+00,9.0644352512e-01,-4.5322176256e-01,0.0000000000e+00
2.3718726716e-02,0.0000000000e+00,5.2529576411e-01,0.0000000000e+00,0.0000000000e+00,0.0000000000e+00,1.0000000000e+00,0.0000000000e+00,0.0000000000e+00,0.0000000000e+00,-1.3000000000e+00,0.0000000000e+00,0.0000000000e+00,0.0000000000e+00,1.3000000000e+00,0.0000000000e+00,0.0000000000e+00,-4.6149216534e-01,0.0000000000e+00,0.0000000000e+00,9.2298433068e-01,-4.6149216534e-01,0.0000000000e+00,-4.6149216534e-01,0.0000000000e+00,0.0000000000e+00,9.2298433068e-01,-4.6149216534e-01,0.0000000000e+00
2.4105104628e-02,0.0000000000e+00,5.2370580841e-01,0.0000000000e+00,0.0000000000e+00,0.0000000000e+00,1.0000000000e+00,0.0000000000e+00,0.0000000000e+00,0.0000000000e+00,-1.3000000000e+00,0.0000000000e+00,0.0000000000e+00,0.0000000000e+00,1.3000000000e+00,0.0000000000e+00,0.0000000000e+00,-4.6968411669e-01,0.0000000000e+00,0.0000000000e+00,9.3936823337e-01,-4.6968411669e-01,0.0000000000e+00,-4.6968411669e-01,0.0000000000e+00,0.0000000000e+00,9.3936823337e-01,-4.6968411669e-01,0.0000000000e+00
2.4485805555e-02,0.0000000000e+00,5.2210637225e-01,0.0000000000e+00,0.0000000000e+00,0.0000000000e+00,1.0000000000e+00,0.0000000000e+00,0.0000000000e+00,0.0000000000e+00,-1.3000000000e+00,0.0000000000e+00,0.0000000000e+00,0.0000000000e+00,1.3000000000e+00,0.0000000000e+00,0.0000000000e+00,-4.7779200000e-01,0.0000000000e+00,0.0000000000e+00,9.5558400000e-01,-4.7779200000e-01,0.0000000000e+00,-4.7779200000e-01,0.0000000000e+00,0.0000000000e+00,9.5558400000e-01,-4.7779200000e-01,0.0000000000e+00
2.4860600231e-02,0.0000000000e+00,5.2049947299e-01,0.0000000000e+00,0.0000000000e+00,0.0000000000e+00,1.0000000000e+00,0.0000000000e+00,0.0000000000e+00,0.0000000000e+00,-1.3000000000e+00,0.0000000000e+00,0.0000000000e+00,0.0000000000e+00,1.3000000000e+00,0.0000000000e+00,0.0000000000e+00,-4.8581029161e-01,0.0000000000e+00,0.0000000000e+00,9.7162058322e-01,-4.8581029161e-01,0.0000000000e+00,-4.8581029161e-01,0.0000000000e+00,0.0000000000e+00,9.7162058322e-01,-4.8581029161e-01,0.0000000000e+00
2.5229269807e-02,0.0000000000e+00,5.1888716219e-01,0.0000000000e+00,0.0000000000e+00,0.0000000000e+00,1.0000000000e+00,0.0000000000e+00,0.0000000000e+00,0.0000000000e+00,-1.3000000000e+00,0.0000000000e+00,0.0000000000e+00,0.0000000000e+00,1.3000000000e+00,0.0000000000e+00,0.0000000000e+00,-4.9373356740e-01,0.0000000000e+00,0.0000000000e+00,9.8746713480e-01,-4.9373356740e-01,0.0000000000e+00,-4.9373356740e-01,0.0000000000e+00,0.0000000000e+00,9.8746713480e-01,-4.9373356740e-01,0.0000000000e+00
2.5591606027e-02,0.0000000000e+00,5.1727152001e-01,0.0000000000e+00,0.0000000000e+00,0.0000000000e+00,1.0000000000e+00,0.0000000000e+00,0.0000000000e+00,0.0000000000e+00,-1.3000000000e+00,0.0000000000e+00,0.0000000000e+00,0.0000000000e+00,1.3000000000e+00,0.0000000000e+00,0.0000000000e+00,-5.0155650944e-01,0.0000000000e+00,0.0000000000e+00,1.0031130189e+00,-5.0155650944e-01,0.0000000000e+00,-5.0155650944e-01,0.0000000000e+00,0.0000000000e+00,1.0031130189e+00,-5.0155650944e-01,0.0000000000e+00
2.5947411366e-02,0.0000000000e+00,5.1565464958e-01,0.0000000000e+00,0.0000000000e+00,0.0000000000e+00,1.0000000000e+00,0.0000000000e+00,0.0000000000e+00,0.0000000000e+00,-1.3000000000e+00,0.0000000000e+00,0.0000000000e+00,0.0000000000e+00,1.3000000000e+00,0.0000000000e+00,0.0000000000e+00,-5.0927391264e-01,0.0000000000e+00,0.0000000000e+00,1.0185478253e+00,-5.0927391264e-01,0.0000000000e+00,-5.0927391264e-01,0.0000000000e+00,0.0000000000e+00,1.0185478253e+00,-5.0927391264e-01,0.0000000000e+00
2.6296499154e-02,0.0000000000e+00,5.1403867118e-01,0.0000000000e+00,0.0000000000e+00,0.0000000000e+00,1.0000000000e+00,0.0000000000e+00,0.0000000000e+00,0.0000000000e+00,-1.3000000000e+00,0.0000000000e+00,0.0000000000e+00,0.0000000000e+00,1.3000000000e+00,0.0000000000e+00,0.0000000000e+00,-5.1688069136e-01,0.0000000000e+00,0.0000000000e+00,1.0337613827e+00,-5.1688069136e-01,0.0000000000e+00,-5.1688069136e-01,0.0000000000e+00,0.0000000000e+00,1.0337613827e+00,-5.1688069136e-01,0.0000000000e+00
2.6638693657e-02,0.0000000000e+00,5.1242571644e-01,0.0000000000e+00,0.0000000000e+00,0.0000000000e+00,1.0000000000e+00,0.0000000000e+00,0.0000000000e+00,0.0000000000e+00,-1.3000000000e+00,0.0000000000e+00,0.0000000000e+00,0.0000000000e+00,1.3000000000e+00,0.0000000000e+00,0.0000000000e+00,-5.2437188608e-01,0.0000000000e+00,0.0000000000e+00,1.0487437722e+00,-5.2437188608e-01,0.0000000000e+00,-5.2437188608e-01,0.0000000000e+00,0.0000000000e+00,1.0487437722e+00,-5.2437188608e-01,0.0000000000e+00
2.6973830143e-02,0.0000000000e+00,5.1081792237e-01,0.0000000000e+00,0.0000000000e+00,0.0000000000e+00,1.0000000000e+00,0.0000000000e+00,0.0000000000e+00,0.0000000000e+00,-1.3000000000e+00,0.0000000000e+00,0.0000000000e+00,0.0000000000e+00,1.3000000000e+00,0.0000000000e+00,0.0000000000e+00,-5.3174267002e-01,0.0000000000e+00,0.0000000000e+00,1.0634853400e+00,-5.3174267002e-01,0.0000000000e+00,-5.3174267002e-01,0.0000000000e+00,0.0000000000e+00,1.0634853400e+00,-5.3174267002e-01,0.0000000000e+00
2.7301754922e-02,0.0000000000e+00,5.0921742541e-01,0.0000000000e+00,0.0000000000e+00,0.0000000000e+00,1.0000000000e+00,0.0000000000e+00,0.0000000000e+00,0.0000000000e+00,-1.3000000000e+00,0.0000000000e+00,0.0000000000e+00,0.0000000000e+00,1.3000000000e+00,0.0000000000e+00,0.0000000000e+00,-5.3898835576e-01,0.0000000000e+00,0.0000000000e+00,1.0779767115e+00,-5.3898835576e-01,0.0000000000e+00,-5.3898835576e-01,0.0000000000e+00,0.0000000000e+00,1.0779767115e+00,-5.3898835576e-01,0.0000000000e+00
2.7622325356e-02,0.0000000000e+00,5.0762635546e-01,0.0000000000e+00,0.0000000000e+00,0.0000000000e+00,1.0000000000e+00,0.0000000000e+00,0.0000000000e+00,0.0000000000e+00,-1.3000000000e+00,0.0000000000e+00,0.0000000000e+00,0.0000000000e+00,1.3000000000e+00,0.0000000000e+00,0.0000000000e+00,-5.4610440192e-01,0.0000000000e+00,0.0000000000e+00,1.0922088038e+00,-5.4610440192e-01,0.0000000000e+00,-5.4610440192e-01,0.0000000000e+00,0.0000000000e+00,1.0922088038e+00,-5.4610440192e-01,0.0000000000e+00
2.7935409851e-02,0.0000000000e+00,5.0604682982e-01,0.0000000000e+00,0.0000000000e+00,0.0000000000e+00,1.0000000000e+00,0.0000000000e+00,0.0000000000e+00,0.0000000000e+00,-1.3000000000e+00,0.0000000000e+00,0.0000000000e+00,0.0000000000e+00,1.3000000000e+00,0.0000000000e+00,0.0000000000e+00,-5.5308641975e-01,0.0000000000e+00,0.0000000000e+00,1.1061728395e+00,-5.5308641975e-01,0.0000000000e+00,-5.5308641975e-01,0.0000000000e+00,0.0000000000e+00,1.1061728395e+00,-5.5308641975e-01,0.0000000000e+00
2.8240887830e-02,0.0000000000e+00,5.0448094725e-01,0.0000000000e+00,0.0000000000e+00,0.0000000000e+00,1.0000000000e+00,0.0000000000e+00,0.0000000000e+00,0.0000000000e+00,-1.3000000000e+00,0.0000000000e+00,0.0000000000e+00,0.0000000000e+00,1.3000000000e+00,0.0000000000e+00,0.0000000000e+00,-5.5993017981e-01,0.0000000000e+00,0.0000000000e+00,1.1198603596e+00,-5.5993017981e-01,0.0000000000e+00,-5.5993017981e-01,0.0000000000e+00,0.0000000000e+00,1.1198603596e+00,-5.5993017981e-01,0.0000000000e+00
2.8538649685e-02,0.0000000000e+00,5.0293078198e-01,0.0000000000e+00,0.0000000000e+00,0.0000000000e+00,1.0000000000e+00,0.0000000000e+00,0.0000000000e+00,0.0000000000e+00,-1.3000000000e+00,0.0000000000e+00,0.0000000000e+00,0.0000000000e+00,1.3000000000e+00,0.0000000000e+00,0.0000000000e+00,-5.6663161856e-01,0.0000000000e+00,0.0000000000e+00,1.1332632371e+00,-5.6663161856e-01,0.0000000000e+00,-5.6663161856e-01,0.0000000000e+00,0.0000000000e+00,1.1332632371e+00,-5.6663161856e-01,0.0000000000e+00
2.8828596709e-02,0.0000000000e+00,5.0139837773e-01,0.0000000000e+00,0.0000000000e+00,0.0000000000e+00,1.0000000000e+00,0.0000000000e+00,0.0000000000e+00,0.0000000000e+00,-1.3000000000e+00,0.0000000000e+00,0.0000000000e+00,0.0000000000e+00,1.3000000000e+00,0.0000000000e+00,0.0000000000e+00,-5.7318684504e-01,0.0000000000e+00,0.0000000000e+00,1.1463736901e+00,-5.7318684504e-01,0.0000000000e+00,-5.7318684504e-01,0.0000000000e+00,0.0000000000e+00,1.1463736901e+00,-5.7318684504e-01,0.0000000000e+00
2.9110641020e-02,0.0000000000e+00,4.9988574191e-01,0.0000000000e+00,0.0000000000e+00,0.0000000000e+00,1.0000000000e+00,0.0000000000e+00,0.0000000000e+00,0.0000000000e+00,-1.3000000000e+00,0.0000000000e+00,0.0000000000e+00,0.0000000000e+00,1.3000000000e+00,0.0000000000e+00,0.0000000000e+00,-5.7959214750e-01,0.0000000000e+00,0.0000000000e+00,1.1591842950e+00,-5.7959214750e-01,0.0000000000e+00,-5.7959214750e-01,0.0000000000e+00,0.0000000000e+00,1.1591842950e+00,-5.7959214750e-01,0.0000000000e+00
2.9384705464e-02,0.0000000000e+00,4.9839483973e-01,0.0000000000e+00,0.0000000000e+00,0.0000000000e+00,1.0000000000e+00,0.0000000000e+00,0.0000000000e+00,0.0000000000e+00,-1.3000000000e+00,0.0000000000e+00,0.0000000000e+00,0.0000000000e+00,1.3000000000e+00,0.0000000000e+00,0.0000000000e+00,-5.8584400000e-01,0.0000000000e+00,0.0000000000e+00,1.1716880000e+00,-5.8584400000e-01,0.0000000000e+00,-5.8584400000e-01,0.0000000000e+00,0.0000000000e+00,1.1716880000e+00,-5.8584400000e-01,0.0000000000e+00
2.9650723516e-02,0.0000000000e+00,4.9692758855e-01,0.0000000000e+00,0.0000000000e+00,0.0000000000e+00,1.0000000000e+00,0.0000000000e+00,0.0000000000e+00,0.0000000000e+00,-1.3000000000e+00,0.0000000000e+00,0.0000000000e+00,0.0000000000e+00,1.3000000000e+00,0.0000000000e+00,0.0000000000e+00,-5.9193906909e-01,0.0000000000e+00,0.0000000000e+00,1.1838781382e+00,-5.9193906909e-01,0.0000000000e+00,-5.9193906909e-01,0.0000000000e+00,0.0000000000e+00,1.1838781382e+00,-5.9193906909e-01,0.0000000000e+00
2.9908639162e-02,0.0000000000e+00,4.9548585220e-01,0.0000000000e+00,0.0000000000e+00,0.0000000000e+00,1.0000000000e+00,0.0000000000e+00,0.0000000000e+00,0.0000000000e+00,-1.3000000000e+00,0.0000000000e+00,0.0000000000e+00,0.0000000000e+00,1.3000000000e+00,0.0000000000e+00,0.0000000000e+00,-5.9787422044e-01,0.0000000000e+00,0.0000000000e+00,1.1957484409e+00,-5.9787422044e-01,0.0000000000e+00,-5.9787422044e-01,0.0000000000e+00,0.0000000000e+00,1.1957484409e+00,-5.9787422044e-01,0.0000000000e+00
3.0158406785e-02,0.0000000000e+00,4.9407143549e-01,0.0000000000e+00,0.0000000000e+00,0.0000000000e+00,1.0000000000e+00,0.0000000000e+00,0.0000000000e+00,0.0000000000e+00,-1.3000000000e+00,0.0000000000e+00,0.0000000000e+00,0.0000000000e+00,1.3000000000e+00,0.0000000000e+00,0.0000000000e+00,-6.0364652544e-01,0.0000000000e+00,0.0000000000e+00,1.2072930509e+00,-6.0364652544e-01,0.0000000000e+00,-6.0364652544e-01,0.0000000000e+00,0.0000000000e+00,1.2072930509e+00,-6.0364652544e-01,0.0000000000e+00
3.0399991038e-02,0.0000000000e+00,4.9268607881e-01,0.0000000000e+00,0.0000000000e+00,0.0000000000e+00,1.0000000000e+00,0.0000000000e+00,0.0000000000e+00,0.0000000000e+00,-1.3000000000e+00,0.0000000000e+00,0.0000000000e+00,0.0000000000e+00,1.3000000000e+00,0.0000000000e+00,0.0000000000e+00,-6.0925326790e-01,0.0000000000e+00,0.0000000000e+00,1.2185065358e+00,-6.0925326790e-01,0.0000000000e+00,-6.0925326790e-01,0.0000000000e+00,0.0000000000e+00,1.2185065358e+00,-6.0925326790e-01,0.0000000000e+00
3.0633366724e-02,0.0000000000e+00,4.9133145290e-01,0.0000000000e+00,0.0000000000e+00,0.0000000000e+00,1.0000000000e+00,0.0000000000e+00,0.0000000000e+00,0.0000000000e+00,-1.3000000000e+00,0.0000000000e+00,0.0000000000e+00,0.0000000000e+00,1.3000000000e+00,0.0000000000e+00,0.0000000000e+00,-6.1469195062e-01,0.0000000000e+00,0.0000000000e+00,1.2293839012e+00,-6.1469195062e-01,0.0000000000e+00,-6.1469195062e-01,0.0000000000e+00,0.0000000000e+00,1.2293839012e+00,-6.1469195062e-01,0.0000000000e+00
3.0858518669e-02,0.0000000000e+00,4.9000915373e-01,0.0000000000e+00,0.0000000000e+00,0.0000000000e+00,1.0000000000e+00,0.0000000000e+00,0.0000000000e+00,0.0000000000e+00,-1.3000000000e+00,0.0000000000e+00,0.0000000000e+00,0.0000000000e+00,1.3000000000e+00,0.0000000000e+00,0.0000000000e+00,-6.1996030208e-01,0.0000000000e+00,0.0000000000e+00,1.2399206042e+00,-6.1996030208e-01,0.0000000000e+00,-6.1996030208e-01,0.0000000000e+00,0.0000000000e+00,1.2399206042e+00,-6.1996030208e-01,0.0000000000e+00
3.1075441605e-02,0.0000000000e+00,4.8872069752e-01,0.0000000000e+00,0.0000000000e+00,0.0000000000e+00,1.0000000000e+00,0.0000000000e+00,0.0000000000e+00,0.0000000000e+00,-1.3000000000e+00,0.0000000000e+00,0.0000000000e+00,0.0000000000e+00,1.3000000000e+00,0.0000000000e+00,0.0000000000e+00,-6.2505628305e-01,0.0000000000e+00,0.0000000000e+00,1.2501125661e+00,-6.2505628305e-01,0.0000000000e+00,-6.2505628305e-01,0.0000000000e+00,0.0000000000e+00,1.2501125661e+00,-6.2505628305e-01,0.0000000000e+00
3.1284140050e-02,0.0000000000e+00,4.8746751604e-01,0.0000000000e+00,0.0000000000e+00,0.0000000000e+00,1.0000000000e+00,0.0000000000e+00,0.0000000000e+00,0.0000000000e+00,-1.3000000000e+00,0.0000000000e+00,0.0000000000e+00,0.0000000000e+00,1.3000000000e+00,0.0000000000e+00,0.0000000000e+00,-6.2997809324e-01,0.0000000000e+00,0.0000000000e+00,1.2599561865e+00,-6.2997809324e-01,0.0000000000e+00,-6.2997809324e-01,0.0000000000e+00,0.0000000000e+00,1.2599561865e+00,-6.2997809324e-01,0.0000000000e+00
3.1484628209e-02,0.0000000000e+00,4.8625095191e-01,0.0000000000e+00,0.0000000000e+00,0.0000000000e+00,1.0000000000e+00,0.0000000000e+00,0.0000000000e+00,0.0000000000e+00,-1.3000000000e+00,0.0000000000e+00,0.0000000000e+00,0.0000000000e+00,1.3000000000e+00,0.0000000000e+00,0.0000000000e+00,-6.3472417792e-01,0.0000000000e+00,0.0000000000e+00,1.2694483558e+00,-6.3472417792e-01,0.0000000000e+00,-6.3472417792e-01,0.0000000000e+00,0.0000000000e+00,1.2694483558e+00,-6.3472417792e-01,0.0000000000e+00
3.1676929870e-02,0.0000000000e+00,4.8507225425e-01,0.0000000000e+00,0.0000000000e+00,0.0000000000e+00,1.0000000000e+00,0.0000000000e+00,0.0000000000e+00,0.0000000000e+00,-1.3000000000e+00,0.0000000000e+00,0.0000000000e+00,0.0000000000e+00,1.3000000000e+00,0.0000000000e+00,0.0000000000e+00,-6.3929323457e-01,0.0000000000e+00,0.0000000000e+00,1.2785864691e+00,-6.3929323457e-01,0.0000000000e+00,-6.3929323457e-01,0.0000000000e+00,0.0000000000e+00,1.2785864691e+00,-6.3929323457e-01,0.0000000000e+00
3.1861078325e-02,0.0000000000e+00,4.8393257439e-01,0.0000000000e+00,0.0000000000e+00,0.0000000000e+00,1.0000000000e+00,0.0000000000e+00,0.0000000000e+00,0.0000000000e+00,-1.3000000000e+00,0.0000000000e+00,0.0000000000e+00,0.0000000000e+00,1.3000000000e+00,0.0000000000e+00,0.0000000000e+00,-6.4368421951e-01,0.0000000000e+00,0.0000000000e+00,1.2873684390e+00,-6.4368421951e-01,0.0000000000e+00,-6.4368421951e-01,0.0000000000e+00,0.0000000000e+00,1.2873684390e+00,-6.4368421951e-01,0.0000000000e+00
3.2037116296e-02,0.0000000000e+00,4.8283296190e-01,0.0000000000e+00,0.0000000000e+00,0.0000000000e+00,1.0000000000e+00,0.0000000000e+00,0.0000000000e+00,0.0000000000e+00,-1.3000000000e+00,0.0000000000e+00,0.0000000000e+00,0.0000000000e+00,1.3000000000e+00,0.0000000000e+00,0.0000000000e+00,-6.4789635456e-01,0.0000000000e+00,0.0000000000e+00,1.2957927091e+00,-6.4789635456e-01,0.0000000000e+00,-6.4789635456e-01,0.0000000000e+00,0.0000000000e+00,1.2957927091e+00,-6.4789635456e-01,0.0000000000e+00
3.2205095886e-02,0.0000000000e+00,4.8177436071e-01,0.0000000000e+00,0.0000000000e+00,0.0000000000e+00,1.0000000000e+00,0.0000000000e+00,0.0000000000e+00,0.0000000000e+00,-1.3000000000e+00,0.0000000000e+00,0.0000000000e+00,0.0000000000e+00,1.3000000000e+00,0.0000000000e+00,0.0000000000e+00,-6.5192913364e-01,0.0000000000e+00,0.0000000000e+00,1.3038582673e+00,-6.5192913364e-01,0.0000000000e+00,-6.5192913364e-01,0.0000000000e+00,0.0000000000e+00,1.3038582673e+00,-6.5192913364e-01,0.0000000000e+00
3.2365078545e-02,0.0000000000e+00,4.8075760549e-01,0.0000000000e+00,0.0000000000e+00,0.0000000000e+00,1.0000000000e+00,0.0000000000e+00,0.0000000000e+00,0.0000000000e+00,-1.3000000000e+00,0.0000000000e+00,0.0000000000e+00,0.0000000000e+00,1.3000000000e+00,0.0000000000e+00,0.0000000000e+00,-6.5578232943e-01,0.0000000000e+00,0.0000000000e+00,1.3115646589e+00,-6.5578232943e-01,0.0000000000e+00,-6.5578232943e-01,0.0000000000e+00,0.0000000000e+00,1.3115646589e+00,-6.5578232943e-01,0.0000000000e+00
3.2517135053e-02,0.0000000000e+00,4.7978341828e-01,0.0000000000e+00,0.0000000000e+00,0.0000000000e+00,1.0000000000e+00,0.0000000000e+00,0.0000000000e+00,0.0000000000e+00,-1.3000000000e+00,0.0000000000e+00,0.0000000000e+00,0.0000000000e+00,1.3000000000e+00,0.0000000000e+00,0.0000000000e+00,-6.5945600000e-01,0.0000000000e+00,0.0000000000e+00,1.3189120000e+00,-6.5945600000e-01,0.0000000000e+00,-6.5945600000e-01,0.0000000000e+00,0.0000000000e+00,1.3189120000e+00,-6.5945600000e-01,0.0000000000e+00
3.2661345530e-02,0.0000000000e+00,4.7885240526e-01,0.0000000000e+00,0.0000000000e+00,0.0000000000e+00,1.0000000000e+00,0.0000000000e+00,0.0000000000e+00,0.0000000000e+00,-1.3000000000e+00,0.0000000000e+00,0.0000000000e+00,0.0000000000e+00,1.3000000000e+00,0.0000000000e+00,0.0000000000e+00,-6.6295049546e-01,0.0000000000e+00,0.0000000000e+00,1.3259009909e+00,-6.6295049546e-01,0.0000000000e+00,-6.6295049546e-01,0.0000000000e+00,0.0000000000e+00,1.3259009909e+00,-6.6295049546e-01,0.0000000000e+00
3.2797799470e-02,0.0000000000e+00,4.7796505380e-01,0.0000000000e+00,0.0000000000e+00,0.0000000000e+00,1.0000000000e+00,0.0000000000e+00,0.0000000000e+00,0.0000000000e+00,-1.3000000000e+00,0.0000000000e+00,0.0000000000e+00,0.0000000000e+00,1.3000000000e+00,0.0000000000e+00,0.0000000000e+00,-6.6626646458e-01,0.0000000000e+00,0.0000000000e+00,1.3325329292e+00,-6.6626646458e-01,0.0000000000e+00,-6.6626646458e-01,0.0000000000e+00,0.0000000000e+00,1.3325329292e+00,-6.6626646458e-01,0.0000000000e+00
3.2926595797e-02,0.0000000000e+00,4.7712172969e-01,0.0000000000e+00,0.0000000000e+00,0.0000000000e+00,1.0000000000e+00,0.0000000000e+00,0.0000000000e+00,0.0000000000e+00,-1.3000000000e+00,0.0000000000e+00,0.0000000000e+00,0.0000000000e+00,1.3000000000e+00,0.0000000000e+00,0.0000000000e+00,-6.6940486144e-01,0.0000000000e+00,0.0000000000e+00,1.3388097229e+00,-6.6940486144e-01,0.0000000000e+00,-6.6940486144e-01,0.0000000000e+00,0.0000000000e+00,1.3388097229e+00,-6.6940486144e-01,0.0000000000e+00
3.3047842948e-02,0.0000000000e+00,4.7632267463e-01,0.0000000000e+00,0.0000000000e+00,0.0000000000e+00,1.0000000000e+00,0.0000000000e+00,0.0000000000e+00,0.0000000000e+00,-1.3000000000e+00,0.0000000000e+00,0.0000000000e+00,0.0000000000e+00,1.3000000000e+00,0.0000000000e+00,0.0000000000e+00,-6.7236695204e-01,0.0000000000e+00,0.0000000000e+00,1.3447339041e+00,-6.7236695204e-01,0.0000000000e+00,-6.7236695204e-01,0.0000000000e+00,0.0000000000e+00,1.3447339041e+00,-6.7236695204e-01,0.0000000000e+00
3.3161658986e-02,0.0000000000e+00,4.7556800391e-01,0.0000000000e+00,0.0000000000e+00,0.0000000000e+00,1.0000000000e+00,0.0000000000e+00,0.0000000000e+00,0.0000000000e+00,-1.3000000000e+00,0.0000000000e+00,0.0000000000e+00,0.0000000000e+00,1.3000000000e+00,0.0000000000e+00,0.0000000000e+00,-6.7515432099e-01,0.0000000000e+00,0.0000000000e+00,1.3503086420e+00,-6.7515432099e-01,0.0000000000e+00,-6.7515432099e-01,0.0000000000e+00,0.0000000000e+00,1.3503086420e+00,-6.7515432099e-01,0.0000000000e+00
3.3268171737e-02,0.0000000000e+00,4.7485770435e-01,0.0000000000e+00,0.0000000000e+00,0.0000000000e+00,1.0000000000e+00,0.0000000000e+00,0.0000000000e+00,0.0000000000e+00,-1.3000000000e+00,0.0000000000e+00,0.0000000000e+00,0.0000000000e+00,1.3000000000e+00,0.0000000000e+00,0.0000000000e+00,-6.7776887808e-01,0.0000000000e+00,0.0000000000e+00,1.3555377562e+00,-6.7776887808e-01,0.0000000000e+00,-6.7776887808e-01,0.0000000000e+00,0.0000000000e+00,1.3555377562e+00,-6.7776887808e-01,0.0000000000e+00
3.3367518962e-02,0.0000000000e+00,4.7419163239e-01,0.0000000000e+00,0.0000000000e+00,0.0000000000e+00,1.0000000000e+00,0.0000000000e+00,0.0000000000e+00,0.0000000000e+00,-1.3000000000e+00,0.0000000000e+00,0.0000000000e+00,0.0000000000e+00,1.3000000000e+00,0.0000000000e+00,0.0000000000e+00,-6.8021286498e-01,0.0000000000e+00,0.0000000000e+00,1.3604257300e+00,-6.8021286498e-01,0.0000000000e+00,-6.8021286498e-01,0.0000000000e+00,0.0000000000e+00,1.3604257300e+00,-6.8021286498e-01,0.0000000000e+00
3.3459848549e-02,0.0000000000e+00,4.7356951253e-01,0.0000000000e+00,0.0000000000e+00,0.0000000000e+00,1.0000000000e+00,0.0000000000e+00,0.0000000000e+00,0.0000000000e+00,-1.3000000000e+00,0.0000000000e+00,0.0000000000e+00,0.0000000000e+00,1.3000000000e+00,0.0000000000e+00,0.0000000000e+00,-6.8248886184e-01,0.0000000000e+00,0.0000000000e+00,1.3649777237e+00,-6.8248886184e-01,0.0000000000e+00,-6.8248886184e-01,0.0000000000e+00,0.0000000000e+00,1.3649777237e+00,-6.8248886184e-01,0.0000000000e+00
3.3545318745e-02,0.0000000000e+00,4.7299093584e-01,0.0000000000e+00,0.0000000000e+00,0.0000000000e+00,1.0000000000e+00,0.0000000000e+00,0.0000000000e+00,0.0000000000e+00,-1.3000000000e+00,0.0000000000e+00,0.0000000000e+00,0.0000000000e+00,1.3000000000e+00,0.0000000000e+00,0.0000000000e+00,-6.8459979392e-01,0.0000000000e+00,0.0000000000e+00,1.3691995878e+00,-6.8459979392e-01,0.0000000000e+00,-6.8459979392e-01,0.0000000000e+00,0.0000000000e+00,1.3691995878e+00,-6.8459979392e-01,0.0000000000e+00
3.3624098408e-02,0.0000000000e+00,4.7245535877e-01,0.0000000000e+00,0.0000000000e+00,0.0000000000e+00,1.0000000000e+00,0.0000000000e+00,0.0000000000e+00,0.0000000000e+00,-1.3000000000e+00,0.0000000000e+00,0.0000000000e+00,0.0000000000e+00,1.3000000000e+00,0.0000000000e+00,0.0000000000e+00,-6.8654893827e-01,0.0000000000e+00,0.0000000000e+00,1.3730978765e+00,-6.8654893827e-01,0.0000000000e+00,-6.8654893827e-01,0.0000000000e+00,0.0000000000e+00,1.3730978765e+00,-6.8654893827e-01,0.0000000000e+00
3.3696367292e-02,0.0000000000e+00,4.7196210212e-01,0.0000000000e+00,0.0000000000e+00,0.0000000000e+00,1.0000000000e+00,0.0000000000e+00,0.0000000000e+00,0.0000000000e+00,-1.3000000000e+00,0.0000000000e+00,0.0000000000e+00,0.0000000000e+00,1.3000000000e+00,0.0000000000e+00,0.0000000000e+00,-6.8833993033e-01,0.0000000000e+00,0.0000000000e+00,1.3766798607e+00,-6.8833993033e-01,0.0000000000e+00,-6.8833993033e-01,0.0000000000e+00,0.0000000000e+00,1.3766798607e+00,-6.8833993033e-01,0.0000000000e+00
3.3762316364e-02,0.0000000000e+00,4.7151035029e-01,0.0000000000e+00,0.0000000000e+00,0.0000000000e+00,1.0000000000e+00,0.0000000000e+00,0.0000000000e+00,0.0000000000e+00,-1.3000000000e+00,0.0000000000e+00,0.0000000000e+00,0.0000000000e+00,1.3000000000e+00,0.0000000000e+00,0.0000000000e+00,-6.8997677056e-01,0.0000000000e+00,0.0000000000e+00,1.3799535411e+00,-6.8997677056e-01,0.0000000000e+00,-6.8997677056e-01,0.0000000000e+00,0.0000000000e+00,1.3799535411e+00,-6.8997677056e-01,0.0000000000e+00
3.3822148138e-02,0.0000000000e+00,4.7109915061e-01,0.0000000000e+00,0.0000000000e+00,0.0000000000e+00,1.0000000000e+00,0.0000000000e+00,0.0000000000e+00,0.0000000000e+00,-1.3000000000e+00,0.0000000000e+00,0.0000000000e+00,0.0000000000e+00,1.3000000000e+00,0.0000000000e+00,0.0000000000e+00,-6.9146383112e-01,0.0000000000e+00,0.0000000000e+00,1.3829276622e+00,-6.9146383112e-01,0.0000000000e+00,-6.9146383112e-01,0.0000000000e+00,0.0000000000e+00,1.3829276622e+00,-6.9146383112e-01,0.0000000000e+00
3.3876077046e-02,0.0000000000e+00,4.7072741290e-01,0.0000000000e+00,0.0000000000e+00,0.0000000000e+00,1.0000000000e+00,0.0000000000e+00,0.0000000000e+00,0.0000000000e+00,-1.3000000000e+00,0.0000000000e+00,0.0000000000e+00,0.0000000000e+00,1.3000000000e+00,0.0000000000e+00,0.0000000000e+00,-6.9280586246e-01,0.0000000000e+00,0.0000000000e+00,1.3856117249e+00,-6.9280586246e-01,0.0000000000e+00,-6.9280586246e-01,0.0000000000e+00,0.0000000000e+00,1.3856117249e+00,-6.9280586246e-01,0.0000000000e+00
3.3924329829e-02,0.0000000000e+00,4.7039390926e-01,0.0000000000e+00,0.0000000000e+00,0.0000000000e+00,1.0000000000e+00,0.0000000000e+00,0.0000000000e+00,0.0000000000e+00,-1.3000000000e+00,0.0000000000e+00,0.0000000000e+00,0.0000000000e+00,1.3000000000e+00,0.0000000000e+00,0.0000000000e+00,-6.9400800000e-01,0.0000000000e+00,0.0000000000e+00,1.3880160000e+00,-6.9400800000e-01,0.0000000000e+00,-6.9400800000e-01,0.0000000000e+00,0.0000000000e+00,1.3880160000e+00,-6.9400800000e-01,0.0000000000e+00
3.3967145946e-02,0.0000000000e+00,4.7009727389e-01,0.0000000000e+00,0.0000000000e+00,0.0000000000e+00,1.0000000000e+00,0.0000000000e+00,0.0000000000e+00,0.0000000000e+00,-1.3000000000e+00,0.0000000000e+00,0.0000000000e+00,0.0000000000e+00,1.3000000000e+00,0.0000000000e+00,0.0000000000e+00,-6.9507577072e-01,0.0000000000e+00,0.0000000000e+00,1.3901515414e+00,-6.9507577072e-01,0.0000000000e+00,-6.9507577072e-01,0.0000000000e+00,0.0000000000e+00,1.3901515414e+00,-6.9507577072e-01,0.0000000000e+00
3.4004778017e-02,0.0000000000e+00,4.6983600314e-01,0.0000000000e+00,0.0000000000e+00,0.0000000000e+00,1.0000000000e+00,0.0000000000e+00,0.0000000000e+00,0.0000000000e+00,-1.3000000000e+00,0.0000000000e+00,0.0000000000e+00,0.0000000000e+00,1.3000000000e+00,0.0000000000e+00,0.0000000000e+00,-6.9601509984e-01,0.0000000000e+00,0.0000000000e+00,1.3920301997e+00,-6.9601509984e-01,0.0000000000e+00,-6.9601509984e-01,0.0000000000e+00,0.0000000000e+00,1.3920301997e+00,-6.9601509984e-01,0.0000000000e+00
3.4037492270e-02,0.0000000000e+00,4.6960845570e-01,0.0000000000e+00,0.0000000000e+00,0.0000000000e+00,1.0000000000e+00,0.0000000000e+00,0.0000000000e+00,0.0000000000e+00,-1.3000000000e+00,0.0000000000e+00,0.0000000000e+00,0.0000000000e+00,1.3000000000e+00,0.0000000000e+00,0.0000000000e+00,-6.9683231744e-01,0.0000000000e+00,0.0000000000e+00,1.3936646349e+00,-6.9683231744e-01,0.0000000000e+00,-6.9683231744e-01,0.0000000000e+00,0.0000000000e+00,1.3936646349e+00,-6.9683231744e-01,0.0000000000e+00
3.4065569012e-02,0.0000000000e+00,4.6941285278e-01,0.0000000000e+00,0.0000000000e+00,0.0000000000e+00,1.0000000000e+00,0.0000000000e+00,0.0000000000e+00,0.0000000000e+00,-1.3000000000e+00,0.0000000000e+00,0.0000000000e+00,0.0000000000e+00,1.3000000000e+00,0.0000000000e+00,0.0000000000e+00,-6.9753416508e-01,0.0000000000e+00,0.0000000000e+00,1.3950683302e+00,-6.9753416508e-01,0.0000000000e+00,-6.9753416508e-01,0.0000000000e+00,0.0000000000e+00,1.3950683302e+00,-6.9753416508e-01,0.0000000000e+00
3.4089303116e-02,0.0000000000e+00,4.6924727850e-01,0.0000000000e+00,0.0000000000e+00,0.0000000000e+00,1.0000000000e+00,0.0000000000e+00,0.0000000000e+00,0.0000000000e+00,-1.3000000000e+00,0.0000000000e+00,0.0000000000e+00,0.0000000000e+00,1.3000000000e+00,0.0000000000e+00,0.0000000000e+00,-6.9812780247e-01,0.0000000000e+00,0.0000000000e+00,1.3962556049e+00,-6.9812780247e-01,0.0000000000e+00,-6.9812780247e-01,0.0000000000e+00,0.0000000000e+00,1.3962556049e+00,-6.9812780247e-01,0.0000000000e+00
3.4109004505e-02,0.0000000000e+00,4.6910968026e-01,0.0000000000e+00,0.0000000000e+00,0.0000000000e+00,1.0000000000e+00,0.0000000000e+00,0.0000000000e+00,0.0000000000e+00,-1.3000000000e+00,0.0000000000e+00,0.0000000000e+00,0.0000000000e+00,1.3000000000e+00,0.0000000000e+00,0.0000000000e+00,-6.9862081408e-01,0.0000000000e+00,0.0000000000e+00,1.3972416282e+00,-6.9862081408e-01,0.0000000000e+00,-6.9862081408e-01,0.0000000000e+00,0.0000000000e+00,1.3972416282e+00,-6.9862081408e-01,0.0000000000e+00
3.4124998659e-02,0.0000000000e+00,4.6899786914e-01,0.0000000000e+00,0.0000000000e+00,0.0000000000e+00,1.0000000000e+00,0.0000000000e+00,0.0000000000e+00,0.0000000000e+00,-1.3000000000e+00,0.0000000000e+00,0.0000000000e+00,0.0000000000e+00,1.3000000000e+00,0.0000000000e+00,0.0000000000e+00,-6.9902121579e-01,0.0000000000e+00,0.0000000000e+00,1.3980424316e+00,-6.9902121579e-01,0.0000000000e+00,-6.9902121579e-01,0.0000000000e+00,0.0000000000e+00,1.3980424316e+00,-6.9902121579e-01,0.0000000000e+00
3.4137627109e-02,0.0000000000e+00,4.6890952030e-01,0.0000000000e+00,0.0000000000e+00,0.0000000000e+00,1.0000000000e+00,0.0000000000e+00,0.0000000000e+00,0.0000000000e+00,-1.3000000000e+00,0.0000000000e+00,0.0000000000e+00,0.0000000000e+00,1.3000000000e+00,0.0000000000e+00,0.0000000000e+00,-6.9933746154e-01,0.0000000000e+00,0.0000000000e+00,1.3986749231e+00,-6.9933746154e-01,0.0000000000e+00,-6.9933746154e-01,0.0000000000e+00,0.0000000000e+00,1.3986749231e+00,-6.9933746154e-01,0.0000000000e+00
3.4147247939e-02,0.0000000000e+00,4.6884217341e-01,0.0000000000e+00,0.0000000000e+00,0.0000000000e+00,1.0000000000e+00,0.0000000000e+00,0.0000000000e+00,0.0000000000e+00,-1.3000000000e+00,0.0000000000e+00,0.0000000000e+00,0.0000000000e+00,1.3000000000e+00,0.0000000000e+00,0.0000000000e+00,-6.9957844992e-01,0.0000000000e+00,0.0000000000e+00,1.3991568998e+00,-6.9957844992e-01,0.0000000000e+00,-6.9957844992e-01,0.0000000000e+00,0.0000000000e+00,1.3991568998e+00,-6.9957844992e-01,0.0000000000e+00
3.4154236277e-02,0.0000000000e+00,4.6879323286e-01,0.0000000000e+00,0.0000000000e+00,0.0000000000e+00,1.0000000000e+00,0.0000000000e+00,0.0000000000e+00,0.0000000000e+00,-1.3000000000e+00,0.0000000000e+00,0.0000000000e+00,0.0000000000e+00,1.3000000000e+00,0.0000000000e+00,0.0000000000e+00,-6.9975353086e-01,0.0000000000e+00,0.0000000000e+00,1.3995070617e+00,-6.9975353086e-01,0.0000000000e+00,-6.9975353086e-01,0.0000000000e+00,0.0000000000e+00,1.3995070617e+00,-6.9975353086e-01,0.0000000000e+00
3.4158984779e-02,0.0000000000e+00,4.6875996801e-01,0.0000000000e+00,0.0000000000e+00,0.0000000000e+00,1.0000000000e+00,0.0000000000e+00,0.0000000000e+00,0.0000000000e+00,-1.3000000000e+00,0.0000000000e+00,0.0000000000e+00,0.0000000000e+00,1.3000000000e+00,0.0000000000e+00,0.0000000000e+00,-6.9987251225e-01,0.0000000000e+00,0.0000000000e+00,1.3997450245e+00,-6.9987251225e-01,0.0000000000e+00,-6.9987251225e-01,0.0000000000e+00,0.0000000000e+00,1.3997450245e+00,-6.9987251225e-01,0.0000000000e+00
3.4161904087e-02,0.0000000000e+00,4.6873951315e-01,0.0000000000e+00,0.0000000000e+00,0.0000000000e+00,1.0000000000e+00,0.0000000000e+00,0.0000000000e+00,0.0000000000e+00,-1.3000000000e+00,0.0000000000e+00,0.0000000000e+00,0.0000000000e+00,1.3000000000e+00,0.0000000000e+00,0.0000000000e+00,-6.9994566656e-01,0.0000000000e+00,0.0000000000e+00,1.3998913331e+00,-6.9994566656e-01,0.0000000000e+00,-6.9994566656e-01,0.0000000000e+00,0.0000000000e+00,1.3998913331e+00,-6.9994566656e-01,0.0000000000e+00
3.4163423275e-02,0.0000000000e+00,4.6872886733e-01,0.0000000000e+00,0.0000000000e+00,0.0000000000e+00,1.0000000000e+00,0.0000000000e+00,0.0000000000e+00,0.0000000000e+00,-1.3000000000e+00,0.0000000000e+00,0.0000000000e+00,0.0000000000e+00,1.3000000000e+00,0.0000000000e+00,0.0000000000e+00,-6.9998373749e-01,0.0000000000e+00,0.0000000000e+00,1.3999674750e+00,-6.9998373749e-01,0.0000000000e+00,-6.9998373749e-01,0.0000000000e+00,0.0000000000e+00,1.3999674750e+00,-6.9998373749e-01,0.0000000000e+00
3.4163990265e-02,0.0000000000e+00,4.6872489389e-01,0.0000000000e+00,0.0000000000e+00,0.0000000000e+00,1.0000000000e+00,0.0000000000e+00,0.0000000000e+00,0.0000000000e+00,-1.3000000000e+00,0.0000000000e+00,0.0000000000e+00,0.0000000000e+00,1.3000000000e+00,0.0000000000e+00,0.0000000000e+00,-6.9999794661e-01,0.0000000000e+00,0.0000000000e+00,1.3999958932e+00,-6.9999794661e-01,0.0000000000e+00,-6.9999794661e-01,0.0000000000e+00,0.0000000000e+00,1.3999958932e+00,-6.9999794661e-01,0.0000000000e+00
3.4164072201e-02,0.0000000000e+00,4.6872431968e-01,0.0000000000e+00,0.0000000000e+00,0.0000000000e+00,1.0000000000e+00,0.0000000000e+00,0.0000000000e+00,0.0000000000e+00,-1.3000000000e+00,0.0000000000e+00,0.0000000000e+00,0.0000000000e+00,1.3000000000e+00,0.0000000000e+00,0.0000000000e+00,-7.0000000000e-01,0.0000000000e+00,0.0000000000e+00,1.4000000000e+00,-7.0000000000e-01,0.0000000000e+00,-7.0000000000e-01,0.0000000000e+00,0.0000000000e+00,1.4000000000e+00,-7.0000000000e-01,0.0000000000e+00
3.4164072201e-02,0.0000000000e+00,4.6872431968e-01,0.0000000000e+00,0.0000000000e+00,0.0000000000e+00,1.0000000000e+00,0.0000000000e+00,0.0000000000e+00,0.0000000000e+00,-1.3000000000e+00,0.0000000000e+00,0.0000000000e+00,0.0000000000e+00,1.3000000000e+00,0.0000000000e+00,0.0000000000e+00,-7.0000000000e-01,0.0000000000e+00,0.0000000000e+00,1.4000000000e+00,-7.0000000000e-01,0.0000000000e+00,-7.0000000000e-01,0.0000000000e+00,0.0000000000e+00,1.4000000000e+00,-7.0000000000e-01,0.0000000000e+00
3.4164072201e-02,0.0000000000e+00,4.6872431968e-01,0.0000000000e+00,0.0000000000e+00,0.0000000000e+00,1.0000000000e+00,0.0000000000e+00,0.0000000000e+00,0.0000000000e+00,-1.3000000000e+00,0.0000000000e+00,0.0000000000e+00,0.0000000000e+00,1.3000000000e+00,0.0000000000e+00,0.0000000000e+00,-7.0000000000e-01,0.0000000000e+00,0.0000000000e+00,1.4000000000e+00,-7.0000000000e-01,0.0000000000e+00,-7.0000000000e-01,0.0000000000e+00,0.0000000000e+00,1.4000000000e+00,-7.0000000000e-01,0.0000000000e+00
3.4164072201e-02,0.0000000000e+00,4.6872431968e-01,0.0000000000e+00,0.0000000000e+00,0.0000000000e+00,1.0000000000e+00,0.0000000000e+00,0.0000000000e+00,0.0000000000e+00,-1.3000000000e+00,0.0000000000e+00,0.0000000000e+00,0.0000000000e+00,1.3000000000e+00,0.0000000000e+00,0.0000000000e+00,-7.0000000000e-01,0.0000000000e+00,0.0000000000e+00,1.4000000000e+00,-7.0000000000e-01,0.0000000000e+00,-7.0000000000e-01,0.0000000000e+00,0.0000000000e+00,1.4000000000e+00,-7.0000000000e-01,0.0000000000e+00
3.4164072201e-02,0.0000000000e+00,4.6872431968e-01,0.0000000000e+00,0.0000000000e+00,0.0000000000e+00,1.0000000000e+00,0.0000000000e+00,0.0000000000e+00,0.0000000000e+00,-1.3000000000e+00,0.0000000000e+00,0.0000000000e+00,0.0000000000e+00,1.3000000000e+00,0.0000000000e+00,0.0000000000e+00,-7.0000000000e-01,0.0000000000e+00,0.0000000000e+00,1.4000000000e+00,-7.0000000000e-01,0.0000000000e+00,-7.0000000000e-01,0.0000000000e+00,0.0000000000e+00,1.4000000000e+00,-7.0000000000e-01,0.0000000000e+00
3.4164072201e-02,0.0000000000e+00,4.6872431968e-01,0.0000000000e+00,0.0000000000e+00,0.0000000000e+00,1.0000000000e+00,0.0000000000e+00,0.0000000000e+00,0.0000000000e+00,-1.3000000000e+00,0.0000000000e+00,0.0000000000e+00,0.0000000000e+00,1.3000000000e+00,0.0000000000e+00,0.0000000000e+00,-7.0000000000e-01,0.0000000000e+00,0.0000000000e+00,1.4000000000e+00,-7.0000000000e-01,0.0000000000e+00,-7.0000000000e-01,0.0000000000e+00,0.0000000000e+00,1.4000000000e+00,-7.0000000000e-01,0.0000000000e+00
3.4164072201e-02,0.0000000000e+00,4.6872431968e-01,0.0000000000e+00,0.0000000000e+00,0.0000000000e+00,1.0000000000e+00,0.0000000000e+00,0.0000000000e+00,0.0000000000e+00,-1.3000000000e+00,0.0000000000e+00,0.0000000000e+00,0.0000000000e+00,1.3000000000e+00,0.0000000000e+00,0.0000000000e+00,-7.0000000000e-01,0.0000000000e+00,0.0000000000e+00,1.4000000000e+00,-7.0000000000e-01,0.0000000000e+00,-7.0000000000e-01,0.0000000000e+00,0.0000000000e+00,1.4000000000e+00,-7.0000000000e-01,0.0000000000e+00
3.4164072201e-02,0.0000000000e+00,4.6872431968e-01,0.0000000000e+00,0.0000000000e+00,0.0000000000e+00,1.0000000000e+00,0.0000000000e+00,0.0000000000e+00,0.0000000000e+00,-1.3000000000e+00,0.0000000000e+00,0.0000000000e+00,0.0000000000e+00,1.3000000000e+00,0.0000000000e+00,0.0000000000e+00,-7.0000000000e-01,0.0000000000e+00,0.0000000000e+00,1.4000000000e+00,-7.0000000000e-01,0.0000000000e+00,-7.0000000000e-01,0.0000000000e+00,0.0000000000e+00,1.4000000000e+00,-7.0000000000e-01,0.0000000000e+00
3.4164072201e-02,0.0000000000e+00,4.6872431968e-01,0.0000000000e+00,0.0000000000e+00,0.0000000000e+00,1.0000000000e+00,0.0000000000e+00,0.0000000000e+00,0.0000000000e+00,-1.3000000000e+00,0.0000000000e+00,0.0000000000e+00,0.0000000000e+00,1.3000000000e+00,0.0000000000e+00,0.0000000000e+00,-7.0000000000e-01,0.0000000000e+00,0.0000000000e+00,1.4000000000e+00,-7.0000000000e-01,0.0000000000e+00,-7.0000000000e-01,0.0000000000e+00,0.0000000000e+00,1.4000000000e+00,-7.0000000000e-01,0.0000000000e+00
3.4164072201e-02,0.0000000000e+00,4.6872431968e-01,0.0000000000e+00,0.0000000000e+00,0.0000000000e+00,1.0000000000e+00,0.0000000000e+00,0.0000000000e+00,0.0000000000e+00,-1.3000000000e+00,0.0000000000e+00,0.0000000000e+00,0.0000000000e+00,1.3000000000e+00,0.0000000000e+00,0.0000000000e+00,-7.0000000000e-01,0.0000000000e+00,0.0000000000e+00,1.4000000000e+00,-7.0000000000e-01,0.0000000000e+00,-7.0000000000e-01,0.0000000000e+00,0.0000000000e+00,1.4000000000e+00,-7.0000000000e-01,0.0000000000e+00
3.4164072201e-02,0.0000000000e+00,4.6872431968e-01,0.0000000000e+00,0.0000000000e+00,0.0000000000e+00,1.0000000000e+00,0.0000000000e+00,0.0000000000e+00,0.0000000000e+00,-1.3000000000e+00,0.0000000000e+00,0.0000000000e+00,0.0000000000e+00,1.3000000000e+00,0.0000000000e+00,0.0000000000e+00,-7.0000000000e-01,0.0000000000e+00,0.0000000000e+00,1.4000000000e+00,-7.0000000000e-01,0.0000000000e+00,-7.0000000000e-01,0.0000000000e+00,0.0000000000e+00,1.4000000000e+00,-7.0000000000e-01,0.0000000000e+00
3.4164072201e-02,0.0000000000e+00,4.6872431968e-01,0.0000000000e+00,0.0000000000e+00,0.0000000000e+00,1.0000000000e+00,0.0000000000e+00,0.0000000000e+00,0.0000000000e+00,-1.3000000000e+00,0.0000000000e+00,0.0000000000e+00,0.0000000000e+00,1.3000000000e+00,0.0000000000e+00,0.0000000000e+00,-7.0000000000e-01,0.0000000000e+00,0.0000000000e+00,1.4000000000e+00,-7.0000000000e-01,0.0000000000e+00,-7.0000000000e-01,0.0000000000e+00,0.0000000000e+00,1.4000000000e+00,-7.0000000000e-01,0.0000000000e+00
3.4164072201e-02,0.0000000000e+00,4.6872431968e-01,0.0000000000e+00,0.0000000000e+00,0.0000000000e+00,1.0000000000e+00,0.0000000000e+00,0.0000000000e+00,0.0000000000e+00,-1.3000000000e+00,0.0000000000e+00,0.0000000000e+00,0.0000000000e+00,1.3000000000e+00,0.0000000000e+00,0.0000000000e+00,-7.0000000000e-01,0.0000000000e+00,0.0000000000e+00,1.4000000000e+00,-7.0000000000e-01,0.0000000000e+00,-7.0000000000e-01,0.0000000000e+00,0.0000000000e+00,1.4000000000e+00,-7.0000000000e-01,0.0000000000e+00
3.4164072201e-02,0.0000000000e+00,4.6872431968e-01,0.0000000000e+00,0.0000000000e+00,0.0000000000e+00,1.0000000000e+00,0.0000000000e+00,0.0000000000e+00,0.0000000000e+00,-1.3000000000e+00,0.0000000000e+00,0.0000000000e+00,0.0000000000e+00,1.3000000000e+00,0.0000000000e+00,0.0000000000e+00,-7.0000000000e-01,0.0000000000e+00,0.0000000000e+00,1.4000000000e+00,-7.0000000000e-01,0.0000000000e+00,-7.0000000000e-01,0.0000000000e+00,0.0000000000e+00,1.4000000000e+00,-7.0000000000e-01,0.0000000000e+00
3.4164072201e-02,0.0000000000e+00,4.6872431968e-01,0.0000000000e+00,0.0000000000e+00,0.0000000000e+00,1.0000000000e+00,0.0000000000e+00,0.0000000000e+00,0.0000000000e+00,-1.3000000000e+00,0.0000000000e+00,0.0000000000e+00,0.0000000000e+00,1.3000000000e+00,0.0000000000e+00,0.0000000000e+00,-7.0000000000e-01,0.0000000000e+00,0.0000000000e+00,1.4000000000e+00,-7.0000000000e-01,0.0000000000e+00,-7.0000000000e-01,0.0000000000e+00,0.0000000000e+00,1.4000000000e+00,-7.0000000000e-01,0.0000000000e+00
3.4164072201e-02,0.0000000000e+00,4.6872431968e-01,0.0000000000e+00,0.0000000000e+00,0.0000000000e+00,1.0000000000e+00,0.0000000000e+00,0.0000000000e+00,0.0000000000e+00,-1.3000000000e+00,0.0000000000e+00,0.0000000000e+00,0.0000000000e+00,1.3000000000e+00,0.0000000000e+00,0.0000000000e+00,-7.0000000000e-01,0.0000000000e+00,0.0000000000e+00,1.4000000000e+00,-7.0000000000e-01,0.0000000000e+00,-7.0000000000e-01,0.0000000000e+00,0.0000000000e+00,1.4000000000e+00,-7.0000000000e-01,0.0000000000e+00
3.4164072201e-02,0.0000000000e+00,4.6872431968e-01,0.0000000000e+00,0.0000000000e+00,0.0000000000e+00,1.0000000000e+00,0.0000000000e+00,0.0000000000e+00,0.0000000000e+00,-1.3000000000e+00,0.0000000000e+00,0.0000000000e+00,0.0000000000e+00,1.3000000000e+00,0.0000000000e+00,0.0000000000e+00,-7.0000000000e-01,0.0000000000e+00,0.0000000000e+00,1.4000000000e+00,-7.0000000000e-01,0.0000000000e+00,-7.0000000000e-01,0.0000000000e+00,0.0000000000e+00,1.4000000000e+00,-7.0000000000e-01,0.0000000000e+00
3.4164072201e-02,0.0000000000e+00,4.6872431968e-01,0.0000000000e+00,0.0000000000e+00,0.0000000000e+00,1.0000000000e+00,0.0000000000e+00,0.0000000000e+00,0.0000000000e+00,-1.3000000000e+00,0.0000000000e+00,0.0000000000e+00,0.0000000000e+00,1.3000000000e+00,0.0000000000e+00,0.0000000000e+00,-7.0000000000e-01,0.0000000000e+00,0.0000000000e+00,1.4000000000e+00,-7.0000000000e-01,0.0000000000e+00,-7.0000000000e-01,0.0000000000e+00,0.0000000000e+00,1.4000000000e+00,-7.0000000000e-01,0.0000000000e+00
3.4164072201e-02,0.0000000000e+00,4.6872431968e-01,0.0000000000e+00,0.0000000000e+00,0.0000000000e+00,1.0000000000e+00,0.0000000000e+00,0.0000000000e+00,0.0000000000e+00,-1.3000000000e+00,0.0000000000e+00,0.0000000000e+00,0.0000000000e+00,1.3000000000e+00,0.0000000000e+00,0.0000000000e+00,-7.0000000000e-01,0.0000000000e+00,0.0000000000e+00,1.4000000000e+00,-7.0000000000e-01,0.0000000000e+00,-7.0000000000e-01,0.0000000000e+00,0.0000000000e+00,1.4000000000e+00,-7.0000000000e-01,0.0000000000e+00
3.4164072201e-02,0.0000000000e+00,4.6872431968e-01,0.0000000000e+00,0.0000000000e+00,0.0000000000e+00,1.0000000000e+00,0.0000000000e+00,0.0000000000e+00,0.0000000000e+00,-1.3000000000e+00,0.0000000000e+00,0.0000000000e+00,0.0000000000e+00,1.3000000000e+00,0.0000000000e+00,0.0000000000e+00,-7.0000000000e-01,0.0000000000e+00,0.0000000000e+00,1.4000000000e+00,-7.0000000000e-01,0.0000000000e+00,-7.0000000000e-01,0.0000000000e+00,0.0000000000e+00,1.4000000000e+00,-7.0000000000e-01,0.0000000000e+00
3.4164072201e-02,0.0000000000e+00,4.6872431968e-01,0.0000000000e+00,0.0000000000e+00,0.0000000000e+00,1.0000000000e+00,0.0000000000e+00,0.0000000000e+00,0.0000000000e+00,-1.3000000000e+00,0.0000000000e+00,0.0000000000e+00,0.0000000000e+00,1.3000000000e+00,0.0000000000e+00,0.0000000000e+00,-7.0000000000e-01,0.0000000000e+00,0.0000000000e+00,1.4000000000e+00,-7.0000000000e-01,0.0000000000e+00,-7.0000000000e-01,0.0000000000e+00,0.0000000000e+00,1.4000000000e+00,-7.0000000000e-01,0.0000000000e+00
3.4164072201e-02,0.0000000000e+00,4.6872431968e-01,0.0000000000e+00,0.0000000000e+00,0.0000000000e+00,1.0000000000e+00,0.0000000000e+00,0.0000000000e+00,0.0000000000e+00,-1.3000000000e+00,0.0000000000e+00,0.0000000000e+00,0.0000000000e+00,1.3000000000e+00,0.0000000000e+00,0.0000000000e+00,-7.0000000000e-01,0.0000000000e+00,0.0000000000e+00,1.4000000000e+00,-7.0000000000e-01,0.0000000000e+00,-7.0000000000e-01,0.0000000000e+00,0.0000000000e+00,1.4000000000e+00,-7.0000000000e-01,0.0000000000e+00
3.4164072201e-02,0.0000000000e+00,4.6872431968e-01,0.0000000000e+00,0.0000000000e+00,0.0000000000e+00,1.0000000000e+00,0.0000000000e+00,0.0000000000e+00,0.0000000000e+00,-1.3000000000e+00,0.0000000000e+00,0.0000000000e+00,0.0000000000e+00,1.3000000000e+00,0.0000000000e+00,0.0000000000e+00,-7.0000000000e-01,0.0000000000e+00,0.0000000000e+00,1.4000000000e+00,-7.0000000000e-01,0.0000000000e+00,-7.0000000000e-01,0.0000000000e+00,0.0000000000e+00,1.4000000000e+00,-7.0000000000e-01,0.0000000000e+00
3.4164072201e-02,0.0000000000e+00,4.6872431968e-01,0.0000000000e+00,0.0000000000e+00,0.0000000000e+00,1.0000000000e+00,0.0000000000e+00,0.0000000000e+00,0.0000000000e+00,-1.3000000000e+00,0.0000000000e+00,0.0000000000e+00,0.0000000000e+00,1.3000000000e+00,0.0000000000e+00,0.0000000000e+00,-7.0000000000e-01,0.0000000000e+00,0.0000000000e+00,1.4000000000e+00,-7.0000000000e-01,0.0000000000e+00,-7.0000000000e-01,0.0000000000e+00,0.0000000000e+00,1.4000000000e+00,-7.0000000000e-01,0.0000000000e+00
3.4164072201e-02,0.0000000000e+00,4.6872431968e-01,0.0000000000e+00,0.0000000000e+00,0.0000000000e+00,1.0000000000e+00,0.0000000000e+00,0.0000000000e+00,0.0000000000e+00,-1.3000000000e+00,0.0000000000e+00,0.0000000000e+00,0.0000000000e+00,1.3000000000e+00,0.0000000000e+00,0.0000000000e+00,-7.0000000000e-01,0.0000000000e+00,0.0000000000e+00,1.4000000000e+00,-7.0000000000e-01,0.0000000000e+00,-7.0000000000e-01,0.0000000000e+00,0.0000000000e+00,1.4000000000e+00,-7.0000000000e-01,0.0000000000e+00
3.4164072201e-02,0.0000000000e+00,4.6872431968e-01,0.0000000000e+00,0.0000000000e+00,0.0000000000e+00,1.0000000000e+00,0.0000000000e+00,0.0000000000e+00,0.0000000000e+00,-1.3000000000e+00,0.0000000000e+00,0.0000000000e+00,0.0000000000e+00,1.3000000000e+00,0.0000000000e+00,0.0000000000e+00,-7.0000000000e-01,0.0000000000e+00,0.0000000000e+00,1.4000000000e+00,-7.0000000000e-01,0.0000000000e+00,-7.0000000000e-01,0.0000000000e+00,0.0000000000e+00,1.4000000000e+00,-7.0000000000e-01,0.0000000000e+00
3.4164072201e-02,0.0000000000e+00,4.6872431968e-01,0.0000000000e+00,0.0000000000e+00,0.0000000000e+00,1.0000000000e+00,0.0000000000e+00,0.0000000000e+00,0.0000000000e+00,-1.3000000000e+00,0.0000000000e+00,0.0000000000e+00,0.0000000000e+00,1.3000000000e+00,0.0000000000e+00,0.0000000000e+00,-7.0000000000e-01,0.0000000000e+00,0.0000000000e+00,1.4000000000e+00,-7.0000000000e-01,0.0000000000e+00,-7.0000000000e-01,0.0000000000e+00,0.0000000000e+00,1.4000000000e+00,-7.0000000000e-01,0.0000000000e+00
3.4164072201e-02,0.0000000000e+00,4.6872431968e-01,0.0000000000e+00,0.0000000000e+00,0.0000000000e+00,1.0000000000e+00,0.0000000000e+00,0.0000000000e+00,0.0000000000e+00,-1.3000000000e+00,0.0000000000e+00,0.0000000000e+00,0.0000000000e+00,1.3000000000e+00,0.0000000000e+00,0.0000000000e+00,-7.0000000000e-01,0.0000000000e+00,0.0000000000e+00,1.4000000000e+00,-7.0000000000e-01,0.0000000000e+00,-7.0000000000e-01,0.0000000000e+00,0.0000000000e+00,1.4000000000e+00,-7.0000000000e-01,0.0000000000e+00
3.4164072201e-02,0.0000000000e+00,4.6872431968e-01,0.0000000000e+00,0.0000000000e+00,0.0000000000e+00,1.0000000000e+00,0.0000000000e+00,0.0000000000e+00,0.0000000000e+00,-1.3000000000e+00,0.0000000000e+00,0.0000000000e+00,0.0000000000e+00,1.3000000000e+00,0.0000000000e+00,0.0000000000e+00,-7.0000000000e-01,0.0000000000e+00,0.0000000000e+00,1.4000000000e+00,-7.0000000000e-01,0.0000000000e+00,-7.0000000000e-01,0.0000000000e+00,0.0000000000e+00,1.4000000000e+00,-7.0000000000e-01,0.0000000000e+00
3.4164072201e-02,0.0000000000e+00,4.6872431968e-01,0.0000000000e+00,0.0000000000e+00,0.0000000000e+00,1.0000000000e+00,0.0000000000e+00,0.0000000000e+00,0.0000000000e+00,-1.3000000000e+00,0.0000000000e+00,0.0000000000e+00,0.0000000000e+00,1.3000000000e+00,0.0000000000e+00,0.0000000000e+00,-7.0000000000e-01,0.0000000000e+00,0.0000000000e+00,1.4000000000e+00,-7.0000000000e-01,0.0000000000e+00,-7.0000000000e-01,0.0000000000e+00,0.0000000000e+00,1.4000000000e+00,-7.0000000000e-01,0.0000000000e+00
3.4164072201e-02,0.0000000000e+00,4.6872431968e-01,0.0000000000e+00,0.0000000000e+00,0.0000000000e+00,1.0000000000e+00,0.0000000000e+00,0.0000000000e+00,0.0000000000e+00,-1.3000000000e+00,0.0000000000e+00,0.0000000000e+00,0.0000000000e+00,1.3000000000e+00,0.0000000000e+00,0.0000000000e+00,-7.0000000000e-01,0.0000000000e+00,0.0000000000e+00,1.4000000000e+00,-7.0000000000e-01,0.0000000000e+00,-7.0000000000e-01,0.0000000000e+00,0.0000000000e+00,1.4000000000e+00,-7.0000000000e-01,0.0000000000e+00
3.4164072201e-02,0.0000000000e+00,4.6872431968e-01,0.0000000000e+00,0.0000000000e+00,0.0000000000e+00,1.0000000000e+00,0.0000000000e+00,0.0000000000e+00,0.0000000000e+00,-1.3000000000e+00,0.0000000000e+00,0.0000000000e+00,0.0000000000e+00,1.3000000000e+00,0.0000000000e+00,0.0000000000e+00,-7.0000000000e-01,0.0000000000e+00,0.0000000000e+00,1.4000000000e+00,-7.0000000000e-01,0.0000000000e+00,-7.0000000000e-01,0.0000000000e+00,0.0000000000e+00,1.4000000000e+00,-7.0000000000e-01,0.0000000000e+00
3.4164072201e-02,0.0000000000e+00,4.6872431968e-01,0.0000000000e+00,0.0000000000e+00,0.0000000000e+00,1.0000000000e+00,0.0000000000e+00,0.0000000000e+00,0.0000000000e+00,-1.3000000000e+00,0.0000000000e+00,0.0000000000e+00,0.0000000000e+00,1.3000000000e+00,0.0000000000e+00,0.0000000000e+00,-7.0000000000e-01,0.0000000000e+00,0.0000000000e+00,1.4000000000e+00,-7.0000000000e-01,0.0000000000e+00,-7.0000000000e-01,0.0000000000e+00,0.0000000000e+00,1.4000000000e+00,-7.0000000000e-01,0.0000000000e+00
3.4164072201e-02,0.0000000000e+00,4.6872431968e-01,0.0000000000e+00,0.0000000000e+00,0.0000000000e+00,1.0000000000e+00,0.0000000000e+00,0.0000000000e+00,0.0000000000e+00,-1.3000000000e+00,0.0000000000e+00,0.0000000000e+00,0.0000000000e+00,1.3000000000e+00,0.0000000000e+00,0.0000000000e+00,-7.0000000000e-01,0.0000000000e+00,0.0000000000e+00,1.4000000000e+00,-7.0000000000e-01,0.0000000000e+00,-7.0000000000e-01,0.0000000000e+00,0.0000000000e+00,1.4000000000e+00,-7.0000000000e-01,0.0000000000e+00
3.4164072201e-02,0.0000000000e+00,4.6872431968e-01,0.0000000000e+00,0.0000000000e+00,0.0000000000e+00,1.0000000000e+00,0.0000000000e+00,0.0000000000e+00,0.0000000000e+00,-1.3000000000e+00,0.0000000000e+00,0.0000000000e+00,0.0000000000e+00,1.3000000000e+00,0.0000000000e+00,0.0000000000e+00,-7.0000000000e-01,0.0000000000e+00,0.0000000000e+00,1.4000000000e+00,-7.0000000000e-01,0.0000000000e+00,-7.0000000000e-01,0.0000000000e+00,0.0000000000e+00,1.4000000000e+00,-7.0000000000e-01,0.0000000000e+00
3.4164072201e-02,0.0000000000e+00,4.6872431968e-01,0.0000000000e+00,0.0000000000e+00,0.0000000000e+00,1.0000000000e+00,0.0000000000e+00,0.0000000000e+00,0.0000000000e+00,-1.3000000000e+00,0.0000000000e+00,0.0000000000e+00,0.0000000000e+00,1.3000000000e+00,0.0000000000e+00,0.0000000000e+00,-7.0000000000e-01,0.0000000000e+00,0.0000000000e+00,1.4000000000e+00,-7.0000000000e-01,0.0000000000e+00,-7.0000000000e-01,0.0000000000e+00,0.0000000000e+00,1.4000000000e+00,-7.0000000000e-01,0.0000000000e+00
3.4164072201e-02,0.0000000000e+00,4.6872431968e-01,0.0000000000e+00,0.0000000000e+00,0.0000000000e+00,1.0000000000e+00,0.0000000000e+00,0.0000000000e+00,0.0000000000e+00,-1.3000000000e+00,0.0000000000e+00,0.0000000000e+00,0.0000000000e+00,1.3000000000e+00,0.0000000000e+00,0.0000000000e+00,-7.0000000000e-01,0.0000000000e+00,0.0000000000e+00,1.4000000000e+00,-7.0000000000e-01,0.0000000000e+00,-7.0000000000e-01,0.0000000000e+00,0.0000000000e+00,1.4000000000e+00,-7.0000000000e-01,0.0000000000e+00
3.4164072201e-02,0.0000000000e+00,4.6872431968e-01,0.0000000000e+00,0.0000000000e+00,0.0000000000e+00,1.0000000000e+00,0.0000000000e+00,0.0000000000e+00,0.0000000000e+00,-1.3000000000e+00,0.0000000000e+00,0.0000000000e+00,0.0000000000e+00,1.3000000000e+00,0.0000000000e+00,0.0000000000e+00,-7.0000000000e-01,0.0000000000e+00,0.0000000000e+00,1.4000000000e+00,-7.0000000000e-01,0.0000000000e+00,-7.0000000000e-01,0.0000000000e+00,0.0000000000e+00,1.4000000000e+00,-7.0000000000e-01,0.0000000000e+00
3.4164072201e-02,0.0000000000e+00,4.6872431968e-01,0.0000000000e+00,0.0000000000e+00,0.0000000000e+00,1.0000000000e+00,0.0000000000e+00,0.0000000000e+00,0.0000000000e+00,-1.3000000000e+00,0.0000000000e+00,0.0000000000e+00,0.0000000000e+00,1.3000000000e+00,0.0000000000e+00,0.0000000000e+00,-7.0000000000e-01,0.0000000000e+00,0.0000000000e+00,1.4000000000e+00,-7.0000000000e-01,0.0000000000e+00,-7.0000000000e-01,0.0000000000e+00,0.0000000000e+00,1.4000000000e+00,-7.0000000000e-01,0.0000000000e+00
3.4164072201e-02,0.0000000000e+00,4.6872431968e-01,0.0000000000e+00,0.0000000000e+00,0.0000000000e+00,1.0000000000e+00,0.0000000000e+00,0.0000000000e+00,0.0000000000e+00,-1.3000000000e+00,0.0000000000e+00,0.0000000000e+00,0.0000000000e+00,1.3000000000e+00,0.0000000000e+00,0.0000000000e+00,-7.0000000000e-01,0.0000000000e+00,0.0000000000e+00,1.4000000000e+00,-7.0000000000e-01,0.0000000000e+00,-7.0000000000e-01,0.0000000000e+00,0.0000000000e+00,1.4000000000e+00,-7.0000000000e-01,0.0000000000e+00
3.4164072201e-02,0.0000000000e+00,4.6872431968e-01,0.0000000000e+00,0.0000000000e+00,0.0000000000e+00,1.0000000000e+00,0.0000000000e+00,0.0000000000e+00,0.0000000000e+00,-1.3000000000e+00,0.0000000000e+00,0.0000000000e+00,0.0000000000e+00,1.3000000000e+00,0.0000000000e+00,0.0000000000e+00,-7.0000000000e-01,0.0000000000e+00,0.0000000000e+00,1.4000000000e+00,-7.0000000000e-01,0.0000000000e+00,-7.0000000000e-01,0.0000000000e+00,0.0000000000e+00,1.4000000000e+00,-7.0000000000e-01,0.0000000000e+00
3.4164072201e-02,0.0000000000e+00,4.6872431968e-01,0.0000000000e+00,0.0000000000e+00,0.0000000000e+00,1.0000000000e+00,0.0000000000e+00,0.0000000000e+00,0.0000000000e+00,-1.3000000000e+00,0.0000000000e+00,0.0000000000e+00,0.0000000000e+00,1.3000000000e+00,0.0000000000e+00,0.0000000000e+00,-7.0000000000e-01,0.0000000000e+00,0.0000000000e+00,1.4000000000e+00,-7.0000000000e-01,0.0000000000e+00,-7.0000000000e-01,0.0000000000e+00,0.0000000000e+00,1.4000000000e+00,-7.0000000000e-01,0.0000000000e+00
3.4164072201e-02,0.0000000000e+00,4.6872431968e-01,0.0000000000e+00,0.0000000000e+00,0.0000000000e+00,1.0000000000e+00,0.0000000000e+00,0.0000000000e+00,0.0000000000e+00,-1.3000000000e+00,0.0000000000e+00,0.0000000000e+00,0.0000000000e+00,1.3000000000e+00,0.0000000000e+00,0.0000000000e+00,-7.0000000000e-01,0.0000000000e+00,0.0000000000e+00,1.4000000000e+00,-7.0000000000e-01,0.0000000000e+00,-7.0000000000e-01,0.0000000000e+00,0.0000000000e+00,1.4000000000e+00,-7.0000000000e-01,0.0000000000e+00
3.4164072201e-02,0.0000000000e+00,4.6872431968e-01,0.0000000000e+00,0.0000000000e+00,0.0000000000e+00,1.0000000000e+00,0.0000000000e+00,0.0000000000e+00,0.0000000000e+00,-1.3000000000e+00,0.0000000000e+00,0.0000000000e+00,0.0000000000e+00,1.3000000000e+00,0.0000000000e+00,0.0000000000e+00,-7.0000000000e-01,0.0000000000e+00,0.0000000000e+00,1.4000000000e+00,-7.0000000000e-01,0.0000000000e+00,-7.0000000000e-01,0.0000000000e+00,0.0000000000e+00,1.4000000000e+00,-7.0000000000e-01,0.0000000000e+00
3.4164072201e-02,0.0000000000e+00,4.6872431968e-01,0.0000000000e+00,0.0000000000e+00,0.0000000000e+00,1.0000000000e+00,0.0000000000e+00,0.0000000000e+00,0.0000000000e+00,-1.3000000000e+00,0.0000000000e+00,0.0000000000e+00,0.0000000000e+00,1.3000000000e+00,0.0000000000e+00,0.0000000000e+00,-7.0000000000e-01,0.0000000000e+00,0.0000000000e+00,1.4000000000e+00,-7.0000000000e-01,0.0000000000e+00,-7.0000000000e-01,0.0000000000e+00,0.0000000000e+00,1.4000000000e+00,-7.0000000000e-01,0.0000000000e+00
3.4164072201e-02,0.0000000000e+00,4.6872431968e-01,0.0000000000e+00,0.0000000000e+00,0.0000000000e+00,1.0000000000e+00,0.0000000000e+00,0.0000000000e+00,0.0000000000e+00,-1.3000000000e+00,0.0000000000e+00,0.0000000000e+00,0.0000000000e+00,1.3000000000e+00,0.0000000000e+00,0.0000000000e+00,-7.0000000000e-01,0.0000000000e+00,0.0000000000e+00,1.4000000000e+00,-7.0000000000e-01,0.0000000000e+00,-7.0000000000e-01,0.0000000000e+00,0.0000000000e+00,1.4000000000e+00,-7.0000000000e-01,0.0000000000e+00
3.4164072201e-02,0.0000000000e+00,4.6872431968e-01,0.0000000000e+00,0.0000000000e+00,0.0000000000e+00,1.0000000000e+00,0.0000000000e+00,0.0000000000e+00,0.0000000000e+00,-1.3000000000e+00,0.0000000000e+00,0.0000000000e+00,0.0000000000e+00,1.3000000000e+00,0.0000000000e+00,0.0000000000e+00,-7.0000000000e-01,0.0000000000e+00,0.0000000000e+00,1.4000000000e+00,-7.0000000000e-01,0.0000000000e+00,-7.0000000000e-01,0.0000000000e+00,0.0000000000e+00,1.4000000000e+00,-7.0000000000e-01,0.0000000000e+00
3.4164072201e-02,0.0000000000e+00,4.6872431968e-01,0.0000000000e+00,0.0000000000e+00,0.0000000000e+00,1.0000000000e+00,0.0000000000e+00,0.0000000000e+00,0.0000000000e+00,-1.3000000000e+00,0.0000000000e+00,0.0000000000e+00,0.0000000000e+00,1.3000000000e+00,0.0000000000e+00,0.0000000000e+00,-7.0000000000e-01,0.0000000000e+00,0.0000000000e+00,1.4000000000e+00,-7.0000000000e-01,0.0000000000e+00,-7.0000000000e-01,0.0000000000e+00,0.0000000000e+00,1.4000000000e+00,-7.0000000000e-01,0.0000000000e+00
3.4164072201e-02,0.0000000000e+00,4.6872431968e-01,0.0000000000e+00,0.0000000000e+00,0.0000000000e+00,1.0000000000e+00,0.0000000000e+00,0.0000000000e+00,0.0000000000e+00,-1.3000000000e+00,0.0000000000e+00,0.0000000000e+00,0.0000000000e+00,1.3000000000e+00,0.0000000000e+00,0.0000000000e+00,-7.0000000000e-01,0.0000000000e+00,0.0000000000e+00,1.4000000000e+00,-7.0000000000e-01,0.0000000000e+00,-7.0000000000e-01,0.0000000000e+00,0.0000000000e+00,1.4000000000e+00,-7.0000000000e-01,0.0000000000e+00
3.4164072201e-02,0.0000000000e+00,4.6872431968e-01,0.0000000000e+00,0.0000000000e+00,0.0000000000e+00,1.0000000000e+00,0.0000000000e+00,0.0000000000e+00,0.0000000000e+00,-1.3000000000e+00,0.0000000000e+00,0.0000000000e+00,0.0000000000e+00,1.3000000000e+00,0.0000000000e+00,0.0000000000e+00,-7.0000000000e-01,0.0000000000e+00,0.0000000000e+00,1.4000000000e+00,-7.0000000000e-01,0.0000000000e+00,-7.0000000000e-01,0.0000000000e+00,0.0000000000e+00,1.4000000000e+00,-7.0000000000e-01,0.0000000000e+00
3.4164072201e-02,0.0000000000e+00,4.6872431968e-01,0.0000000000e+00,0.0000000000e+00,0.0000000000e+00,1.0000000000e+00,0.0000000000e+00,0.0000000000e+00,0.0000000000e+00,-1.3000000000e+00,0.0000000000e+00,0.0000000000e+00,0.0000000000e+00,1.3000000000e+00,0.0000000000e+00,0.0000000000e+00,-7.0000000000e-01,0.0000000000e+00,0.0000000000e+00,1.4000000000e+00,-7.0000000000e-01,0.0000000000e+00,-7.0000000000e-01,0.0000000000e+00,0.0000000000e+00,1.4000000000e+00,-7.0000000000e-01,0.0000000000e+00
3.4164072201e-02,0.0000000000e+00,4.6872431968e-01,0.0000000000e+00,0.0000000000e+00,0.0000000000e+00,1.0000000000e+00,0.0000000000e+00,0.0000000000e+00,0.0000000000e+00,-1.3000000000e+00,0.0000000000e+00,0.0000000000e+00,0.0000000000e+00,1.3000000000e+00,0.0000000000e+00,0.0000000000e+00,-7.0000000000e-01,0.0000000000e+00,0.0000000000e+00,1.4000000000e+00,-7.0000000000e-01,0.0000000000e+00,-7.0000000000e-01,0.0000000000e+00,0.0000000000e+00,1.4000000000e+00,-7.0000000000e-01,0.0000000000e+00
3.4164072201e-02,0.0000000000e+00,4.6872431968e-01,0.0000000000e+00,0.0000000000e+00,0.0000000000e+00,1.0000000000e+00,0.0000000000e+00,0.0000000000e+00,0.0000000000e+00,-1.3000000000e+00,0.0000000000e+00,0.0000000000e+00,0.0000000000e+00,1.3000000000e+00,0.0000000000e+00,0.0000000000e+00,-7.0000000000e-01,0.0000000000e+00,0.0000000000e+00,1.4000000000e+00,-7.0000000000e-01,0.0000000000e+00,-7.0000000000e-01,0.0000000000e+00,0.0000000000e+00,1.4000000000e+00,-7.0000000000e-01,0.0000000000e+00
3.4164072201e-02,0.0000000000e+00,4.6872431968e-01,0.0000000000e+00,0.0000000000e+00,0.0000000000e+00,1.0000000000e+00,0.0000000000e+00,0.0000000000e+00,0.0000000000e+00,-1.3000000000e+00,0.0000000000e+00,0.0000000000e+00,0.0000000000e+00,1.3000000000e+00,0.0000000000e+00,0.0000000000e+00,-7.0000000000e-01,0.0000000000e+00,0.0000000000e+00,1.4000000000e+00,-7.0000000000e-01,0.0000000000e+00,-7.0000000000e-01,0.0000000000e+00,0.0000000000e+00,1.4000000000e+00,-7.0000000000e-01,0.0000000000e+00
3.4164072201e-02,0.0000000000e+00,4.6872431968e-01,0.0000000000e+00,0.0000000000e+00,0.0000000000e+00,1.0000000000e+00,0.0000000000e+00,0.0000000000e+00,0.0000000000e+00,-1.3000000000e+00,0.0000000000e+00,0.0000000000e+00,0.0000000000e+00,1.3000000000e+00,0.0000000000e+00,0.0000000000e+00,-7.0000000000e-01,0.0000000000e+00,0.0000000000e+00,1.4000000000e+00,-7.0000000000e-01,0.0000000000e+00,-7.0000000000e-01,0.0000000000e+00,0.0000000000e+00,1.4000000000e+00,-7.0000000000e-01,0.0000000000e+00
3.4164072201e-02,0.0000000000e+00,4.6872431968e-01,0.0000000000e+00,0.0000000000e+00,0.0000000000e+00,1.0000000000e+00,0.0000000000e+00,0.0000000000e+00,0.0000000000e+00,-1.3000000000e+00,0.0000000000e+00,0.0000000000e+00,0.0000000000e+00,1.3000000000e+00,0.0000000000e+00,0.0000000000e+00,-7.0000000000e-01,0.0000000000e+00,0.0000000000e+00,1.4000000000e+00,-7.0000000000e-01,0.0000000000e+00,-7.0000000000e-01,0.0000000000e+00,0.0000000000e+00,1.4000000000e+00,-7.0000000000e-01,0.0000000000e+00
3.4164072201e-02,0.0000000000e+00,4.6872431968e-01,0.0000000000e+00,0.0000000000e+00,0.0000000000e+00,1.0000000000e+00,0.0000000000e+00,0.0000000000e+00,0.0000000000e+00,-1.3000000000e+00,0.0000000000e+00,0.0000000000e+00,0.0000000000e+00,1.3000000000e+00,0.0000000000e+00,0.0000000000e+00,-7.0000000000e-01,0.0000000000e+00,0.0000000000e+00,1.4000000000e+00,-7.0000000000e-01,0.0000000000e+00,-7.0000000000e-01,0.0000000000e+00,0.0000000000e+00,1.4000000000e+00,-7.0000000000e-01,0.0000000000e+00
3.4164072201e-02,0.0000000000e+00,4.6872431968e-01,0.0000000000e+00,0.0000000000e+00,0.0000000000e+00,1.0000000000e+00,0.0000000000e+00,0.0000000000e+00,0.0000000000e+00,-1.3000000000e+00,0.0000000000e+00,0.0000000000e+00,0.0000000000e+00,1.3000000000e+00,0.0000000000e+00,0.0000000000e+00,-7.0000000000e-01,0.0000000000e+00,0.0000000000e+00,1.4000000000e+00,-7.0000000000e-01,0.0000000000e+00,-7.0000000000e-01,0.0000000000e+00,0.0000000000e+00,1.4000000000e+00,-7.0000000000e-01,0.0000000000e+00
3.4164072201e-02,0.0000000000e+00,4.6872431968e-01,0.0000000000e+00,0.0000000000e+00,0.0000000000e+00,1.0000000000e+00,0.0000000000e+00,0.0000000000e+00,0.0000000000e+00,-1.3000000000e+00,0.0000000000e+00,0.0000000000e+00,0.0000000000e+00,1.3000000000e+00,0.0000000000e+00,0.0000000000e+00,-7.0000000000e-01,0.0000000000e+00,0.0000000000e+00,1.4000000000e+00,-7.0000000000e-01,0.0000000000e+00,-7.0000000000e-01,0.0000000000e+00,0.0000000000e+00,1.4000000000e+00,-7.0000000000e-01,0.0000000000e+00
3.4164072201e-02,0.0000000000e+00,4.6872431968e-01,0.0000000000e+00,0.0000000000e+00,0.0000000000e+00,1.0000000000e+00,0.0000000000e+00,0.0000000000e+00,0.0000000000e+00,-1.3000000000e+00,0.0000000000e+00,0.0000000000e+00,0.0000000000e+00,1.3000000000e+00,0.0000000000e+00,0.0000000000e+00,-7.0000000000e-01,0.0000000000e+00,0.0000000000e+00,1.4000000000e+00,-7.0000000000e-01,0.0000000000e+00,-7.0000000000e-01,0.0000000000e+00,0.0000000000e+00,1.4000000000e+00,-7.0000000000e-01,0.0000000000e+00
3.4164072201e-02,0.0000000000e+00,4.6872431968e-01,0.0000000000e+00,0.0000000000e+00,0.0000000000e+00,1.0000000000e+00,0.0000000000e+00,0.0000000000e+00,0.0000000000e+00,-1.3000000000e+00,0.0000000000e+00,0.0000000000e+00,0.0000000000e+00,1.3000000000e+00,0.0000000000e+00,0.0000000000e+00,-7.0000000000e-01,0.0000000000e+00,0.0000000000e+00,1.4000000000e+00,-7.0000000000e-01,0.0000000000e+00,-7.0000000000e-01,0.0000000000e+00,0.0000000000e+00,1.4000000000e+00,-7.0000000000e-01,0.0000000000e+00
3.4164072201e-02,0.0000000000e+00,4.6872431968e-01,0.0000000000e+00,0.0000000000e+00,0.0000000000e+00,1.0000000000e+00,0.0000000000e+00,0.0000000000e+00,0.0000000000e+00,-1.3000000000e+00,0.0000000000e+00,0.0000000000e+00,0.0000000000e+00,1.3000000000e+00,0.0000000000e+00,0.0000000000e+00,-7.0000000000e-01,0.0000000000e+00,0.0000000000e+00,1.4000000000e+00,-7.0000000000e-01,0.0000000000e+00,-7.0000000000e-01,0.0000000000e+00,0.0000000000e+00,1.4000000000e+00,-7.0000000000e-01,0.0000000000e+00
3.4164072201e-02,0.0000000000e+00,4.6872431968e-01,0.0000000000e+00,0.0000000000e+00,0.0000000000e+00,1.0000000000e+00,0.0000000000e+00,0.0000000000e+00,0.0000000000e+00,-1.3000000000e+00,0.0000000000e+00,0.0000000000e+00,0.0000000000e+00,1.3000000000e+00,0.0000000000e+00,0.0000000000e+00,-7.0000000000e-01,0.0000000000e+00,0.0000000000e+00,1.4000000000e+00,-7.0000000000e-01,0.0000000000e+00,-7.0000000000e-01,0.0000000000e+00,0.0000000000e+00,1.4000000000e+00,-7.0000000000e-01,0.0000000000e+00
3.4164072201e-02,0.0000000000e+00,4.6872431968e-01,0.0000000000e+00,0.0000000000e+00,0.0000000000e+00,1.0000000000e+00,0.0000000000e+00,0.0000000000e+00,0.0000000000e+00,-1.3000000000e+00,0.0000000000e+00,0.0000000000e+00,0.0000000000e+00,1.3000000000e+00,0.0000000000e+00,0.0000000000e+00,-7.0000000000e-01,0.0000000000e+00,0.0000000000e+00,1.4000000000e+00,-7.0000000000e-01,0.0000000000e+00,-7.0000000000e-01,0.0000000000e+00,0.0000000000e+00,1.4000000000e+00,-7.0000000000e-01,0.0000000000e+00
3.4164072201e-02,0.0000000000e+00,4.6872431968e-01,0.0000000000e+00,0.0000000000e+00,0.0000000000e+00,1.0000000000e+00,0.0000000000e+00,0.0000000000e+00,0.0000000000e+00,-1.3000000000e+00,0.0000000000e+00,0.0000000000e+00,0.0000000000e+00,1.3000000000e+00,0.0000000000e+00,0.0000000000e+00,-7.0000000000e-01,0.0000000000e+00,0.0000000000e+00,1.4000000000e+00,-7.0000000000e-01,0.0000000000e+00,-7.0000000000e-01,0.0000000000e+00,0.0000000000e+00,1.4000000000e+00,-7.0000000000e-01,0.0000000000e+00
3.4164072201e-02,0.0000000000e+00,4.6872431968e-01,0.0000000000e+00,0.0000000000e+00,0.0000000000e+00,1.0000000000e+00,0.0000000000e+00,0.0000000000e+00,0.0000000000e+00,-1.3000000000e+00,0.0000000000e+00,0.0000000000e+00,0.0000000000e+00,1.3000000000e+00,0.0000000000e+00,0.0000000000e+00,-7.0000000000e-01,0.0000000000e+00,0.0000000000e+00,1.4000000000e+00,-7.0000000000e-01,0.0000000000e+00,-7.0000000000e-01,0.0000000000e+00,0.0000000000e+00,1.4000000000e+00,-7.0000000000e-01,0.0000000000e+00
3.4164072201e-02,0.0000000000e+00,4.6872431968e-01,0.0000000000e+00,0.0000000000e+00,0.0000000000e+00,1.0000000000e+00,0.0000000000e+00,0.0000000000e+00,0.0000000000e+00,-1.3000000000e+00,0.0000000000e+00,0.0000000000e+00,0.0000000000e+00,1.3000000000e+00,0.0000000000e+00,0.0000000000e+00,-7.0000000000e-01,0.0000000000e+00,0.0000000000e+00,1.4000000000e+00,-7.0000000000e-01,0.0000000000e+00,-7.0000000000e-01,0.0000000000e+00,0.0000000000e+00,1.4000000000e+00,-7.0000000000e-01,0.0000000000e+00
3.4164072201e-02,0.0000000000e+00,4.6872431968e-01,0.0000000000e+00,0.0000000000e+00,0.0000000000e+00,1.0000000000e+00,0.0000000000e+00,0.0000000000e+00,0.0000000000e+00,-1.3000000000e+00,0.0000000000e+00,0.0000000000e+00,0.0000000000e+00,1.3000000000e+00,0.0000000000e+00,0.0000000000e+00,-7.0000000000e-01,0.0000000000e+00,0.0000000000e+00,1.4000000000e+00,-7.0000000000e-01,0.0000000000e+00,-7.0000000000e-01,0.0000000000e+00,0.0000000000e+00,1.4000000000e+00,-7.0000000000e-01,0.0000000000e+00
3.4164072201e-02,0.0000000000e+00,4.6872431968e-01,0.0000000000e+00,0.0000000000e+00,0.0000000000e+00,1.0000000000e+00,0.0000000000e+00,0.0000000000e+00,0.0000000000e+00,-1.3000000000e+00,0.0000000000e+00,0.0000000000e+00,0.0000000000e+00,1.3000000000e+00,0.0000000000e+00,0.0000000000e+00,-7.0000000000e-01,0.0000000000e+00,0.0000000000e+00,1.4000000000e+00,-7.0000000000e-01,0.0000000000e+00,-7.0000000000e-01,0.0000000000e+00,0.0000000000e+00,1.4000000000e+00,-7.0000000000e-01,0.0000000000e+00
3.4164072201e-02,0.0000000000e+00,4.6872431968e-01,0.0000000000e+00,0.0000000000e+00,0.0000000000e+00,1.0000000000e+00,0.0000000000e+00,0.0000000000e+00,0.0000000000e+00,-1.3000000000e+00,0.0000000000e+00,0.0000000000e+00,0.0000000000e+00,1.3000000000e+00,0.0000000000e+00,0.0000000000e+00,-7.0000000000e-01,0.0000000000e+00,0.0000000000e+00,1.4000000000e+00,-7.0000000000e-01,0.0000000000e+00,-7.0000000000e-01,0.0000000000e+00,0.0000000000e+00,1.4000000000e+00,-7.0000000000e-01,0.0000000000e+00
3.4164072201e-02,0.0000000000e+00,4.6872431968e-01,0.0000000000e+00,0.0000000000e+00,0.0000000000e+00,1.0000000000e+00,0.0000000000e+00,0.0000000000e+00,0.0000000000e+00,-1.3000000000e+00,0.0000000000e+00,0.0000000000e+00,0.0000000000e+00,1.3000000000e+00,0.0000000000e+00,0.0000000000e+00,-7.0000000000e-01,0.0000000000e+00,0.0000000000e+00,1.4000000000e+00,-7.0000000000e-01,0.0000000000e+00,-7.0000000000e-01,0.0000000000e+00,0.0000000000e+00,1.4000000000e+00,-7.0000000000e-01,0.0000000000e+00
3.4164072201e-02,0.0000000000e+00,4.6872431968e-01,0.0000000000e+00,0.0000000000e+00,0.0000000000e+00,1.0000000000e+00,0.0000000000e+00,0.0000000000e+00,0.0000000000e+00,-1.3000000000e+00,0.0000000000e+00,0.0000000000e+00,0.0000000000e+00,1.3000000000e+00,0.0000000000e+00,0.0000000000e+00,-7.0000000000e-01,0.0000000000e+00,0.0000000000e+00,1.4000000000e+00,-7.0000000000e-01,0.0000000000e+00,-7.0000000000e-01,0.0000000000e+00,0.0000000000e+00,1.4000000000e+00,-7.0000000000e-01,0.0000000000e+00
3.4164072201e-02,0.0000000000e+00,4.6872431968e-01,0.0000000000e+00,0.0000000000e+00,0.0000000000e+00,1.0000000000e+00,0.0000000000e+00,0.0000000000e+00,0.0000000000e+00,-1.3000000000e+00,0.0000000000e+00,0.0000000000e+00,0.0000000000e+00,1.3000000000e+00,0.0000000000e+00,0.0000000000e+00,-7.0000000000e-01,0.0000000000e+00,0.0000000000e+00,1.4000000000e+00,-7.0000000000e-01,0.0000000000e+00,-7.0000000000e-01,0.0000000000e+00,0.0000000000e+00,1.4000000000e+00,-7.0000000000e-01,0.0000000000e+00
3.4164072201e-02,0.0000000000e+00,4.6872431968e-01,0.0000000000e+00,0.0000000000e+00,0.0000000000e+00,1.0000000000e+00,0.0000000000e+00,0.0000000000e+00,0.0000000000e+00,-1.3000000000e+00,0.0000000000e+00,0.0000000000e+00,0.0000000000e+00,1.3000000000e+00,0.0000000000e+00,0.0000000000e+00,-7.0000000000e-01,0.0000000000e+00,0.0000000000e+00,1.4000000000e+00,-7.0000000000e-01,0.0000000000e+00,-7.0000000000e-01,0.0000000000e+00,0.0000000000e+00,1.4000000000e+00,-7.0000000000e-01,0.0000000000e+00
3.4164072201e-02,0.0000000000e+00,4.6872431968e-01,0.0000000000e+00,0.0000000000e+00,0.0000000000e+00,1.0000000000e+00,0.0000000000e+00,0.0000000000e+00,0.0000000000e+00,-1.3000000000e+00,0.0000000000e+00,0.0000000000e+00,0.0000000000e+00,1.3000000000e+00,0.0000000000e+00,0.0000000000e+00,-7.0000000000e-01,0.0000000000e+00,0.0000000000e+00,1.4000000000e+00,-7.0000000000e-01,0.0000000000e+00,-7.0000000000e-01,0.0000000000e+00,0.0000000000e+00,1.4000000000e+00,-7.0000000000e-01,0.0000000000e+00
3.4164072201e-02,0.0000000000e+00,4.6872431968e-01,0.0000000000e+00,0.0000000000e+00,0.0000000000e+00,1.0000000000e+00,0.0000000000e+00,0.0000000000e+00,0.0000000000e+00,-1.3000000000e+00,0.0000000000e+00,0.0000000000e+00,0.0000000000e+00,1.3000000000e+00,0.0000000000e+00,0.0000000000e+00,-7.0000000000e-01,0.0000000000e+00,0.0000000000e+00,1.4000000000e+00,-7.0000000000e-01,0.0000000000e+00,-7.0000000000e-01,0.0000000000e+00,0.0000000000e+00,1.4000000000e+00,-7.0000000000e-01,0.0000000000e+00
3.4164072201e-02,0.0000000000e+00,4.6872431968e-01,0.0000000000e+00,0.0000000000e+00,0.0000000000e+00,1.0000000000e+00,0.0000000000e+00,0.0000000000e+00,0.0000000000e+00,-1.3000000000e+00,0.0000000000e+00,0.0000000000e+00,0.0000000000e+00,1.3000000000e+00,0.0000000000e+00,0.0000000000e+00,-7.0000000000e-01,0.0000000000e+00,0.0000000000e+00,1.4000000000e+00,-7.0000000000e-01,0.0000000000e+00,-7.0000000000e-01,0.0000000000e+00,0.0000000000e+00,1.4000000000e+00,-7.0000000000e-01,0.0000000000e+00
3.4164072201e-02,0.0000000000e+00,4.6872431968e-01,0.0000000000e+00,0.0000000000e+00,0.0000000000e+00,1.0000000000e+00,0.0000000000e+00,0.0000000000e+00,0.0000000000e+00,-1.3000000000e+00,0.0000000000e+00,0.0000000000e+00,0.0000000000e+00,1.3000000000e+00,0.0000000000e+00,0.0000000000e+00,-7.0000000000e-01,0.0000000000e+00,0.0000000000e+00,1.4000000000e+00,-7.0000000000e-01,0.0000000000e+00,-7.0000000000e-01,0.0000000000e+00,0.0000000000e+00,1.4000000000e+00,-7.0000000000e-01,0.0000000000e+00
3.4164072201e-02,0.0000000000e+00,4.6872431968e-01,0.0000000000e+00,0.0000000000e+00,0.0000000000e+00,1.0000000000e+00,0.0000000000e+00,0.0000000000e+00,0.0000000000e+00,-1.3000000000e+00,0.0000000000e+00,0.0000000000e+00,0.0000000000e+00,1.3000000000e+00,0.0000000000e+00,0.0000000000e+00,-7.0000000000e-01,0.0000000000e+00,0.0000000000e+00,1.4000000000e+00,-7.0000000000e-01,0.0000000000e+00,-7.0000000000e-01,0.0000000000e+00,0.0000000000e+00,1.4000000000e+00,-7.0000000000e-01,0.0000000000e+00
3.4164072201e-02,0.0000000000e+00,4.6872431968e-01,0.0000000000e+00,0.0000000000e+00,0.0000000000e+00,1.0000000000e+00,0.0000000000e+00,0.0000000000e+00,0.0000000000e+00,-1.3000000000e+00,0.0000000000e+00,0.0000000000e+00,0.0000000000e+00,1.3000000000e+00,0.0000000000e+00,0.0000000000e+00,-7.0000000000e-01,0.0000000000e+00,0.0000000000e+00,1.4000000000e+00,-7.0000000000e-01,0.0000000000e+00,-7.0000000000e-01,0.0000000000e+00,0.0000000000e+00,1.4000000000e+00,-7.0000000000e-01,0.0000000000e+00
3.4164072201e-02,0.0000000000e+00,4.6872431968e-01,0.0000000000e+00,0.0000000000e+00,0.0000000000e+00,1.0000000000e+00,0.0000000000e+00,0.0000000000e+00,0.0000000000e+00,-1.3000000000e+00,0.0000000000e+00,0.0000000000e+00,0.0000000000e+00,1.3000000000e+00,0.0000000000e+00,0.0000000000e+00,-7.0000000000e-01,0.0000000000e+00,0.0000000000e+00,1.4000000000e+00,-7.0000000000e-01,0.0000000000e+00,-7.0000000000e-01,0.0000000000e+00,0.0000000000e+00,1.4000000000e+00,-7.0000000000e-01,0.0000000000e+00
3.4164072201e-02,0.0000000000e+00,4.6872431968e-01,0.0000000000e+00,0.0000000000e+00,0.0000000000e+00,1.0000000000e+00,0.0000000000e+00,0.0000000000e+00,0.0000000000e+00,-1.3000000000e+00,0.0000000000e+00,0.0000000000e+00,0.0000000000e+00,1.3000000000e+00,0.0000000000e+00,0.0000000000e+00,-7.0000000000e-01,0.0000000000e+00,0.0000000000e+00,1.4000000000e+00,-7.0000000000e-01,0.0000000000e+00,-7.0000000000e-01,0.0000000000e+00,0.0000000000e+00,1.4000000000e+00,-7.0000000000e-01,0.0000000000e+00
3.4164072201e-02,0.0000000000e+00,4.6872431968e-01,0.0000000000e+00,0.0000000000e+00,0.0000000000e+00,1.0000000000e+00,0.0000000000e+00,0.0000000000e+00,0.0000000000e+00,-1.3000000000e+00,0.0000000000e+00,0.0000000000e+00,0.0000000000e+00,1.3000000000e+00,0.0000000000e+00,0.0000000000e+00,-7.0000000000e-01,0.0000000000e+00,0.0000000000e+00,1.4000000000e+00,-7.0000000000e-01,0.0000000000e+00,-7.0000000000e-01,0.0000000000e+00,0.0000000000e+00,1.4000000000e+00,-7.0000000000e-01,0.0000000000e+00
3.4164072201e-02,0.0000000000e+00,4.6872431968e-01,0.0000000000e+00,0.0000000000e+00,0.0000000000e+00,1.0000000000e+00,0.0000000000e+00,0.0000000000e+00,0.0000000000e+00,-1.3000000000e+00,0.0000000000e+00,0.0000000000e+00,0.0000000000e+00,1.3000000000e+00,0.0000000000e+00,0.0000000000e+00,-7.0000000000e-01,0.0000000000e+00,0.0000000000e+00,1.4000000000e+00,-7.0000000000e-01,0.0000000000e+00,-7.0000000000e-01,0.0000000000e+00,0.0000000000e+00,1.4000000000e+00,-7.0000000000e-01,0.0000000000e+00
3.4164072201e-02,0.0000000000e+00,4.6872431968e-01,0.0000000000e+00,0.0000000000e+00,0.0000000000e+00,1.0000000000e+00,0.0000000000e+00,0.0000000000e+00,0.0000000000e+00,-1.3000000000e+00,0.0000000000e+00,0.0000000000e+00,0.0000000000e+00,1.3000000000e+00,0.0000000000e+00,0.0000000000e+00,-7.0000000000e-01,0.0000000000e+00,0.0000000000e+00,1.4000000000e+00,-7.0000000000e-01,0.0000000000e+00,-7.0000000000e-01,0.0000000000e+00,0.0000000000e+00,1.4000000000e+00,-7.0000000000e-01,0.0000000000e+00
3.4164072201e-02,0.0000000000e+00,4.6872431968e-01,0.0000000000e+00,0.0000000000e+00,0.0000000000e+00,1.0000000000e+00,0.0000000000e+00,0.0000000000e+00,0.0000000000e+00,-1.3000000000e+00,0.0000000000e+00,0.0000000000e+00,0.0000000000e+00,1.3000000000e+00,0.0000000000e+00,0.0000000000e+00,-7.0000000000e-01,0.0000000000e+00,0.0000000000e+00,1.4000000000e+00,-7.0000000000e-01,0.0000000000e+00,-7.0000000000e-01,0.0000000000e+00,0.0000000000e+00,1.4000000000e+00,-7.0000000000e-01,0.0000000000e+00
3.4164072201e-02,0.0000000000e+00,4.6872431968e-01,0.0000000000e+00,0.0000000000e+00,0.0000000000e+00,1.0000000000e+00,0.0000000000e+00,0.0000000000e+00,0.0000000000e+00,-1.3000000000e+00,0.0000000000e+00,0.0000000000e+00,0.0000000000e+00,1.3000000000e+00,0.0000000000e+00,0.0000000000e+00,-7.0000000000e-01,0.0000000000e+00,0.0000000000e+00,1.4000000000e+00,-7.0000000000e-01,0.0000000000e+00,-7.0000000000e-01,0.0000000000e+00,0.0000000000e+00,1.4000000000e+00,-7.0000000000e-01,0.0000000000e+00
3.4164072201e-02,0.0000000000e+00,4.6872431968e-01,0.0000000000e+00,0.0000000000e+00,0.0000000000e+00,1.0000000000e+00,0.0000000000e+00,0.0000000000e+00,0.0000000000e+00,-1.3000000000e+00,0.0000000000e+00,0.0000000000e+00,0.0000000000e+00,1.3000000000e+00,0.0000000000e+00,0.0000000000e+00,-7.0000000000e-01,0.0000000000e+00,0.0000000000e+00,1.4000000000e+00,-7.0000000000e-01,0.0000000000e+00,-7.0000000000e-01,0.0000000000e+00,0.0000000000e+00,1.4000000000e+00,-7.0000000000e-01,0.0000000000e+00
3.4164072201e-02,0.0000000000e+00,4.6872431968e-01,0.0000000000e+00,0.0000000000e+00,0.0000000000e+00,1.0000000000e+00,0.0000000000e+00,0.0000000000e+00,0.0000000000e+00,-1.3000000000e+00,0.0000000000e+00,0.0000000000e+00,0.0000000000e+00,1.3000000000e+00,0.0000000000e+00,0.0000000000e+00,-7.0000000000e-01,0.0000000000e+00,0.0000000000e+00,1.4000000000e+00,-7.0000000000e-01,0.0000000000e+00,-7.0000000000e-01,0.0000000000e+00,0.0000000000e+00,1.4000000000e+00,-7.0000000000e-01,0.0000000000e+00
3.4164072201e-02,0.0000000000e+00,4.6872431968e-01,0.0000000000e+00,0.0000000000e+00,0.0000000000e+00,1.0000000000e+00,0.0000000000e+00,0.0000000000e+00,0.0000000000e+00,-1.3000000000e+00,0.0000000000e+00,0.0000000000e+00,0.0000000000e+00,1.3000000000e+00,0.0000000000e+00,0.0000000000e+00,-7.0000000000e-01,0.0000000000e+00,0.0000000000e+00,1.4000000000e+00,-7.0000000000e-01,0.0000000000e+00,-7.0000000000e-01,0.0000000000e+00,0.0000000000e+00,1.4000000000e+00,-7.0000000000e-01,0.0000000000e+00
3.4164072201e-02,0.0000000000e+00,4.6872431968e-01,0.0000000000e+00,0.0000000000e+00,0.0000000000e+00,1.0000000000e+00,0.0000000000e+00,0.0000000000e+00,0.0000000000e+00,-1.3000000000e+00,0.0000000000e+00,0.0000000000e+00,0.0000000000e+00,1.3000000000e+00,0.0000000000e+00,0.0000000000e+00,-7.0000000000e-01,0.0000000000e+00,0.0000000000e+00,1.4000000000e+00,-7.0000000000e-01,0.0000000000e+00,-7.0000000000e-01,0.0000000000e+00,0.0000000000e+00,1.4000000000e+00,-7.0000000000e-01,0.0000000000e+00
3.4164072201e-02,0.0000000000e+00,4.6872431968e-01,0.0000000000e+00,0.0000000000e+00,0.0000000000e+00,1.0000000000e+00,0.0000000000e+00,0.0000000000e+00,0.0000000000e+00,-1.3000000000e+00,0.0000000000e+00,0.0000000000e+00,0.0000000000e+00,1.3000000000e+00,0.0000000000e+00,0.0000000000e+00,-7.0000000000e-01,0.0000000000e+00,0.0000000000e+00,1.4000000000e+00,-7.0000000000e-01,0.0000000000e+00,-7.0000000000e-01,0.0000000000e+00,0.0000000000e+00,1.4000000000e+00,-7.0000000000e-01,0.0000000000e+00
3.4164072201e-02,0.0000000000e+00,4.6872431968e-01,0.0000000000e+00,0.0000000000e+00,0.0000000000e+00,1.0000000000e+00,0.0000000000e+00,0.0000000000e+00,0.0000000000e+00,-1.3000000000e+00,0.0000000000e+00,0.0000000000e+00,0.0000000000e+00,1.3000000000e+00,0.0000000000e+00,0.0000000000e+00,-7.0000000000e-01,0.0000000000e+00,0.0000000000e+00,1.4000000000e+00,-7.0000000000e-01,0.0000000000e+00,-7.0000000000e-01,0.0000000000e+00,0.0000000000e+00,1.4000000000e+00,-7.0000000000e-01,0.0000000000e+00
3.4164072201e-02,0.0000000000e+00,4.6872431968e-01,0.0000000000e+00,0.0000000000e+00,0.0000000000e+00,1.0000000000e+00,0.0000000000e+00,0.0000000000e+00,0.0000000000e+00,-1.3000000000e+00,0.0000000000e+00,0.0000000000e+00,0.0000000000e+00,1.3000000000e+00,0.0000000000e+00,0.0000000000e+00,-7.0000000000e-01,0.0000000000e+00,0.0000000000e+00,1.4000000000e+00,-7.0000000000e-01,0.0000000000e+00,-7.0000000000e-01,0.0000000000e+00,0.0000000000e+00,1.4000000000e+00,-7.0000000000e-01,0.0000000000e+00
3.4164072201e-02,0.0000000000e+00,4.6872431968e-01,0.0000000000e+00,0.0000000000e+00,0.0000000000e+00,1.0000000000e+00,0.0000000000e+00,0.0000000000e+00,0.0000000000e+00,-1.3000000000e+00,0.0000000000e+00,0.0000000000e+00,0.0000000000e+00,1.3000000000e+00,0.0000000000e+00,0.0000000000e+00,-7.0000000000e-01,0.0000000000e+00,0.0000000000e+00,1.4000000000e+00,-7.0000000000e-01,0.0000000000e+00,-7.0000000000e-01,0.0000000000e+00,0.0000000000e+00,1.4000000000e+00,-7.0000000000e-01,0.0000000000e+00
3.4164072201e-02,0.0000000000e+00,4.6872431968e-01,0.0000000000e+00,0.0000000000e+00,0.0000000000e+00,1.0000000000e+00,0.0000000000e+00,0.0000000000e+00,0.0000000000e+00,-1.3000000000e+00,0.0000000000e+00,0.0000000000e+00,0.0000000000e+00,1.3000000000e+00,0.0000000000e+00,0.0000000000e+00,-7.0000000000e-01,0.0000000000e+00,0.0000000000e+00,1.4000000000e+00,-7.0000000000e-01,0.0000000000e+00,-7.0000000000e-01,0.0000000000e+00,0.0000000000e+00,1.4000000000e+00,-7.0000000000e-01,0.0000000000e+00
3.4164072201e-02,0.0000000000e+00,4.6872431968e-01,0.0000000000e+00,0.0000000000e+00,0.0000000000e+00,1.0000000000e+00,0.0000000000e+00,0.0000000000e+00,0.0000000000e+00,-1.3000000000e+00,0.0000000000e+00,0.0000000000e+00,0.0000000000e+00,1.3000000000e+00,0.0000000000e+00,0.0000000000e+00,-7.0000000000e-01,0.0000000000e+00,0.0000000000e+00,1.4000000000e+00,-7.0000000000e-01,0.0000000000e+00,-7.0000000000e-01,0.0000000000e+00,0.0000000000e+00,1.4000000000e+00,-7.0000000000e-01,0.0000000000e+00
3.4164072201e-02,0.0000000000e+00,4.6872431968e-01,0.0000000000e+00,0.0000000000e+00,0.0000000000e+00,1.0000000000e+00,0.0000000000e+00,0.0000000000e+00,0.0000000000e+00,-1.3000000000e+00,0.0000000000e+00,0.0000000000e+00,0.0000000000e+00,1.3000000000e+00,0.0000000000e+00,0.0000000000e+00,-7.0000000000e-01,0.0000000000e+00,0.0000000000e+00,1.4000000000e+00,-7.0000000000e-01,0.0000000000e+00,-7.0000000000e-01,0.0000000000e+00,0.0000000000e+00,1.4000000000e+00,-7.0000000000e-01,0.0000000000e+00
3.4164072201e-02,0.0000000000e+00,4.6872431968e-01,0.0000000000e+00,0.0000000000e+00,0.0000000000e+00,1.0000000000e+00,0.0000000000e+00,0.0000000000e+00,0.0000000000e+00,-1.3000000000e+00,0.0000000000e+00,0.0000000000e+00,0.0000000000e+00,1.3000000000e+00,0.0000000000e+00,0.0000000000e+00,-7.0000000000e-01,0.0000000000e+00,0.0000000000e+00,1.4000000000e+00,-7.0000000000e-01,0.0000000000e+00,-7.0000000000e-01,0.0000000000e+00,0.0000000000e+00,1.4000000000e+00,-7.0000000000e-01,0.0000000000e+00
3.4164072201e-02,0.0000000000e+00,4.6872431968e-01,0.0000000000e+00,0.0000000000e+00,0.0000000000e+00,1.0000000000e+00,0.0000000000e+00,0.0000000000e+00,0.0000000000e+00,-1.3000000000e+00,0.0000000000e+00,0.0000000000e+00,0.0000000000e+00,1.3000000000e+00,0.0000000000e+00,0.0000000000e+00,-7.0000000000e-01,0.0000000000e+00,0.0000000000e+00,1.4000000000e+00,-7.0000000000e-01,0.0000000000e+00,-7.0000000000e-01,0.0000000000e+00,0.0000000000e+00,1.4000000000e+00,-7.0000000000e-01,0.0000000000e+00
3.4164072201e-02,0.0000000000e+00,4.6872431968e-01,0.0000000000e+00,0.0000000000e+00,0.0000000000e+00,1.0000000000e+00,0.0000000000e+00,0.0000000000e+00,0.0000000000e+00,-1.3000000000e+00,0.0000000000e+00,0.0000000000e+00,0.0000000000e+00,1.3000000000e+00,0.0000000000e+00,0.0000000000e+00,-7.0000000000e-01,0.0000000000e+00,0.0000000000e+00,1.4000000000e+00,-7.0000000000e-01,0.0000000000e+00,-7.0000000000e-01,0.0000000000e+00,0.0000000000e+00,1.4000000000e+00,-7.0000000000e-01,0.0000000000e+00
3.4164072201e-02,0.0000000000e+00,4.6872431968e-01,0.0000000000e+00,0.0000000000e+00,0.0000000000e+00,1.0000000000e+00,0.0000000000e+00,0.0000000000e+00,0.0000000000e+00,-1.3000000000e+00,0.0000000000e+00,0.0000000000e+00,0.0000000000e+00,1.3000000000e+00,0.0000000000e+00,0.0000000000e+00,-7.0000000000e-01,0.0000000000e+00,0.0000000000e+00,1.4000000000e+00,-7.0000000000e-01,0.0000000000e+00,-7.0000000000e-01,0.0000000000e+00,0.0000000000e+00,1.4000000000e+00,-7.0000000000e-01,0.0000000000e+00
3.4164072201e-02,0.0000000000e+00,4.6872431968e-01,0.0000000000e+00,0.0000000000e+00,0.0000000000e+00,1.0000000000e+00,0.0000000000e+00,0.0000000000e+00,0.0000000000e+00,-1.3000000000e+00,0.0000000000e+00,0.0000000000e+00,0.0000000000e+00,1.3000000000e+00,0.0000000000e+00,0.0000000000e+00,-7.0000000000e-01,0.0000000000e+00,0.0000000000e+00,1.4000000000e+00,-7.0000000000e-01,0.0000000000e+00,-7.0000000000e-01,0.0000000000e+00,0.0000000000e+00,1.4000000000e+00,-7.0000000000e-01,0.0000000000e+00
3.4164072201e-02,0.0000000000e+00,4.6872431968e-01,0.0000000000e+00,0.0000000000e+00,0.0000000000e+00,1.0000000000e+00,0.0000000000e+00,0.0000000000e+00,0.0000000000e+00,-1.3000000000e+00,0.0000000000e+00,0.0000000000e+00,0.0000000000e+00,1.3000000000e+00,0.0000000000e+00,0.0000000000e+00,-7.0000000000e-01,0.0000000000e+00,0.0000000000e+00,1.4000000000e+00,-7.0000000000e-01,0.0000000000e+00,-7.0000000000e-01,0.0000000000e+00,0.0000000000e+00,1.4000000000e+00,-7.0000000000e-01,0.0000000000e+00
3.4164072201e-02,0.0000000000e+00,4.6872431968e-01,0.0000000000e+00,0.0000000000e+00,0.0000000000e+00,1.0000000000e+00,0.0000000000e+00,0.0000000000e+00,0.0000000000e+00,-1.3000000000e+00,0.0000000000e+00,0.0000000000e+00,0.0000000000e+00,1.3000000000e+00,0.0000000000e+00,0.0000000000e+00,-7.0000000000e-01,0.0000000000e+00,0.0000000000e+00,1.4000000000e+00,-7.0000000000e-01,0.0000000000e+00,-7.0000000000e-01,0.0000000000e+00,0.0000000000e+00,1.4000000000e+00,-7.0000000000e-01,0.0000000000e+00
3.4164072201e-02,0.0000000000e+00,4.6872431968e-01,0.0000000000e+00,0.0000000000e+00,0.0000000000e+00,1.0000000000e+00,0.0000000000e+00,0.0000000000e+00,0.0000000000e+00,-1.3000000000e+00,0.0000000000e+00,0.0000000000e+00,0.0000000000e+00,1.3000000000e+00,0.0000000000e+00,0.0000000000e+00,-7.0000000000e-01,0.0000000000e+00,0.0000000000e+00,1.4000000000e+00,-7.0000000000e-01,0.0000000000e+00,-7.0000000000e-01,0.0000000000e+00,0.0000000000e+00,1.4000000000e+00,-7.0000000000e-01,0.0000000000e+00
3.4164072201e-02,0.0000000000e+00,4.6872431968e-01,0.0000000000e+00,0.0000000000e+00,0.0000000000e+00,1.0000000000e+00,0.0000000000e+00,0.0000000000e+00,0.0000000000e+00,-1.3000000000e+00,0.0000000000e+00,0.0000000000e+00,0.0000000000e+00,1.3000000000e+00,0.0000000000e+00,0.0000000000e+00,-7.0000000000e-01,0.0000000000e+00,0.0000000000e+00,1.4000000000e+00,-7.0000000000e-01,0.0000000000e+00,-7.0000000000e-01,0.0000000000e+00,0.0000000000e+00,1.4000000000e+00,-7.0000000000e-01,0.0000000000e+00
3.4164072201e-02,0.0000000000e+00,4.6872431968e-01,0.0000000000e+00,0.0000000000e+00,0.0000000000e+00,1.0000000000e+00,0.0000000000e+00,0.0000000000e+00,0.0000000000e+00,-1.3000000000e+00,0.0000000000e+00,0.0000000000e+00,0.0000000000e+00,1.3000000000e+00,0.0000000000e+00,0.0000000000e+00,-7.0000000000e-01,0.0000000000e+00,0.0000000000e+00,1.4000000000e+00,-7.0000000000e-01,0.0000000000e+00,-7.0000000000e-01,0.0000000000e+00,0.0000000000e+00,1.4000000000e+00,-7.0000000000e-01,0.0000000000e+00
3.4164072201e-02,0.0000000000e+00,4.6872431968e-01,0.0000000000e+00,0.0000000000e+00,0.0000000000e+00,1.0000000000e+00,0.0000000000e+00,0.0000000000e+00,0.0000000000e+00,-1.3000000000e+00,0.0000000000e+00,0.0000000000e+00,0.0000000000e+00,1.3000000000e+00,0.0000000000e+00,0.0000000000e+00,-7.0000000000e-01,0.0000000000e+00,0.0000000000e+00,1.4000000000e+00,-7.0000000000e-01,0.0000000000e+00,-7.0000000000e-01,0.0000000000e+00,0.0000000000e+00,1.4000000000e+00,-7.0000000000e-01,0.0000000000e+00
3.4164072201e-02,0.0000000000e+00,4.6872431968e-01,0.0000000000e+00,0.0000000000e+00,0.0000000000e+00,1.0000000000e+00,0.0000000000e+00,0.0000000000e+00,0.0000000000e+00,-1.3000000000e+00,0.0000000000e+00,0.0000000000e+00,0.0000000000e+00,1.3000000000e+00,0.0000000000e+00,0.0000000000e+00,-7.0000000000e-01,0.0000000000e+00,0.0000000000e+00,1.4000000000e+00,-7.0000000000e-01,0.0000000000e+00,-7.0000000000e-01,0.0000000000e+00,0.0000000000e+00,1.4000000000e+00,-7.0000000000e-01,0.0000000000e+00
3.4164072201e-02,0.0000000000e+00,4.6872431968e-01,0.0000000000e+00,0.0000000000e+00,0.0000000000e+00,1.0000000000e+00,0.0000000000e+00,0.0000000000e+00,0.0000000000e+00,-1.3000000000e+00,0.0000000000e+00,0.0000000000e+00,0.0000000000e+00,1.3000000000e+00,0.0000000000e+00,0.0000000000e+00,-7.0000000000e-01,0.0000000000e+00,0.0000000000e+00,1.4000000000e+00,-7.0000000000e-01,0.0000000000e+00,-7.0000000000e-01,0.0000000000e+00,0.0000000000e+00,1.4000000000e+00,-7.0000000000e-01,0.0000000000e+00
3.4164072201e-02,0.0000000000e+00,4.6872431968e-01,0.0000000000e+00,0.0000000000e+00,0.0000000000e+00,1.0000000000e+00,0.0000000000e+00,0.0000000000e+00,0.0000000000e+00,-1.3000000000e+00,0.0000000000e+00,0.0000000000e+00,0.0000000000e+00,1.3000000000e+00,0.0000000000e+00,0.0000000000e+00,-7.0000000000e-01,0.0000000000e+00,0.0000000000e+00,1.4000000000e+00,-7.0000000000e-01,0.0000000000e+00,-7.0000000000e-01,0.0000000000e+00,0.0000000000e+00,1.4000000000e+00,-7.0000000000e-01,0.0000000000e+00
3.4164072201e-02,0.0000000000e+00,4.6872431968e-01,0.0000000000e+00,0.0000000000e+00,0.0000000000e+00,1.0000000000e+00,0.0000000000e+00,0.0000000000e+00,0.0000000000e+00,-1.3000000000e+00,0.0000000000e+00,0.0000000000e+00,0.0000000000e+00,1.3000000000e+00,0.0000000000e+00,0.0000000000e+00,-7.0000000000e-01,0.0000000000e+00,0.0000000000e+00,1.4000000000e+00,-7.0000000000e-01,0.0000000000e+00,-7.0000000000e-01,0.0000000000e+00,0.0000000000e+00,1.4000000000e+00,-7.0000000000e-01,0.0000000000e+00
3.4164072201e-02,0.0000000000e+00,4.6872431968e-01,0.0000000000e+00,0.0000000000e+00,0.0000000000e+00,1.0000000000e+00,0.0000000000e+00,0.0000000000e+00,0.0000000000e+00,-1.3000000000e+00,0.0000000000e+00,0.0000000000e+00,0.0000000000e+00,1.3000000000e+00,0.0000000000e+00,0.0000000000e+00,-7.0000000000e-01,0.0000000000e+00,0.0000000000e+00,1.4000000000e+00,-7.0000000000e-01,0.0000000000e+00,-7.0000000000e-01,0.0000000000e+00,0.0000000000e+00,1.4000000000e+00,-7.0000000000e-01,0.0000000000e+00
3.4164072201e-02,0.0000000000e+00,4.6872431968e-01,0.0000000000e+00,0.0000000000e+00,0.0000000000e+00,1.0000000000e+00,0.0000000000e+00,0.0000000000e+00,0.0000000000e+00,-1.3000000000e+00,0.0000000000e+00,0.0000000000e+00,0.0000000000e+00,1.3000000000e+00,0.0000000000e+00,0.0000000000e+00,-7.0000000000e-01,0.0000000000e+00,0.0000000000e+00,1.4000000000e+00,-7.0000000000e-01,0.0000000000e+00,-7.0000000000e-01,0.0000000000e+00,0.0000000000e+00,1.4000000000e+00,-7.0000000000e-01,0.0000000000e+00
3.4164072201e-02,0.0000000000e+00,4.6872431968e-01,0.0000000000e+00,0.0000000000e+00,0.0000000000e+00,1.0000000000e+00,0.0000000000e+00,0.0000000000e+00,0.0000000000e+00,-1.3000000000e+00,0.0000000000e+00,0.0000000000e+00,0.0000000000e+00,1.3000000000e+00,0.0000000000e+00,0.0000000000e+00,-7.0000000000e-01,0.0000000000e+00,0.0000000000e+00,1.4000000000e+00,-7.0000000000e-01,0.0000000000e+00,-7.0000000000e-01,0.0000000000e+00,0.0000000000e+00,1.4000000000e+00,-7.0000000000e-01,0.0000000000e+00
3.4164072201e-02,0.0000000000e+00,4.6872431968e-01,0.0000000000e+00,0.0000000000e+00,0.0000000000e+00,1.0000000000e+00,0.0000000000e+00,0.0000000000e+00,0.0000000000e+00,-1.3000000000e+00,0.0000000000e+00,0.0000000000e+00,0.0000000000e+00,1.3000000000e+00,0.0000000000e+00,0.0000000000e+00,-7.0000000000e-01,0.0000000000e+00,0.0000000000e+00,1.4000000000e+00,-7.0000000000e-01,0.0000000000e+00,-7.0000000000e-01,0.0000000000e+00,0.0000000000e+00,1.4000000000e+00,-7.0000000000e-01,0.0000000000e+00
3.4164072201e-02,0.0000000000e+00,4.6872431968e-01,0.0000000000e+00,0.0000000000e+00,0.0000000000e+00,1.0000000000e+00,0.0000000000e+00,0.0000000000e+00,0.0000000000e+00,-1.3000000000e+00,0.0000000000e+00,0.0000000000e+00,0.0000000000e+00,1.3000000000e+00,0.0000000000e+00,0.0000000000e+00,-7.0000000000e-01,0.0000000000e+00,0.0000000000e+00,1.4000000000e+00,-7.0000000000e-01,0.0000000000e+00,-7.0000000000e-01,0.0000000000e+00,0.0000000000e+00,1.4000000000e+00,-7.0000000000e-01,0.0000000000e+00
3.4164072201e-02,0.0000000000e+00,4.6872431968e-01,0.0000000000e+00,0.0000000000e+00,0.0000000000e+00,1.0000000000e+00,0.0000000000e+00,0.0000000000e+00,0.0000000000e+00,-1.3000000000e+00,0.0000000000e+00,0.0000000000e+00,0.0000000000e+00,1.3000000000e+00,0.0000000000e+00,0.0000000000e+00,-7.0000000000e-01,0.0000000000e+00,0.0000000000e+00,1.4000000000e+00,-7.0000000000e-01,0.0000000000e+00,-7.0000000000e-01,0.0000000000e+00,0.0000000000e+00,1.4000000000e+00,-7.0000000000e-01,0.0000000000e+00
3.4164072201e-02,0.0000000000e+00,4.6872431968e-01,0.0000000000e+00,0.0000000000e+00,0.0000000000e+00,1.0000000000e+00,0.0000000000e+00,0.0000000000e+00,0.0000000000e+00,-1.3000000000e+00,0.0000000000e+00,0.0000000000e+00,0.0000000000e+00,1.3000000000e+00,0.0000000000e+00,0.0000000000e+00,-7.0000000000e-01,0.0000000000e+00,0.0000000000e+00,1.4000000000e+00,-7.0000000000e-01,0.0000000000e+00,-7.0000000000e-01,0.0000000000e+00,0.0000000000e+00,1.4000000000e+00,-7.0000000000e-01,0.0000000000e+00
3.4164072201e-02,0.0000000000e+00,4.6872431968e-01,0.0000000000e+00,0.0000000000e+00,0.0000000000e+00,1.0000000000e+00,0.0000000000e+00,0.0000000000e+00,0.0000000000e+00,-1.3000000000e+00,0.0000000000e+00,0.0000000000e+00,0.0000000000e+00,1.3000000000e+00,0.0000000000e+00,0.0000000000e+00,-7.0000000000e-01,0.0000000000e+00,0.0000000000e+00,1.4000000000e+00,-7.0000000000e-01,0.0000000000e+00,-7.0000000000e-01,0.0000000000e+00,0.0000000000e+00,1.4000000000e+00,-7.0000000000e-01,0.0000000000e+00
3.4164072201e-02,0.0000000000e+00,4.6872431968e-01,0.0000000000e+00,0.0000000000e+00,0.0000000000e+00,1.0000000000e+00,0.0000000000e+00,0.0000000000e+00,0.0000000000e+00,-1.3000000000e+00,0.0000000000e+00,0.0000000000e+00,0.0000000000e+00,1.3000000000e+00,0.0000000000e+00,0.0000000000e+00,-7.0000000000e-01,0.0000000000e+00,0.0000000000e+00,1.4000000000e+00,-7.0000000000e-01,0.0000000000e+00,-7.0000000000e-01,0.0000000000e+00,0.0000000000e+00,1.4000000000e+00,-7.0000000000e-01,0.0000000000e+00
3.4164072201e-02,0.0000000000e+00,4.6872431968e-01,0.0000000000e+00,0.0000000000e+00,0.0000000000e+00,1.0000000000e+00,0.0000000000e+00,0.0000000000e+00,0.0000000000e+00,-1.3000000000e+00,0.0000000000e+00,0.0000000000e+00,0.0000000000e+00,1.3000000000e+00,0.0000000000e+00,0.0000000000e+00,-7.0000000000e-01,0.0000000000e+00,0.0000000000e+00,1.4000000000e+00,-7.0000000000e-01,0.0000000000e+00,-7.0000000000e-01,0.0000000000e+00,0.0000000000e+00,1.4000000000e+00,-7.0000000000e-01,0.0000000000e+00
3.4164072201e-02,0.0000000000e+00,4.6872431968e-01,0.0000000000e+00,0.0000000000e+00,0.0000000000e+00,1.0000000000e+00,0.0000000000e+00,0.0000000000e+00,0.0000000000e+00,-1.3000000000e+00,0.0000000000e+00,0.0000000000e+00,0.0000000000e+00,1.3000000000e+00,0.0000000000e+00,0.0000000000e+00,-7.0000000000e-01,0.0000000000e+00,0.0000000000e+00,1.4000000000e+00,-7.0000000000e-01,0.0000000000e+00,-7.0000000000e-01,0.0000000000e+00,0.0000000000e+00,1.4000000000e+00,-7.0000000000e-01,0.0000000000e+00
3.4164072201e-02,0.0000000000e+00,4.6872431968e-01,0.0000000000e+00,0.0000000000e+00,0.0000000000e+00,1.0000000000e+00,0.0000000000e+00,0.0000000000e+00,0.0000000000e+00,-1.3000000000e+00,0.0000000000e+00,0.0000000000e+00,0.0000000000e+00,1.3000000000e+00,0.0000000000e+00,0.0000000000e+00,-7.0000000000e-01,0.0000000000e+00,0.0000000000e+00,1.4000000000e+00,-7.0000000000e-01,0.0000000000e+00,-7.0000000000e-01,0.0000000000e+00,0.0000000000e+00,1.4000000000e+00,-7.0000000000e-01,0.0000000000e+00
3.4164072201e-02,0.0000000000e+00,4.6872431968e-01,0.0000000000e+00,0.0000000000e+00,0.0000000000e+00,1.0000000000e+00,0.0000000000e+00,0.0000000000e+00,0.0000000000e+00,-1.3000000000e+00,0.0000000000e+00,0.0000000000e+00,0.0000000000e+00,1.3000000000e+00,0.0000000000e+00,0.0000000000e+00,-7.0000000000e-01,0.0000000000e+00,0.0000000000e+00,1.4000000000e+00,-7.0000000000e-01,0.0000000000e+00,-7.0000000000e-01,0.0000000000e+00,0.0000000000e+00,1.4000000000e+00,-7.0000000000e-01,0.0000000000e+00
3.4164072201e-02,0.0000000000e+00,4.6872431968e-01,0.0000000000e+00,0.0000000000e+00,0.0000000000e+00,1.0000000000e+00,0.0000000000e+00,0.0000000000e+00,0.0000000000e+00,-1.3000000000e+00,0.0000000000e+00,0.0000000000e+00,0.0000000000e+00,1.3000000000e+00,0.0000000000e+00,0.0000000000e+00,-7.0000000000e-01,0.0000000000e+00,0.0000000000e+00,1.4000000000e+00,-7.0000000000e-01,0.0000000000e+00,-7.0000000000e-01,0.0000000000e+00,0.0000000000e+00,1.4000000000e+00,-7.0000000000e-01,0.0000000000e+00
3.4164072201e-02,0.0000000000e+00,4.6872431968e-01,0.0000000000e+00,0.0000000000e+00,0.0000000000e+00,1.0000000000e+00,0.0000000000e+00,0.0000000000e+00,0.0000000000e+00,-1.3000000000e+00,0.0000000000e+00,0.0000000000e+00,0.0000000000e+00,1.3000000000e+00,0.0000000000e+00,0.0000000000e+00,-7.0000000000e-01,0.0000000000e+00,0.0000000000e+00,1.4000000000e+00,-7.0000000000e-01,0.0000000000e+00,-7.0000000000e-01,0.0000000000e+00,0.0000000000e+00,1.4000000000e+00,-7.0000000000e-01,0.0000000000e+00
3.4164072201e-02,0.0000000000e+00,4.6872431968e-01,0.0000000000e+00,0.0000000000e+00,0.0000000000e+00,1.0000000000e+00,0.0000000000e+00,0.0000000000e+00,0.0000000000e+00,-1.3000000000e+00,0.0000000000e+00,0.0000000000e+00,0.0000000000e+00,1.3000000000e+00,0.0000000000e+00,0.0000000000e+00,-7.0000000000e-01,0.0000000000e+00,0.0000000000e+00,1.4000000000e+00,-7.0000000000e-01,0.0000000000e+00,-7.0000000000e-01,0.0000000000e+00,0.0000000000e+00,1.4000000000e+00,-7.0000000000e-01,0.0000000000e+00
3.4164072201e-02,0.0000000000e+00,4.6872431968e-01,0.0000000000e+00,0.0000000000e+00,0.0000000000e+00,1.0000000000e+00,0.0000000000e+00,0.0000000000e+00,0.0000000000e+00,-1.3000000000e+00,0.0000000000e+00,0.0000000000e+00,0.0000000000e+00,1.3000000000e+00,0.0000000000e+00,0.0000000000e+00,-7.0000000000e-01,0.0000000000e+00,0.0000000000e+00,1.4000000000e+00,-7.0000000000e-01,0.0000000000e+00,-7.0000000000e-01,0.0000000000e+00,0.0000000000e+00,1.4000000000e+00,-7.0000000000e-01,0.0000000000e+00
3.4164072201e-02,0.0000000000e+00,4.6872431968e-01,0.0000000000e+00,0.0000000000e+00,0.0000000000e+00,1.0000000000e+00,0.0000000000e+00,0.0000000000e+00,0.0000000000e+00,-1.3000000000e+00,0.0000000000e+00,0.0000000000e+00,0.0000000000e+00,1.3000000000e+00,0.0000000000e+00,0.0000000000e+00,-7.0000000000e-01,0.0000000000e+00,0.0000000000e+00,1.4000000000e+00,-7.0000000000e-01,0.0000000000e+00,-7.0000000000e-01,0.0000000000e+00,0.0000000000e+00,1.4000000000e+00,-7.0000000000e-01,0.0000000000e+00
3.4164072201e-02,0.0000000000e+00,4.6872431968e-01,0.0000000000e+00,0.0000000000e+00,0.0000000000e+00,1.0000000000e+00,0.0000000000e+00,0.0000000000e+00,0.0000000000e+00,-1.3000000000e+00,0.0000000000e+00,0.0000000000e+00,0.0000000000e+00,1.3000000000e+00,0.0000000000e+00,0.0000000000e+00,-7.0000000000e-01,0.0000000000e+00,0.0000000000e+00,1.4000000000e+00,-7.0000000000e-01,0.0000000000e+00,-7.0000000000e-01,0.0000000000e+00,0.0000000000e+00,1.4000000000e+00,-7.0000000000e-01,0.0000000000e+00
3.4164072201e-02,0.0000000000e+00,4.6872431968e-01,0.0000000000e+00,0.0000000000e+00,0.0000000000e+00,1.0000000000e+00,0.0000000000e+00,0.0000000000e+00,0.0000000000e+00,-1.3000000000e+00,0.0000000000e+00,0.0000000000e+00,0.0000000000e+00,1.3000000000e+00,0.0000000000e+00,0.0000000000e+00,-7.0000000000e-01,0.0000000000e+00,0.0000000000e+00,1.4000000000e+00,-7.0000000000e-01,0.0000000000e+00,-7.0000000000e-01,0.0000000000e+00,0.0000000000e+00,1.4000000000e+00,-7.0000000000e-01,0.0000000000e+00
3.4164072201e-02,0.0000000000e+00,4.6872431968e-01,0.0000000000e+00,0.0000000000e+00,0.0000000000e+00,1.0000000000e+00,0.0000000000e+00,0.0000000000e+00,0.0000000000e+00,-1.3000000000e+00,0.0000000000e+00,0.0000000000e+00,0.0000000000e+00,1.3000000000e+00,0.0000000000e+00,0.0000000000e+00,-7.0000000000e-01,0.0000000000e+00,0.0000000000e+00,1.4000000000e+00,-7.0000000000e-01,0.0000000000e+00,-7.0000000000e-01,0.0000000000e+00,0.0000000000e+00,1.4000000000e+00,-7.0000000000e-01,0.0000000000e+00
3.4164072201e-02,0.0000000000e+00,4.6872431968e-01,0.0000000000e+00,0.0000000000e+00,0.0000000000e+00,1.0000000000e+00,0.0000000000e+00,0.0000000000e+00,0.0000000000e+00,-1.3000000000e+00,0.0000000000e+00,0.0000000000e+00,0.0000000000e+00,1.3000000000e+00,0.0000000000e+00,0.0000000000e+00,-7.0000000000e-01,0.0000000000e+00,0.0000000000e+00,1.4000000000e+00,-7.0000000000e-01,0.0000000000e+00,-7.0000000000e-01,0.0000000000e+00,0.0000000000e+00,1.4000000000e+00,-7.0000000000e-01,0.0000000000e+00
3.4164072201e-02,0.0000000000e+00,4.6872431968e-01,0.0000000000e+00,0.0000000000e+00,0.0000000000e+00,1.0000000000e+00,0.0000000000e+00,0.0000000000e+00,0.0000000000e+00,-1.3000000000e+00,0.0000000000e+00,0.0000000000e+00,0.0000000000e+00,1.3000000000e+00,0.0000000000e+00,0.0000000000e+00,-7.0000000000e-01,0.0000000000e+00,0.0000000000e+00,1.4000000000e+00,-7.0000000000e-01,0.0000000000e+00,-7.0000000000e-01,0.0000000000e+00,0.0000000000e+00,1.4000000000e+00,-7.0000000000e-01,0.0000000000e+00
3.4164072201e-02,0.0000000000e+00,4.6872431968e-01,0.0000000000e+00,0.0000000000e+00,0.0000000000e+00,1.0000000000e+00,0.0000000000e+00,0.0000000000e+00,0.0000000000e+00,-1.3000000000e+00,0.0000000000e+00,0.0000000000e+00,0.0000000000e+00,1.3000000000e+00,0.0000000000e+00,0.0000000000e+00,-7.0000000000e-01,0.0000000000e+00,0.0000000000e+00,1.4000000000e+00,-7.0000000000e-01,0.0000000000e+00,-7.0000000000e-01,0.0000000000e+00,0.0000000000e+00,1.4000000000e+00,-7.0000000000e-01,0.0000000000e+00
3.4164072201e-02,0.0000000000e+00,4.6872431968e-01,0.0000000000e+00,0.0000000000e+00,0.0000000000e+00,1.0000000000e+00,0.0000000000e+00,0.0000000000e+00,0.0000000000e+00,-1.3000000000e+00,0.0000000000e+00,0.0000000000e+00,0.0000000000e+00,1.3000000000e+00,0.0000000000e+00,0.0000000000e+00,-7.0000000000e-01,0.0000000000e+00,0.0000000000e+00,1.4000000000e+00,-7.0000000000e-01,0.0000000000e+00,-7.0000000000e-01,0.0000000000e+00,0.0000000000e+00,1.4000000000e+00,-7.0000000000e-01,0.0000000000e+00
3.4164072201e-02,0.0000000000e+00,4.6872431968e-01,0.0000000000e+00,0.0000000000e+00,0.0000000000e+00,1.0000000000e+00,0.0000000000e+00,0.0000000000e+00,0.0000000000e+00,-1.3000000000e+00,0.0000000000e+00,0.0000000000e+00,0.0000000000e+00,1.3000000000e+00,0.0000000000e+00,0.0000000000e+00,-7.0000000000e-01,0.0000000000e+00,0.0000000000e+00,1.4000000000e+00,-7.0000000000e-01,0.0000000000e+00,-7.0000000000e-01,0.0000000000e+00,0.0000000000e+00,1.4000000000e+00,-7.0000000000e-01,0.0000000000e+00
3.4164072201e-02,0.0000000000e+00,4.6872431968e-01,0.0000000000e+00,0.0000000000e+00,0.0000000000e+00,1.0000000000e+00,0.0000000000e+00,0.0000000000e+00,0.0000000000e+00,-1.3000000000e+00,0.0000000000e+00,0.0000000000e+00,0.0000000000e+00,1.3000000000e+00,0.0000000000e+00,0.0000000000e+00,-7.0000000000e-01,0.0000000000e+00,0.0000000000e+00,1.4000000000e+00,-7.0000000000e-01,0.0000000000e+00,-7.0000000000e-01,0.0000000000e+00,0.0000000000e+00,1.4000000000e+00,-7.0000000000e-01,0.0000000000e+00
3.4164072201e-02,0.0000000000e+00,4.6872431968e-01,0.0000000000e+00,0.0000000000e+00,0.0000000000e+00,1.0000000000e+00,0.0000000000e+00,0.0000000000e+00,0.0000000000e+00,-1.3000000000e+00,0.0000000000e+00,0.0000000000e+00,0.0000000000e+00,1.3000000000e+00,0.0000000000e+00,0.0000000000e+00,-7.0000000000e-01,0.0000000000e+00,0.0000000000e+00,1.4000000000e+00,-7.0000000000e-01,0.0000000000e+00,-7.0000000000e-01,0.0000000000e+00,0.0000000000e+00,1.4000000000e+00,-7.0000000000e-01,0.0000000000e+00
3.4164072201e-02,0.0000000000e+00,4.6872431968e-01,0.0000000000e+00,0.0000000000e+00,0.0000000000e+00,1.0000000000e+00,0.0000000000e+00,0.0000000000e+00,0.0000000000e+00,-1.3000000000e+00,0.0000000000e+00,0.0000000000e+00,0.0000000000e+00,1.3000000000e+00,0.0000000000e+00,0.0000000000e+00,-7.0000000000e-01,0.0000000000e+00,0.0000000000e+00,1.4000000000e+00,-7.0000000000e-01,0.0000000000e+00,-7.0000000000e-01,0.0000000000e+00,0.0000000000e+00,1.4000000000e+00,-7.0000000000e-01,0.0000000000e+00
3.4164072201e-02,0.0000000000e+00,4.6872431968e-01,0.0000000000e+00,0.0000000000e+00,0.0000000000e+00,1.0000000000e+00,0.0000000000e+00,0.0000000000e+00,0.0000000000e+00,-1.3000000000e+00,0.0000000000e+00,0.0000000000e+00,0.0000000000e+00,1.3000000000e+00,0.0000000000e+00,0.0000000000e+00,-7.0000000000e-01,0.0000000000e+00,0.0000000000e+00,1.4000000000e+00,-7.0000000000e-01,0.0000000000e+00,-7.0000000000e-01,0.0000000000e+00,0.0000000000e+00,1.4000000000e+00,-7.0000000000e-01,0.0000000000e+00
3.4164072201e-02,0.0000000000e+00,4.6872431968e-01,0.0000000000e+00,0.0000000000e+00,0.0000000000e+00,1.0000000000e+00,0.0000000000e+00,0.0000000000e+00,0.0000000000e+00,-1.3000000000e+00,0.0000000000e+00,0.0000000000e+00,0.0000000000e+00,1.3000000000e+00,0.0000000000e+00,0.0000000000e+00,-7.0000000000e-01,0.0000000000e+00,0.0000000000e+00,1.4000000000e+00,-7.0000000000e-01,0.0000000000e+00,-7.0000000000e-01,0.0000000000e+00,0.0000000000e+00,1.4000000000e+00,-7.0000000000e-01,0.0000000000e+00
3.4164072201e-02,0.0000000000e+00,4.6872431968e-01,0.0000000000e+00,0.0000000000e+00,0.0000000000e+00,1.0000000000e+00,0.0000000000e+00,0.0000000000e+00,0.0000000000e+00,-1.3000000000e+00,0.0000000000e+00,0.0000000000e+00,0.0000000000e+00,1.3000000000e+00,0.0000000000e+00,0.0000000000e+00,-7.0000000000e-01,0.0000000000e+00,0.0000000000e+00,1.4000000000e+00,-7.0000000000e-01,0.0000000000e+00,-7.0000000000e-01,0.0000000000e+00,0.0000000000e+00,1.4000000000e+00,-7.0000000000e-01,0.0000000000e+00
3.4164072201e-02,0.0000000000e+00,4.6872431968e-01,0.0000000000e+00,0.0000000000e+00,0.0000000000e+00,1.0000000000e+00,0.0000000000e+00,0.0000000000e+00,0.0000000000e+00,-1.3000000000e+00,0.0000000000e+00,0.0000000000e+00,0.0000000000e+00,1.3000000000e+00,0.0000000000e+00,0.0000000000e+00,-7.0000000000e-01,0.0000000000e+00,0.0000000000e+00,1.4000000000e+00,-7.0000000000e-01,0.0000000000e+00,-7.0000000000e-01,0.0000000000e+00,0.0000000000e+00,1.4000000000e+00,-7.0000000000e-01,0.0000000000e+00
3.4164072201e-02,0.0000000000e+00,4.6872431968e-01,0.0000000000e+00,0.0000000000e+00,0.0000000000e+00,1.0000000000e+00,0.0000000000e+00,0.0000000000e+00,0.0000000000e+00,-1.3000000000e+00,0.0000000000e+00,0.0000000000e+00,0.0000000000e+00,1.3000000000e+00,0.0000000000e+00,0.0000000000e+00,-7.0000000000e-01,0.0000000000e+00,0.0000000000e+00,1.4000000000e+00,-7.0000000000e-01,0.0000000000e+00,-7.0000000000e-01,0.0000000000e+00,0.0000000000e+00,1.4000000000e+00,-7.0000000000e-01,0.0000000000e+00
3.4164072201e-02,0.0000000000e+00,4.6872431968e-01,0.0000000000e+00,0.0000000000e+00,0.0000000000e+00,1.0000000000e+00,0.0000000000e+00,0.0000000000e+00,0.0000000000e+00,-1.3000000000e+00,0.0000000000e+00,0.0000000000e+00,0.0000000000e+00,1.3000000000e+00,0.0000000000e+00,0.0000000000e+00,-7.0000000000e-01,0.0000000000e+00,0.0000000000e+00,1.4000000000e+00,-7.0000000000e-01,0.0000000000e+00,-7.0000000000e-01,0.0000000000e+00,0.0000000000e+00,1.4000000000e+00,-7.0000000000e-01,0.0000000000e+00
3.4164072201e-02,0.0000000000e+00,4.6872431968e-01,0.0000000000e+00,0.0000000000e+00,0.0000000000e+00,1.0000000000e+00,0.0000000000e+00,0.0000000000e+00,0.0000000000e+00,-1.3000000000e+00,0.0000000000e+00,0.0000000000e+00,0.0000000000e+00,1.3000000000e+00,0.0000000000e+00,0.0000000000e+00,-7.0000000000e-01,0.0000000000e+00,0.0000000000e+00,1.4000000000e+00,-7.0000000000e-01,0.0000000000e+00,-7.0000000000e-01,0.0000000000e+00,0.0000000000e+00,1.4000000000e+00,-7.0000000000e-01,0.0000000000e+00
3.4164072201e-02,0.0000000000e+00,4.6872431968e-01,0.0000000000e+00,0.0000000000e+00,0.0000000000e+00,1.0000000000e+00,0.0000000000e+00,0.0000000000e+00,0.0000000000e+00,-1.3000000000e+00,0.0000000000e+00,0.0000000000e+00,0.0000000000e+00,1.3000000000e+00,0.0000000000e+00,0.0000000000e+00,-7.0000000000e-01,0.0000000000e+00,0.0000000000e+00,1.4000000000e+00,-7.0000000000e-01,0.0000000000e+00,-7.0000000000e-01,0.0000000000e+00,0.0000000000e+00,1.4000000000e+00,-7.0000000000e-01,0.0000000000e+00
3.4164072201e-02,0.0000000000e+00,4.6872431968e-01,0.0000000000e+00,0.0000000000e+00,0.0000000000e+00,1.0000000000e+00,0.0000000000e+00,0.0000000000e+00,0.0000000000e+00,-1.3000000000e+00,0.0000000000e+00,0.0000000000e+00,0.0000000000e+00,1.3000000000e+00,0.0000000000e+00,0.0000000000e+00,-7.0000000000e-01,0.0000000000e+00,0.0000000000e+00,1.4000000000e+00,-7.0000000000e-01,0.0000000000e+00,-7.0000000000e-01,0.0000000000e+00,0.0000000000e+00,1.4000000000e+00,-7.0000000000e-01,0.0000000000e+00
3.4164072201e-02,0.0000000000e+00,4.6872431968e-01,0.0000000000e+00,0.0000000000e+00,0.0000000000e+00,1.0000000000e+00,0.0000000000e+00,0.0000000000e+00,0.0000000000e+00,-1.3000000000e+00,0.0000000000e+00,0.0000000000e+00,0.0000000000e+00,1.3000000000e+00,0.0000000000e+00,0.0000000000e+00,-7.0000000000e-01,0.0000000000e+00,0.0000000000e+00,1.4000000000e+00,-7.0000000000e-01,0.0000000000e+00,-7.0000000000e-01,0.0000000000e+00,0.0000000000e+00,1.4000000000e+00,-7.0000000000e-01,0.0000000000e+00
3.4164072201e-02,0.0000000000e+00,4.6872431968e-01,0.0000000000e+00,0.0000000000e+00,0.0000000000e+00,1.0000000000e+00,0.0000000000e+00,0.0000000000e+00,0.0000000000e+00,-1.3000000000e+00,0.0000000000e+00,0.0000000000e+00,0.0000000000e+00,1.3000000000e+00,0.0000000000e+00,0.0000000000e+00,-7.0000000000e-01,0.0000000000e+00,0.0000000000e+00,1.4000000000e+00,-7.0000000000e-01,0.0000000000e+00,-7.0000000000e-01,0.0000000000e+00,0.0000000000e+00,1.4000000000e+00,-7.0000000000e-01,0.0000000000e+00
3.4164072201e-02,0.0000000000e+00,4.6872431968e-01,0.0000000000e+00,0.0000000000e+00,0.0000000000e+00,1.0000000000e+00,0.0000000000e+00,0.0000000000e+00,0.0000000000e+00,-1.3000000000e+00,0.0000000000e+00,0.0000000000e+00,0.0000000000e+00,1.3000000000e+00,0.0000000000e+00,0.0000000000e+00,-7.0000000000e-01,0.0000000000e+00,0.0000000000e+00,1.4000000000e+00,-7.0000000000e-01,0.0000000000e+00,-7.0000000000e-01,0.0000000000e+00,0.0000000000e+00,1.4000000000e+00,-7.0000000000e-01,0.0000000000e+00
3.4164072201e-02,0.0000000000e+00,4.6872431968e-01,0.0000000000e+00,0.0000000000e+00,0.0000000000e+00,1.0000000000e+00,0.0000000000e+00,0.0000000000e+00,0.0000000000e+00,-1.3000000000e+00,0.0000000000e+00,0.0000000000e+00,0.0000000000e+00,1.3000000000e+00,0.0000000000e+00,0.0000000000e+00,-7.0000000000e-01,0.0000000000e+00,0.0000000000e+00,1.4000000000e+00,-7.0000000000e-01,0.0000000000e+00,-7.0000000000e-01,0.0000000000e+00,0.0000000000e+00,1.4000000000e+00,-7.0000000000e-01,0.0000000000e+00
3.4164072201e-02,0.0000000000e+00,4.6872431968e-01,0.0000000000e+00,0.0000000000e+00,0.0000000000e+00,1.0000000000e+00,0.0000000000e+00,0.0000000000e+00,0.0000000000e+00,-1.3000000000e+00,0.0000000000e+00,0.0000000000e+00,0.0000000000e+00,1.3000000000e+00,0.0000000000e+00,0.0000000000e+00,-7.0000000000e-01,0.0000000000e+00,0.0000000000e+00,1.4000000000e+00,-7.0000000000e-01,0.0000000000e+00,-7.0000000000e-01,0.0000000000e+00,0.0000000000e+00,1.4000000000e+00,-7.0000000000e-01,0.0000000000e+00
3.4164072201e-02,0.0000000000e+00,4.6872431968e-01,0.0000000000e+00,0.0000000000e+00,0.0000000000e+00,1.0000000000e+00,0.0000000000e+00,0.0000000000e+00,0.0000000000e+00,-1.3000000000e+00,0.0000000000e+00,0.0000000000e+00,0.0000000000e+00,1.3000000000e+00,0.0000000000e+00,0.0000000000e+00,-7.0000000000e-01,0.0000000000e+00,0.0000000000e+00,1.4000000000e+00,-7.0000000000e-01,0.0000000000e+00,-7.0000000000e-01,0.0000000000e+00,0.0000000000e+00,1.4000000000e+00,-7.0000000000e-01,0.0000000000e+00
3.4164072201e-02,0.0000000000e+00,4.6872431968e-01,0.0000000000e+00,0.0000000000e+00,0.0000000000e+00,1.0000000000e+00,0.0000000000e+00,0.0000000000e+00,0.0000000000e+00,-1.3000000000e+00,0.0000000000e+00,0.0000000000e+00,0.0000000000e+00,1.3000000000e+00,0.0000000000e+00,0.0000000000e+00,-7.0000000000e-01,0.0000000000e+00,0.0000000000e+00,1.4000000000e+00,-7.0000000000e-01,0.0000000000e+00,-7.0000000000e-01,0.0000000000e+00,0.0000000000e+00,1.4000000000e+00,-7.0000000000e-01,0.0000000000e+00
3.4164072201e-02,0.0000000000e+00,4.6872431968e-01,0.0000000000e+00,0.0000000000e+00,0.0000000000e+00,1.0000000000e+00,0.0000000000e+00,0.0000000000e+00,0.0000000000e+00,-1.3000000000e+00,0.0000000000e+00,0.0000000000e+00,0.0000000000e+00,1.3000000000e+00,0.0000000000e+00,0.0000000000e+00,-7.0000000000e-01,0.0000000000e+00,0.0000000000e+00,1.4000000000e+00,-7.0000000000e-01,0.0000000000e+00,-7.0000000000e-01,0.0000000000e+00,0.0000000000e+00,1.4000000000e+00,-7.0000000000e-01,0.0000000000e+00
3.4164072201e-02,0.0000000000e+00,4.6872431968e-01,0.0000000000e+00,0.0000000000e+00,0.0000000000e+00,1.0000000000e+00,0.0000000000e+00,0.0000000000e+00,0.0000000000e+00,-1.3000000000e+00,0.0000000000e+00,0.0000000000e+00,0.0000000000e+00,1.3000000000e+00,0.0000000000e+00,0.0000000000e+00,-7.0000000000e-01,0.0000000000e+00,0.0000000000e+00,1.4000000000e+00,-7.0000000000e-01,0.0000000000e+00,-7.0000000000e-01,0.0000000000e+00,0.0000000000e+00,1.4000000000e+00,-7.0000000000e-01,0.0000000000e+00
3.4164072201e-02,0.0000000000e+00,4.6872431968e-01,0.0000000000e+00,0.0000000000e+00,0.0000000000e+00,1.0000000000e+00,0.0000000000e+00,0.0000000000e+00,0.0000000000e+00,-1.3000000000e+00,0.0000000000e+00,0.0000000000e+00,0.0000000000e+00,1.3000000000e+00,0.0000000000e+00,0.0000000000e+00,-7.0000000000e-01,0.0000000000e+00,0.0000000000e+00,1.4000000000e+00,-7.0000000000e-01,0.0000000000e+00,-7.0000000000e-01,0.0000000000e+00,0.0000000000e+00,1.4000000000e+00,-7.0000000000e-01,0.0000000000e+00
3.4164072201e-02,0.0000000000e+00,4.6872431968e-01,0.0000000000e+00,0.0000000000e+00,0.0000000000e+00,1.0000000000e+00,0.0000000000e+00,0.0000000000e+00,0.0000000000e+00,-1.3000000000e+00,0.0000000000e+00,0.0000000000e+00,0.0000000000e+00,1.3000000000e+00,0.0000000000e+00,0.0000000000e+00,-7.0000000000e-01,0.0000000000e+00,0.0000000000e+00,1.4000000000e+00,-7.0000000000e-01,0.0000000000e+00,-7.0000000000e-01,0.0000000000e+00,0.0000000000e+00,1.4000000000e+00,-7.0000000000e-01,0.0000000000e+00
3.4164072201e-02,0.0000000000e+00,4.6872431968e-01,0.0000000000e+00,0.0000000000e+00,0.0000000000e+00,1.0000000000e+00,0.0000000000e+00,0.0000000000e+00,0.0000000000e+00,-1.3000000000e+00,0.0000000000e+00,0.0000000000e+00,0.0000000000e+00,1.3000000000e+00,0.0000000000e+00,0.0000000000e+00,-7.0000000000e-01,0.0000000000e+00,0.0000000000e+00,1.4000000000e+00,-7.0000000000e-01,0.0000000000e+00,-7.0000000000e-01,0.0000000000e+00,0.0000000000e+00,1.4000000000e+00,-7.0000000000e-01,0.0000000000e+00
3.4164072201e-02,0.0000000000e+00,4.6872431968e-01,0.0000000000e+00,0.0000000000e+00,0.0000000000e+00,1.0000000000e+00,0.0000000000e+00,0.0000000000e+00,0.0000000000e+00,-1.3000000000e+00,0.0000000000e+00,0.0000000000e+00,0.0000000000e+00,1.3000000000e+00,0.0000000000e+00,0.0000000000e+00,-7.0000000000e-01,0.0000000000e+00,0.0000000000e+00,1.4000000000e+00,-7.0000000000e-01,0.0000000000e+00,-7.0000000000e-01,0.0000000000e+00,0.0000000000e+00,1.4000000000e+00,-7.0000000000e-01,0.0000000000e+00
3.4164072201e-02,0.0000000000e+00,4.6872431968e-01,0.0000000000e+00,0.0000000000e+00,0.0000000000e+00,1.0000000000e+00,0.0000000000e+00,0.0000000000e+00,0.0000000000e+00,-1.3000000000e+00,0.0000000000e+00,0.0000000000e+00,0.0000000000e+00,1.3000000000e+00,0.0000000000e+00,0.0000000000e+00,-7.0000000000e-01,0.0000000000e+00,0.0000000000e+00,1.4000000000e+00,-7.0000000000e-01,0.0000000000e+00,-7.0000000000e-01,0.0000000000e+00,0.0000000000e+00,1.4000000000e+00,-7.0000000000e-01,0.0000000000e+00
3.4164072201e-02,0.0000000000e+00,4.6872431968e-01,0.0000000000e+00,0.0000000000e+00,0.0000000000e+00,1.0000000000e+00,0.0000000000e+00,0.0000000000e+00,0.0000000000e+00,-1.3000000000e+00,0.0000000000e+00,0.0000000000e+00,0.0000000000e+00,1.3000000000e+00,0.0000000000e+00,0.0000000000e+00,-7.0000000000e-01,0.0000000000e+00,0.0000000000e+00,1.4000000000e+00,-7.0000000000e-01,0.0000000000e+00,-7.0000000000e-01,0.0000000000e+00,0.0000000000e+00,1.4000000000e+00,-7.0000000000e-01,0.0000000000e+00
3.4164072201e-02,0.0000000000e+00,4.6872431968e-01,0.0000000000e+00,0.0000000000e+00,0.0000000000e+00,1.0000000000e+00,0.0000000000e+00,0.0000000000e+00,0.0000000000e+00,-1.3000000000e+00,0.0000000000e+00,0.0000000000e+00,0.0000000000e+00,1.3000000000e+00,0.0000000000e+00,0.0000000000e+00,-7.0000000000e-01,0.0000000000e+00,0.0000000000e+00,1.4000000000e+00,-7.0000000000e-01,0.0000000000e+00,-7.0000000000e-01,0.0000000000e+00,0.0000000000e+00,1.4000000000e+00,-7.0000000000e-01,0.0000000000e+00
3.4164072201e-02,0.0000000000e+00,4.6872431968e-01,0.0000000000e+00,0.0000000000e+00,0.0000000000e+00,1.0000000000e+00,0.0000000000e+00,0.0000000000e+00,0.0000000000e+00,-1.3000000000e+00,0.0000000000e+00,0.0000000000e+00,0.0000000000e+00,1.3000000000e+00,0.0000000000e+00,0.0000000000e+00,-7.0000000000e-01,0.0000000000e+00,0.0000000000e+00,1.4000000000e+00,-7.0000000000e-01,0.0000000000e+00,-7.0000000000e-01,0.0000000000e+00,0.0000000000e+00,1.4000000000e+00,-7.0000000000e-01,0.0000000000e+00
3.4164072201e-02,0.0000000000e+00,4.6872431968e-01,0.0000000000e+00,0.0000000000e+00,0.0000000000e+00,1.0000000000e+00,0.0000000000e+00,0.0000000000e+00,0.0000000000e+00,-1.3000000000e+00,0.0000000000e+00,0.0000000000e+00,0.0000000000e+00,1.3000000000e+00,0.0000000000e+00,0.0000000000e+00,-7.0000000000e-01,0.0000000000e+00,0.0000000000e+00,1.4000000000e+00,-7.0000000000e-01,0.0000000000e+00,-7.0000000000e-01,0.0000000000e+00,0.0000000000e+00,1.4000000000e+00,-7.0000000000e-01,0.0000000000e+00
3.4164072201e-02,0.0000000000e+00,4.6872431968e-01,0.0000000000e+00,0.0000000000e+00,0.0000000000e+00,1.0000000000e+00,0.0000000000e+00,0.0000000000e+00,0.0000000000e+00,-1.3000000000e+00,0.0000000000e+00,0.0000000000e+00,0.0000000000e+00,1.3000000000e+00,0.0000000000e+00,0.0000000000e+00,-7.0000000000e-01,0.0000000000e+00,0.0000000000e+00,1.4000000000e+00,-7.0000000000e-01,0.0000000000e+00,-7.0000000000e-01,0.0000000000e+00,0.0000000000e+00,1.4000000000e+00,-7.0000000000e-01,0.0000000000e+00
3.4164072201e-02,0.0000000000e+00,4.6872431968e-01,0.0000000000e+00,0.0000000000e+00,0.0000000000e+00,1.0000000000e+00,0.0000000000e+00,0.0000000000e+00,0.0000000000e+00,-1.3000000000e+00,0.0000000000e+00,0.0000000000e+00,0.0000000000e+00,1.3000000000e+00,0.0000000000e+00,0.0000000000e+00,-7.0000000000e-01,0.0000000000e+00,0.0000000000e+00,1.4000000000e+00,-7.0000000000e-01,0.0000000000e+00,-7.0000000000e-01,0.0000000000e+00,0.0000000000e+00,1.4000000000e+00,-7.0000000000e-01,0.0000000000e+00
3.4164072201e-02,0.0000000000e+00,4.6872431968e-01,0.0000000000e+00,0.0000000000e+00,0.0000000000e+00,1.0000000000e+00,0.0000000000e+00,0.0000000000e+00,0.0000000000e+00,-1.3000000000e+00,0.0000000000e+00,0.0000000000e+00,0.0000000000e+00,1.3000000000e+00,0.0000000000e+00,0.0000000000e+00,-7.0000000000e-01,0.0000000000e+00,0.0000000000e+00,1.4000000000e+00,-7.0000000000e-01,0.0000000000e+00,-7.0000000000e-01,0.0000000000e+00,0.0000000000e+00,1.4000000000e+00,-7.0000000000e-01,0.0000000000e+00
3.4164072201e-02,0.0000000000e+00,4.6872431968e-01,0.0000000000e+00,0.0000000000e+00,0.0000000000e+00,1.0000000000e+00,0.0000000000e+00,0.0000000000e+00,0.0000000000e+00,-1.3000000000e+00,0.0000000000e+00,0.0000000000e+00,0.0000000000e+00,1.3000000000e+00,0.0000000000e+00,0.0000000000e+00,-7.0000000000e-01,0.0000000000e+00,0.0000000000e+00,1.4000000000e+00,-7.0000000000e-01,0.0000000000e+00,-7.0000000000e-01,0.0000000000e+00,0.0000000000e+00,1.4000000000e+00,-7.0000000000e-01,0.0000000000e+00
3.4164072201e-02,0.0000000000e+00,4.6872431968e-01,0.0000000000e+00,0.0000000000e+00,0.0000000000e+00,1.0000000000e+00,0.0000000000e+00,0.0000000000e+00,0.0000000000e+00,-1.3000000000e+00,0.0000000000e+00,0.0000000000e+00,0.0000000000e+00,1.3000000000e+00,0.0000000000e+00,0.0000000000e+00,-7.0000000000e-01,0.0000000000e+00,0.0000000000e+00,1.4000000000e+00,-7.0000000000e-01,0.0000000000e+00,-7.0000000000e-01,0.0000000000e+00,0.0000000000e+00,1.4000000000e+00,-7.0000000000e-01,0.0000000000e+00
3.4164072201e-02,0.0000000000e+00,4.6872431968e-01,0.0000000000e+00,0.0000000000e+00,0.0000000000e+00,1.0000000000e+00,0.0000000000e+00,0.0000000000e+00,0.0000000000e+00,-1.3000000000e+00,0.0000000000e+00,0.0000000000e+00,0.0000000000e+00,1.3000000000e+00,0.0000000000e+00,0.0000000000e+00,-7.0000000000e-01,0.0000000000e+00,0.0000000000e+00,1.4000000000e+00,-7.0000000000e-01,0.0000000000e+00,-7.0000000000e-01,0.0000000000e+00,0.0000000000e+00,1.4000000000e+00,-7.0000000000e-01,0.0000000000e+00
3.4164072201e-02,0.0000000000e+00,4.6872431968e-01,0.0000000000e+00,0.0000000000e+00,0.0000000000e+00,1.0000000000e+00,0.0000000000e+00,0.0000000000e+00,0.0000000000e+00,-1.3000000000e+00,0.0000000000e+00,0.0000000000e+00,0.0000000000e+00,1.3000000000e+00,0.0000000000e+00,0.0000000000e+00,-7.0000000000e-01,0.0000000000e+00,0.0000000000e+00,1.4000000000e+00,-7.0000000000e-01,0.0000000000e+00,-7.0000000000e-01,0.0000000000e+00,0.0000000000e+00,1.4000000000e+00,-7.0000000000e-01,0.0000000000e+00
3.4164072201e-02,0.0000000000e+00,4.6872431968e-01,0.0000000000e+00,0.0000000000e+00,0.0000000000e+00,1.0000000000e+00,0.0000000000e+00,0.0000000000e+00,0.0000000000e+00,-1.3000000000e+00,0.0000000000e+00,0.0000000000e+00,0.0000000000e+00,1.3000000000e+00,0.0000000000e+00,0.0000000000e+00,-7.0000000000e-01,0.0000000000e+00,0.0000000000e+00,1.4000000000e+00,-7.0000000000e-01,0.0000000000e+00,-7.0000000000e-01,0.0000000000e+00,0.0000000000e+00,1.4000000000e+00,-7.0000000000e-01,0.0000000000e+00
3.4164072201e-02,0.0000000000e+00,4.6872431968e-01,0.0000000000e+00,0.0000000000e+00,0.0000000000e+00,1.0000000000e+00,0.0000000000e+00,0.0000000000e+00,0.0000000000e+00,-1.3000000000e+00,0.0000000000e+00,0.0000000000e+00,0.0000000000e+00,1.3000000000e+00,0.0000000000e+00,0.0000000000e+00,-7.0000000000e-01,0.0000000000e+00,0.0000000000e+00,1.4000000000e+00,-7.0000000000e-01,0.0000000000e+00,-7.0000000000e-01,0.0000000000e+00,0.0000000000e+00,1.4000000000e+00,-7.0000000000e-01,0.0000000000e+00
3.4164072201e-02,0.0000000000e+00,4.6872431968e-01,0.0000000000e+00,0.0000000000e+00,0.0000000000e+00,1.0000000000e+00,0.0000000000e+00,0.0000000000e+00,0.0000000000e+00,-1.3000000000e+00,0.0000000000e+00,0.0000000000e+00,0.0000000000e+00,1.3000000000e+00,0.0000000000e+00,0.0000000000e+00,-7.0000000000e-01,0.0000000000e+00,0.0000000000e+00,1.4000000000e+00,-7.0000000000e-01,0.0000000000e+00,-7.0000000000e-01,0.0000000000e+00,0.0000000000e+00,1.4000000000e+00,-7.0000000000e-01,0.0000000000e+00
3.4164072201e-02,0.0000000000e+00,4.6872431968e-01,0.0000000000e+00,0.0000000000e+00,0.0000000000e+00,1.0000000000e+00,0.0000000000e+00,0.0000000000e+00,0.0000000000e+00,-1.3000000000e+00,0.0000000000e+00,0.0000000000e+00,0.0000000000e+00,1.3000000000e+00,0.0000000000e+00,0.0000000000e+00,-7.0000000000e-01,0.0000000000e+00,0.0000000000e+00,1.4000000000e+00,-7.0000000000e-01,0.0000000000e+00,-7.0000000000e-01,0.0000000000e+00,0.0000000000e+00,1.4000000000e+00,-7.0000000000e-01,0.0000000000e+00
3.4164072201e-02,0.0000000000e+00,4.6872431968e-01,0.0000000000e+00,0.0000000000e+00,0.0000000000e+00,1.0000000000e+00,0.0000000000e+00,0.0000000000e+00,0.0000000000e+00,-1.3000000000e+00,0.0000000000e+00,0.0000000000e+00,0.0000000000e+00,1.3000000000e+00,0.0000000000e+00,0.0000000000e+00,-7.0000000000e-01,0.0000000000e+00,0.0000000000e+00,1.4000000000e+00,-7.0000000000e-01,0.0000000000e+00,-7.0000000000e-01,0.0000000000e+00,0.0000000000e+00,1.4000000000e+00,-7.0000000000e-01,0.0000000000e+00
3.4164072201e-02,0.0000000000e+00,4.6872431968e-01,0.0000000000e+00,0.0000000000e+00,0.0000000000e+00,1.0000000000e+00,0.0000000000e+00,0.0000000000e+00,0.0000000000e+00,-1.3000000000e+00,0.0000000000e+00,0.0000000000e+00,0.0000000000e+00,1.3000000000e+00,0.0000000000e+00,0.0000000000e+00,-7.0000000000e-01,0.0000000000e+00,0.0000000000e+00,1.4000000000e+00,-7.0000000000e-01,0.0000000000e+00,-7.0000000000e-01,0.0000000000e+00,0.0000000000e+00,1.4000000000e+00,-7.0000000000e-01,0.0000000000e+00
3.4164072201e-02,0.0000000000e+00,4.6872431968e-01,0.0000000000e+00,0.0000000000e+00,0.0000000000e+00,1.0000000000e+00,0.0000000000e+00,0.0000000000e+00,0.0000000000e+00,-1.3000000000e+00,0.0000000000e+00,0.0000000000e+00,0.0000000000e+00,1.3000000000e+00,0.0000000000e+00,0.0000000000e+00,-7.0000000000e-01,0.0000000000e+00,0.0000000000e+00,1.4000000000e+00,-7.0000000000e-01,0.0000000000e+00,-7.0000000000e-01,0.0000000000e+00,0.0000000000e+00,1.4000000000e+00,-7.0000000000e-01,0.0000000000e+00
3.4164072201e-02,0.0000000000e+00,4.6872431968e-01,0.0000000000e+00,0.0000000000e+00,0.0000000000e+00,1.0000000000e+00,0.0000000000e+00,0.0000000000e+00,0.0000000000e+00,-1.3000000000e+00,0.0000000000e+00,0.0000000000e+00,0.0000000000e+00,1.3000000000e+00,0.0000000000e+00,0.0000000000e+00,-7.0000000000e-01,0.0000000000e+00,0.0000000000e+00,1.4000000000e+00,-7.0000000000e-01,0.0000000000e+00,-7.0000000000e-01,0.0000000000e+00,0.0000000000e+00,1.4000000000e+00,-7.0000000000e-01,0.0000000000e+00
3.4164072201e-02,0.0000000000e+00,4.6872431968e-01,0.0000000000e+00,0.0000000000e+00,0.0000000000e+00,1.0000000000e+00,0.0000000000e+00,0.0000000000e+00,0.0000000000e+00,-1.3000000000e+00,0.0000000000e+00,0.0000000000e+00,0.0000000000e+00,1.3000000000e+00,0.0000000000e+00,0.0000000000e+00,-7.0000000000e-01,0.0000000000e+00,0.0000000000e+00,1.4000000000e+00,-7.0000000000e-01,0.0000000000e+00,-7.0000000000e-01,0.0000000000e+00,0.0000000000e+00,1.4000000000e+00,-7.0000000000e-01,0.0000000000e+00
3.4164072201e-02,0.0000000000e+00,4.6872431968e-01,0.0000000000e+00,0.0000000000e+00,0.0000000000e+00,1.0000000000e+00,0.0000000000e+00,0.0000000000e+00,0.0000000000e+00,-1.3000000000e+00,0.0000000000e+00,0.0000000000e+00,0.0000000000e+00,1.3000000000e+00,0.0000000000e+00,0.0000000000e+00,-7.0000000000e-01,0.0000000000e+00,0.0000000000e+00,1.4000000000e+00,-7.0000000000e-01,0.0000000000e+00,-7.0000000000e-01,0.0000000000e+00,0.0000000000e+00,1.4000000000e+00,-7.0000000000e-01,0.0000000000e+00
3.4164072201e-02,0.0000000000e+00,4.6872431968e-01,0.0000000000e+00,0.0000000000e+00,0.0000000000e+00,1.0000000000e+00,0.0000000000e+00,0.0000000000e+00,0.0000000000e+00,-1.3000000000e+00,0.0000000000e+00,0.0000000000e+00,0.0000000000e+00,1.3000000000e+00,0.0000000000e+00,0.0000000000e+00,-7.0000000000e-01,0.0000000000e+00,0.0000000000e+00,1.4000000000e+00,-7.0000000000e-01,0.0000000000e+00,-7.0000000000e-01,0.0000000000e+00,0.0000000000e+00,1.4000000000e+00,-7.0000000000e-01,0.0000000000e+00
3.4164072201e-02,0.0000000000e+00,4.6872431968e-01,0.0000000000e+00,0.0000000000e+00,0.0000000000e+00,1.0000000000e+00,0.0000000000e+00,0.0000000000e+00,0.0000000000e+00,-1.3000000000e+00,0.0000000000e+00,0.0000000000e+00,0.0000000000e+00,1.3000000000e+00,0.0000000000e+00,0.0000000000e+00,-7.0000000000e-01,0.0000000000e+00,0.0000000000e+00,1.4000000000e+00,-7.0000000000e-01,0.0000000000e+00,-7.0000000000e-01,0.0000000000e+00,0.0000000000e+00,1.4000000000e+00,-7.0000000000e-01,0.0000000000e+00
3.4164072201e-02,0.0000000000e+00,4.6872431968e-01,0.0000000000e+00,0.0000000000e+00,0.0000000000e+00,1.0000000000e+00,0.0000000000e+00,0.0000000000e+00,0.0000000000e+00,-1.3000000000e+00,0.0000000000e+00,0.0000000000e+00,0.0000000000e+00,1.3000000000e+00,0.0000000000e+00,0.0000000000e+00,-7.0000000000e-01,0.0000000000e+00,0.0000000000e+00,1.4000000000e+00,-7.0000000000e-01,0.0000000000e+00,-7.0000000000e-01,0.0000000000e+00,0.0000000000e+00,1.4000000000e+00,-7.0000000000e-01,0.0000000000e+00
3.4164072201e-02,0.0000000000e+00,4.6872431968e-01,0.0000000000e+00,0.0000000000e+00,0.0000000000e+00,1.0000000000e+00,0.0000000000e+00,0.0000000000e+00,0.0000000000e+00,-1.3000000000e+00,0.0000000000e+00,0.0000000000e+00,0.0000000000e+00,1.3000000000e+00,0.0000000000e+00,0.0000000000e+00,-7.0000000000e-01,0.0000000000e+00,0.0000000000e+00,1.4000000000e+00,-7.0000000000e-01,0.0000000000e+00,-7.0000000000e-01,0.0000000000e+00,0.0000000000e+00,1.4000000000e+00,-7.0000000000e-01,0.0000000000e+00
3.4164072201e-02,0.0000000000e+00,4.6872431968e-01,0.0000000000e+00,0.0000000000e+00,0.0000000000e+00,1.0000000000e+00,0.0000000000e+00,0.0000000000e+00,0.0000000000e+00,-1.3000000000e+00,0.0000000000e+00,0.0000000000e+00,0.0000000000e+00,1.3000000000e+00,0.0000000000e+00,0.0000000000e+00,-7.0000000000e-01,0.0000000000e+00,0.0000000000e+00,1.4000000000e+00,-7.0000000000e-01,0.0000000000e+00,-7.0000000000e-01,0.0000000000e+00,0.0000000000e+00,1.4000000000e+00,-7.0000000000e-01,0.0000000000e+00
3.4164072201e-02,0.0000000000e+00,4.6872431968e-01,0.0000000000e+00,0.0000000000e+00,0.0000000000e+00,1.0000000000e+00,0.0000000000e+00,0.0000000000e+00,0.0000000000e+00,-1.3000000000e+00,0.0000000000e+00,0.0000000000e+00,0.0000000000e+00,1.3000000000e+00,0.0000000000e+00,0.0000000000e+00,-7.0000000000e-01,0.0000000000e+00,0.0000000000e+00,1.4000000000e+00,-7.0000000000e-01,0.0000000000e+00,-7.0000000000e-01,0.0000000000e+00,0.0000000000e+00,1.4000000000e+00,-7.0000000000e-01,0.0000000000e+00
3.4164072201e-02,0.0000000000e+00,4.6872431968e-01,0.0000000000e+00,0.0000000000e+00,0.0000000000e+00,1.0000000000e+00,0.0000000000e+00,0.0000000000e+00,0.0000000000e+00,-1.3000000000e+00,0.0000000000e+00,0.0000000000e+00,0.0000000000e+00,1.3000000000e+00,0.0000000000e+00,0.0000000000e+00,-7.0000000000e-01,0.0000000000e+00,0.0000000000e+00,1.4000000000e+00,-7.0000000000e-01,0.0000000000e+00,-7.0000000000e-01,0.0000000000e+00,0.0000000000e+00,1.4000000000e+00,-7.0000000000e-01,0.0000000000e+00
3.4164072201e-02,0.0000000000e+00,4.6872431968e-01,0.0000000000e+00,0.0000000000e+00,0.0000000000e+00,1.0000000000e+00,0.0000000000e+00,0.0000000000e+00,0.0000000000e+00,-1.3000000000e+00,0.0000000000e+00,0.0000000000e+00,0.0000000000e+00,1.3000000000e+00,0.0000000000e+00,0.0000000000e+00,-7.0000000000e-01,0.0000000000e+00,0.0000000000e+00,1.4000000000e+00,-7.0000000000e-01,0.0000000000e+00,-7.0000000000e-01,0.0000000000e+00,0.0000000000e+00,1.4000000000e+00,-7.0000000000e-01,0.0000000000e+00
3.4164072201e-02,0.0000000000e+00,4.6872431968e-01,0.0000000000e+00,0.0000000000e+00,0.0000000000e+00,1.0000000000e+00,0.0000000000e+00,0.0000000000e+00,0.0000000000e+00,-1.3000000000e+00,0.0000000000e+00,0.0000000000e+00,0.0000000000e+00,1.3000000000e+00,0.0000000000e+00,0.0000000000e+00,-7.0000000000e-01,0.0000000000e+00,0.0000000000e+00,1.4000000000e+00,-7.0000000000e-01,0.0000000000e+00,-7.0000000000e-01,0.0000000000e+00,0.0000000000e+00,1.4000000000e+00,-7.0000000000e-01,0.0000000000e+00
3.4164072201e-02,0.0000000000e+00,4.6872431968e-01,0.0000000000e+00,0.0000000000e+00,0.0000000000e+00,1.0000000000e+00,0.0000000000e+00,0.0000000000e+00,0.0000000000e+00,-1.3000000000e+00,0.0000000000e+00,0.0000000000e+00,0.0000000000e+00,1.3000000000e+00,0.0000000000e+00,0.0000000000e+00,-7.0000000000e-01,0.0000000000e+00,0.0000000000e+00,1.4000000000e+00,-7.0000000000e-01,0.0000000000e+00,-7.0000000000e-01,0.0000000000e+00,0.0000000000e+00,1.4000000000e+00,-7.0000000000e-01,0.0000000000e+00
3.4164072201e-02,0.0000000000e+00,4.6872431968e-01,0.0000000000e+00,0.0000000000e+00,0.0000000000e+00,1.0000000000e+00,0.0000000000e+00,0.0000000000e+00,0.0000000000e+00,-1.3000000000e+00,0.0000000000e+00,0.0000000000e+00,0.0000000000e+00,1.3000000000e+00,0.0000000000e+00,0.0000000000e+00,-7.0000000000e-01,0.0000000000e+00,0.0000000000e+00,1.4000000000e+00,-7.0000000000e-01,0.0000000000e+00,-7.0000000000e-01,0.0000000000e+00,0.0000000000e+00,1.4000000000e+00,-7.0000000000e-01,0.0000000000e+00
3.4164072201e-02,0.0000000000e+00,4.6872431968e-01,0.0000000000e+00,0.0000000000e+00,0.0000000000e+00,1.0000000000e+00,0.0000000000e+00,0.0000000000e+00,0.0000000000e+00,-1.3000000000e+00,0.0000000000e+00,0.0000000000e+00,0.0000000000e+00,1.3000000000e+00,0.0000000000e+00,0.0000000000e+00,-7.0000000000e-01,0.0000000000e+00,0.0000000000e+00,1.4000000000e+00,-7.0000000000e-01,0.0000000000e+00,-7.0000000000e-01,0.0000000000e+00,0.0000000000e+00,1.4000000000e+00,-7.0000000000e-01,0.0000000000e+00
3.4164072201e-02,0.0000000000e+00,4.6872431968e-01,0.0000000000e+00,0.0000000000e+00,0.0000000000e+00,1.0000000000e+00,0.0000000000e+00,0.0000000000e+00,0.0000000000e+00,-1.3000000000e+00,0.0000000000e+00,0.0000000000e+00,0.0000000000e+00,1.3000000000e+00,0.0000000000e+00,0.0000000000e+00,-7.0000000000e-01,0.0000000000e+00,0.0000000000e+00,1.4000000000e+00,-7.0000000000e-01,0.0000000000e+00,-7.0000000000e-01,0.0000000000e+00,0.0000000000e+00,1.4000000000e+00,-7.0000000000e-01,0.0000000000e+00
3.4164072201e-02,0.0000000000e+00,4.6872431968e-01,0.0000000000e+00,0.0000000000e+00,0.0000000000e+00,1.0000000000e+00,0.0000000000e+00,0.0000000000e+00,0.0000000000e+00,-1.3000000000e+00,0.0000000000e+00,0.0000000000e+00,0.0000000000e+00,1.3000000000e+00,0.0000000000e+00,0.0000000000e+00,-7.0000000000e-01,0.0000000000e+00,0.0000000000e+00,1.4000000000e+00,-7.0000000000e-01,0.0000000000e+00,-7.0000000000e-01,0.0000000000e+00,0.0000000000e+00,1.4000000000e+00,-7.0000000000e-01,0.0000000000e+00
3.4164072201e-02,0.0000000000e+00,4.6872431968e-01,0.0000000000e+00,0.0000000000e+00,0.0000000000e+00,1.0000000000e+00,0.0000000000e+00,0.0000000000e+00,0.0000000000e+00,-1.3000000000e+00,0.0000000000e+00,0.0000000000e+00,0.0000000000e+00,1.3000000000e+00,0.0000000000e+00,0.0000000000e+00,-7.0000000000e-01,0.0000000000e+00,0.0000000000e+00,1.4000000000e+00,-7.0000000000e-01,0.0000000000e+00,-7.0000000000e-01,0.0000000000e+00,0.0000000000e+00,1.4000000000e+00,-7.0000000000e-01,0.0000000000e+00
3.4164072201e-02,0.0000000000e+00,4.6872431968e-01,0.0000000000e+00,0.0000000000e+00,0.0000000000e+00,1.0000000000e+00,0.0000000000e+00,0.0000000000e+00,0.0000000000e+00,-1.3000000000e+00,0.0000000000e+00,0.0000000000e+00,0.0000000000e+00,1.3000000000e+00,0.0000000000e+00,0.0000000000e+00,-7.0000000000e-01,0.0000000000e+00,0.0000000000e+00,1.4000000000e+00,-7.0000000000e-01,0.0000000000e+00,-7.0000000000e-01,0.0000000000e+00,0.0000000000e+00,1.4000000000e+00,-7.0000000000e-01,0.0000000000e+00
3.4164072201e-02,0.0000000000e+00,4.6872431968e-01,0.0000000000e+00,0.0000000000e+00,0.0000000000e+00,1.0000000000e+00,0.0000000000e+00,0.0000000000e+00,0.0000000000e+00,-1.3000000000e+00,0.0000000000e+00,0.0000000000e+00,0.0000000000e+00,1.3000000000e+00,0.0000000000e+00,0.0000000000e+00,-7.0000000000e-01,0.0000000000e+00,0.0000000000e+00,1.4000000000e+00,-7.0000000000e-01,0.0000000000e+00,-7.0000000000e-01,0.0000000000e+00,0.0000000000e+00,1.4000000000e+00,-7.0000000000e-01,0.0000000000e+00
3.4164072201e-02,0.0000000000e+00,4.6872431968e-01,0.0000000000e+00,0.0000000000e+00,0.0000000000e+00,1.0000000000e+00,0.0000000000e+00,0.0000000000e+00,0.0000000000e+00,-1.3000000000e+00,0.0000000000e+00,0.0000000000e+00,0.0000000000e+00,1.3000000000e+00,0.0000000000e+00,0.0000000000e+00,-7.0000000000e-01,0.0000000000e+00,0.0000000000e+00,1.4000000000e+00,-7.0000000000e-01,0.0000000000e+00,-7.0000000000e-01,0.0000000000e+00,0.0000000000e+00,1.4000000000e+00,-7.0000000000e-01,0.0000000000e+00
3.4164072201e-02,0.0000000000e+00,4.6872431968e-01,0.0000000000e+00,0.0000000000e+00,0.0000000000e+00,1.0000000000e+00,0.0000000000e+00,0.0000000000e+00,0.0000000000e+00,-1.3000000000e+00,0.0000000000e+00,0.0000000000e+00,0.0000000000e+00,1.3000000000e+00,0.0000000000e+00,0.0000000000e+00,-7.0000000000e-01,0.0000000000e+00,0.0000000000e+00,1.4000000000e+00,-7.0000000000e-01,0.0000000000e+00,-7.0000000000e-01,0.0000000000e+00,0.0000000000e+00,1.4000000000e+00,-7.0000000000e-01,0.0000000000e+00
3.4164072201e-02,0.0000000000e+00,4.6872431968e-01,0.0000000000e+00,0.0000000000e+00,0.0000000000e+00,1.0000000000e+00,0.0000000000e+00,0.0000000000e+00,0.0000000000e+00,-1.3000000000e+00,0.0000000000e+00,0.0000000000e+00,0.0000000000e+00,1.3000000000e+00,0.0000000000e+00,0.0000000000e+00,-7.0000000000e-01,0.0000000000e+00,0.0000000000e+00,1.4000000000e+00,-7.0000000000e-01,0.0000000000e+00,-7.0000000000e-01,0.0000000000e+00,0.0000000000e+00,1.4000000000e+00,-7.0000000000e-01,0.0000000000e+00
3.4164072201e-02,0.0000000000e+00,4.6872431968e-01,0.0000000000e+00,0.0000000000e+00,0.0000000000e+00,1.0000000000e+00,0.0000000000e+00,0.0000000000e+00,0.0000000000e+00,-1.3000000000e+00,0.0000000000e+00,0.0000000000e+00,0.0000000000e+00,1.3000000000e+00,0.0000000000e+00,0.0000000000e+00,-7.0000000000e-01,0.0000000000e+00,0.0000000000e+00,1.4000000000e+00,-7.0000000000e-01,0.0000000000e+00,-7.0000000000e-01,0.0000000000e+00,0.0000000000e+00,1.4000000000e+00,-7.0000000000e-01,0.0000000000e+00
3.4164072201e-02,0.0000000000e+00,4.6872431968e-01,0.0000000000e+00,0.0000000000e+00,0.0000000000e+00,1.0000000000e+00,0.0000000000e+00,0.0000000000e+00,0.0000000000e+00,-1.3000000000e+00,0.0000000000e+00,0.0000000000e+00,0.0000000000e+00,1.3000000000e+00,0.0000000000e+00,0.0000000000e+00,-7.0000000000e-01,0.0000000000e+00,0.0000000000e+00,1.4000000000e+00,-7.0000000000e-01,0.0000000000e+00,-7.0000000000e-01,0.0000000000e+00,0.0000000000e+00,1.4000000000e+00,-7.0000000000e-01,0.0000000000e+00
3.4164072201e-02,0.0000000000e+00,4.6872431968e-01,0.0000000000e+00,0.0000000000e+00,0.0000000000e+00,1.0000000000e+00,0.0000000000e+00,0.0000000000e+00,0.0000000000e+00,-1.3000000000e+00,0.0000000000e+00,0.0000000000e+00,0.0000000000e+00,1.3000000000e+00,0.0000000000e+00,0.0000000000e+00,-7.0000000000e-01,0.0000000000e+00,0.0000000000e+00,1.4000000000e+00,-7.0000000000e-01,0.0000000000e+00,-7.0000000000e-01,0.0000000000e+00,0.0000000000e+00,1.4000000000e+00,-7.0000000000e-01,0.0000000000e+00
3.4164072201e-02,0.0000000000e+00,4.6872431968e-01,0.0000000000e+00,0.0000000000e+00,0.0000000000e+00,1.0000000000e+00,0.0000000000e+00,0.0000000000e+00,0.0000000000e+00,-1.3000000000e+00,0.0000000000e+00,0.0000000000e+00,0.0000000000e+00,1.3000000000e+00,0.0000000000e+00,0.0000000000e+00,-7.0000000000e-01,0.0000000000e+00,0.0000000000e+00,1.4000000000e+00,-7.0000000000e-01,0.0000000000e+00,-7.0000000000e-01,0.0000000000e+00,0.0000000000e+00,1.4000000000e+00,-7.0000000000e-01,0.0000000000e+00
3.4164072201e-02,0.0000000000e+00,4.6872431968e-01,0.0000000000e+00,0.0000000000e+00,0.0000000000e+00,1.0000000000e+00,0.0000000000e+00,0.0000000000e+00,0.0000000000e+00,-1.3000000000e+00,0.0000000000e+00,0.0000000000e+00,0.0000000000e+00,1.3000000000e+00,0.0000000000e+00,0.0000000000e+00,-7.0000000000e-01,0.0000000000e+00,0.0000000000e+00,1.4000000000e+00,-7.0000000000e-01,0.0000000000e+00,-7.0000000000e-01,0.0000000000e+00,0.0000000000e+00,1.4000000000e+00,-7.0000000000e-01,0.0000000000e+00
3.4164072201e-02,0.0000000000e+00,4.6872431968e-01,0.0000000000e+00,0.0000000000e+00,0.0000000000e+00,1.0000000000e+00,0.0000000000e+00,0.0000000000e+00,0.0000000000e+00,-1.3000000000e+00,0.0000000000e+00,0.0000000000e+00,0.0000000000e+00,1.3000000000e+00,0.0000000000e+00,0.0000000000e+00,-7.0000000000e-01,0.0000000000e+00,0.0000000000e+00,1.4000000000e+00,-7.0000000000e-01,0.0000000000e+00,-7.0000000000e-01,0.0000000000e+00,0.0000000000e+00,1.4000000000e+00,-7.0000000000e-01,0.0000000000e+00
3.4164072201e-02,0.0000000000e+00,4.6872431968e-01,0.0000000000e+00,0.0000000000e+00,0.0000000000e+00,1.0000000000e+00,0.0000000000e+00,0.0000000000e+00,0.0000000000e+00,-1.3000000000e+00,0.0000000000e+00,0.0000000000e+00,0.0000000000e+00,1.3000000000e+00,0.0000000000e+00,0.0000000000e+00,-7.0000000000e-01,0.0000000000e+00,0.0000000000e+00,1.4000000000e+00,-7.0000000000e-01,0.0000000000e+00,-7.0000000000e-01,0.0000000000e+00,0.0000000000e+00,1.4000000000e+00,-7.0000000000e-01,0.0000000000e+00
3.4164072201e-02,0.0000000000e+00,4.6872431968e-01,0.0000000000e+00,0.0000000000e+00,0.0000000000e+00,1.0000000000e+00,0.0000000000e+00,0.0000000000e+00,0.0000000000e+00,-1.3000000000e+00,0.0000000000e+00,0.0000000000e+00,0.0000000000e+00,1.3000000000e+00,0.0000000000e+00,0.0000000000e+00,-7.0000000000e-01,0.0000000000e+00,0.0000000000e+00,1.4000000000e+00,-7.0000000000e-01,0.0000000000e+00,-7.0000000000e-01,0.0000000000e+00,0.0000000000e+00,1.4000000000e+00,-7.0000000000e-01,0.0000000000e+00
3.4164072201e-02,0.0000000000e+00,4.6872431968e-01,0.0000000000e+00,0.0000000000e+00,0.0000000000e+00,1.0000000000e+00,0.0000000000e+00,0.0000000000e+00,0.0000000000e+00,-1.3000000000e+00,0.0000000000e+00,0.0000000000e+00,0.0000000000e+00,1.3000000000e+00,0.0000000000e+00,0.0000000000e+00,-7.0000000000e-01,0.0000000000e+00,0.0000000000e+00,1.4000000000e+00,-7.0000000000e-01,0.0000000000e+00,-7.0000000000e-01,0.0000000000e+00,0.0000000000e+00,1.4000000000e+00,-7.0000000000e-01,0.0000000000e+00
3.4164072201e-02,0.0000000000e+00,4.6872431968e-01,0.0000000000e+00,0.0000000000e+00,0.0000000000e+00,1.0000000000e+00,0.0000000000e+00,0.0000000000e+00,0.0000000000e+00,-1.3000000000e+00,0.0000000000e+00,0.0000000000e+00,0.0000000000e+00,1.3000000000e+00,0.0000000000e+00,0.0000000000e+00,-7.0000000000e-01,0.0000000000e+00,0.0000000000e+00,1.4000000000e+00,-7.0000000000e-01,0.0000000000e+00,-7.0000000000e-01,0.0000000000e+00,0.0000000000e+00,1.4000000000e+00,-7.0000000000e-01,0.0000000000e+00
3.4164072201e-02,0.0000000000e+00,4.6872431968e-01,0.0000000000e+00,0.0000000000e+00,0.0000000000e+00,1.0000000000e+00,0.0000000000e+00,0.0000000000e+00,0.0000000000e+00,-1.3000000000e+00,0.0000000000e+00,0.0000000000e+00,0.0000000000e+00,1.3000000000e+00,0.0000000000e+00,0.0000000000e+00,-7.0000000000e-01,0.0000000000e+00,0.0000000000e+00,1.4000000000e+00,-7.0000000000e-01,0.0000000000e+00,-7.0000000000e-01,0.0000000000e+00,0.0000000000e+00,1.4000000000e+00,-7.0000000000e-01,0.0000000000e+00
3.4164072201e-02,0.0000000000e+00,4.6872431968e-01,0.0000000000e+00,0.0000000000e+00,0.0000000000e+00,1.0000000000e+00,0.0000000000e+00,0.0000000000e+00,0.0000000000e+00,-1.3000000000e+00,0.0000000000e+00,0.0000000000e+00,0.0000000000e+00,1.3000000000e+00,0.0000000000e+00,0.0000000000e+00,-7.0000000000e-01,0.0000000000e+00,0.0000000000e+00,1.4000000000e+00,-7.0000000000e-01,0.0000000000e+00,-7.0000000000e-01,0.0000000000e+00,0.0000000000e+00,1.4000000000e+00,-7.0000000000e-01,0.0000000000e+00
3.4164072201e-02,0.0000000000e+00,4.6872431968e-01,0.0000000000e+00,0.0000000000e+00,0.0000000000e+00,1.0000000000e+00,0.0000000000e+00,0.0000000000e+00,0.0000000000e+00,-1.3000000000e+00,0.0000000000e+00,0.0000000000e+00,0.0000000000e+00,1.3000000000e+00,0.0000000000e+00,0.0000000000e+00,-7.0000000000e-01,0.0000000000e+00,0.0000000000e+00,1.4000000000e+00,-7.0000000000e-01,0.0000000000e+00,-7.0000000000e-01,0.0000000000e+00,0.0000000000e+00,1.4000000000e+00,-7.0000000000e-01,0.0000000000e+00
3.4164072201e-02,0.0000000000e+00,4.6872431968e-01,0.0000000000e+00,0.0000000000e+00,0.0000000000e+00,1.0000000000e+00,0.0000000000e+00,0.0000000000e+00,0.0000000000e+00,-1.3000000000e+00,0.0000000000e+00,0.0000000000e+00,0.0000000000e+00,1.3000000000e+00,0.0000000000e+00,0.0000000000e+00,-7.0000000000e-01,0.0000000000e+00,0.0000000000e+00,1.4000000000e+00,-7.0000000000e-01,0.0000000000e+00,-7.0000000000e-01,0.0000000000e+00,0.0000000000e+00,1.4000000000e+00,-7.0000000000e-01,0.0000000000e+00
3.4164072201e-02,0.0000000000e+00,4.6872431968e-01,0.0000000000e+00,0.0000000000e+00,0.0000000000e+00,1.0000000000e+00,0.0000000000e+00,0.0000000000e+00,0.0000000000e+00,-1.3000000000e+00,0.0000000000e+00,0.0000000000e+00,0.0000000000e+00,1.3000000000e+00,0.0000000000e+00,0.0000000000e+00,-7.0000000000e-01,0.0000000000e+00,0.0000000000e+00,1.4000000000e+00,-7.0000000000e-01,0.0000000000e+00,-7.0000000000e-01,0.0000000000e+00,0.0000000000e+00,1.4000000000e+00,-7.0000000000e-01,0.0000000000e+00
3.4164072201e-02,0.0000000000e+00,4.6872431968e-01,0.0000000000e+00,0.0000000000e+00,0.0000000000e+00,1.0000000000e+00,0.0000000000e+00,0.0000000000e+00,0.0000000000e+00,-1.3000000000e+00,0.0000000000e+00,0.0000000000e+00,0.0000000000e+00,1.3000000000e+00,0.0000000000e+00,0.0000000000e+00,-7.0000000000e-01,0.0000000000e+00,0.0000000000e+00,1.4000000000e+00,-7.0000000000e-01,0.0000000000e+00,-7.0000000000e-01,0.0000000000e+00,0.0000000000e+00,1.4000000000e+00,-7.0000000000e-01,0.0000000000e+00
3.4164072201e-02,0.0000000000e+00,4.6872431968e-01,0.0000000000e+00,0.0000000000e+00,0.0000000000e+00,1.0000000000e+00,0.0000000000e+00,0.0000000000e+00,0.0000000000e+00,-1.3000000000e+00,0.0000000000e+00,0.0000000000e+00,0.0000000000e+00,1.3000000000e+00,0.0000000000e+00,0.0000000000e+00,-7.0000000000e-01,0.0000000000e+00,0.0000000000e+00,1.4000000000e+00,-7.0000000000e-01,0.0000000000e+00,-7.0000000000e-01,0.0000000000e+00,0.0000000000e+00,1.4000000000e+00,-7.0000000000e-01,0.0000000000e+00
3.4164072201e-02,0.0000000000e+00,4.6872431968e-01,0.0000000000e+00,0.0000000000e+00,0.0000000000e+00,1.0000000000e+00,0.0000000000e+00,0.0000000000e+00,0.0000000000e+00,-1.3000000000e+00,0.0000000000e+00,0.0000000000e+00,0.0000000000e+00,1.3000000000e+00,0.0000000000e+00,0.0000000000e+00,-7.0000000000e-01,0.0000000000e+00,0.0000000000e+00,1.4000000000e+00,-7.0000000000e-01,0.0000000000e+00,-7.0000000000e-01,0.0000000000e+00,0.0000000000e+00,1.4000000000e+00,-7.0000000000e-01,0.0000000000e+00
3.4164072201e-02,0.0000000000e+00,4.6872431968e-01,0.0000000000e+00,0.0000000000e+00,0.0000000000e+00,1.0000000000e+00,0.0000000000e+00,0.0000000000e+00,0.0000000000e+00,-1.3000000000e+00,0.0000000000e+00,0.0000000000e+00,0.0000000000e+00,1.3000000000e+00,0.0000000000e+00,0.0000000000e+00,-7.0000000000e-01,0.0000000000e+00,0.0000000000e+00,1.4000000000e+00,-7.0000000000e-01,0.0000000000e+00,-7.0000000000e-01,0.0000000000e+00,0.0000000000e+00,1.4000000000e+00,-7.0000000000e-01,0.0000000000e+00
3.4164072201e-02,0.0000000000e+00,4.6872431968e-01,0.0000000000e+00,0.0000000000e+00,0.0000000000e+00,1.0000000000e+00,0.0000000000e+00,0.0000000000e+00,0.0000000000e+00,-1.3000000000e+00,0.0000000000e+00,0.0000000000e+00,0.0000000000e+00,1.3000000000e+00,0.0000000000e+00,0.0000000000e+00,-7.0000000000e-01,0.0000000000e+00,0.0000000000e+00,1.4000000000e+00,-7.0000000000e-01,0.0000000000e+00,-7.0000000000e-01,0.0000000000e+00,0.0000000000e+00,1.4000000000e+00,-7.0000000000e-01,0.0000000000e+00
3.4164072201e-02,0.0000000000e+00,4.6872431968e-01,0.0000000000e+00,0.0000000000e+00,0.0000000000e+00,1.0000000000e+00,0.0000000000e+00,0.0000000000e+00,0.0000000000e+00,-1.3000000000e+00,0.0000000000e+00,0.0000000000e+00,0.0000000000e+00,1.3000000000e+00,0.0000000000e+00,0.0000000000e+00,-7.0000000000e-01,0.0000000000e+00,0.0000000000e+00,1.4000000000e+00,-7.0000000000e-01,0.0000000000e+00,-7.0000000000e-01,0.0000000000e+00,0.0000000000e+00,1.4000000000e+00,-7.0000000000e-01,0.0000000000e+00
3.4164072201e-02,0.0000000000e+00,4.6872431968e-01,0.0000000000e+00,0.0000000000e+00,0.0000000000e+00,1.0000000000e+00,0.0000000000e+00,0.0000000000e+00,0.0000000000e+00,-1.3000000000e+00,0.0000000000e+00,0.0000000000e+00,0.0000000000e+00,1.3000000000e+00,0.0000000000e+00,0.0000000000e+00,-7.0000000000e-01,0.0000000000e+00,0.0000000000e+00,1.4000000000e+00,-7.0000000000e-01,0.0000000000e+00,-7.0000000000e-01,0.0000000000e+00,0.0000000000e+00,1.4000000000e+00,-7.0000000000e-01,0.0000000000e+00
3.4164072201e-02,0.0000000000e+00,4.6872431968e-01,0.0000000000e+00,0.0000000000e+00,0.0000000000e+00,1.0000000000e+00,0.0000000000e+00,0.0000000000e+00,0.0000000000e+00,-1.3000000000e+00,0.0000000000e+00,0.0000000000e+00,0.0000000000e+00,1.3000000000e+00,0.0000000000e+00,0.0000000000e+00,-7.0000000000e-01,0.0000000000e+00,0.0000000000e+00,1.4000000000e+00,-7.0000000000e-01,0.0000000000e+00,-7.0000000000e-01,0.0000000000e+00,0.0000000000e+00,1.4000000000e+00,-7.0000000000e-01,0.0000000000e+00
3.4164072201e-02,0.0000000000e+00,4.6872431968e-01,0.0000000000e+00,0.0000000000e+00,0.0000000000e+00,1.0000000000e+00,0.0000000000e+00,0.0000000000e+00,0.0000000000e+00,-1.3000000000e+00,0.0000000000e+00,0.0000000000e+00,0.0000000000e+00,1.3000000000e+00,0.0000000000e+00,0.0000000000e+00,-7.0000000000e-01,0.0000000000e+00,0.0000000000e+00,1.4000000000e+00,-7.0000000000e-01,0.0000000000e+00,-7.0000000000e-01,0.0000000000e+00,0.0000000000e+00,1.4000000000e+00,-7.0000000000e-01,0.0000000000e+00
3.4164072201e-02,0.0000000000e+00,4.6872431968e-01,0.0000000000e+00,0.0000000000e+00,0.0000000000e+00,1.0000000000e+00,0.0000000000e+00,0.0000000000e+00,0.0000000000e+00,-1.3000000000e+00,0.0000000000e+00,0.0000000000e+00,0.0000000000e+00,1.3000000000e+00,0.0000000000e+00,0.0000000000e+00,-7.0000000000e-01,0.0000000000e+00,0.0000000000e+00,1.4000000000e+00,-7.0000000000e-01,0.0000000000e+00,-7.0000000000e-01,0.0000000000e+00,0.0000000000e+00,1.4000000000e+00,-7.0000000000e-01,0.0000000000e+00
3.4164072201e-02,0.0000000000e+00,4.6872431968e-01,0.0000000000e+00,0.0000000000e+00,0.0000000000e+00,1.0000000000e+00,0.0000000000e+00,0.0000000000e+00,0.0000000000e+00,-1.3000000000e+00,0.0000000000e+00,0.0000000000e+00,0.0000000000e+00,1.3000000000e+00,0.0000000000e+00,0.0000000000e+00,-7.0000000000e-01,0.0000000000e+00,0.0000000000e+00,1.4000000000e+00,-7.0000000000e-01,0.0000000000e+00,-7.0000000000e-01,0.0000000000e+00,0.0000000000e+00,1.4000000000e+00,-7.0000000000e-01,0.0000000000e+00
3.4164072201e-02,0.0000000000e+00,4.6872431968e-01,0.0000000000e+00,0.0000000000e+00,0.0000000000e+00,1.0000000000e+00,0.0000000000e+00,0.0000000000e+00,0.0000000000e+00,-1.3000000000e+00,0.0000000000e+00,0.0000000000e+00,0.0000000000e+00,1.3000000000e+00,0.0000000000e+00,0.0000000000e+00,-7.0000000000e-01,0.0000000000e+00,0.0000000000e+00,1.4000000000e+00,-7.0000000000e-01,0.0000000000e+00,-7.0000000000e-01,0.0000000000e+00,0.0000000000e+00,1.4000000000e+00,-7.0000000000e-01,0.0000000000e+00
3.4164072201e-02,0.0000000000e+00,4.6872431968e-01,0.0000000000e+00,0.0000000000e+00,0.0000000000e+00,1.0000000000e+00,0.0000000000e+00,0.0000000000e+00,0.0000000000e+00,-1.3000000000e+00,0.0000000000e+00,0.0000000000e+00,0.0000000000e+00,1.3000000000e+00,0.0000000000e+00,0.0000000000e+00,-7.0000000000e-01,0.0000000000e+00,0.0000000000e+00,1.4000000000e+00,-7.0000000000e-01,0.0000000000e+00,-7.0000000000e-01,0.0000000000e+00,0.0000000000e+00,1.4000000000e+00,-7.0000000000e-01,0.0000000000e+00
3.4164072201e-02,0.0000000000e+00,4.6872431968e-01,0.0000000000e+00,0.0000000000e+00,0.0000000000e+00,1.0000000000e+00,0.0000000000e+00,0.0000000000e+00,0.0000000000e+00,-1.3000000000e+00,0.0000000000e+00,0.0000000000e+00,0.0000000000e+00,1.3000000000e+00,0.0000000000e+00,0.0000000000e+00,-7.0000000000e-01,0.0000000000e+00,0.0000000000e+00,1.4000000000e+00,-7.0000000000e-01,0.0000000000e+00,-7.0000000000e-01,0.0000000000e+00,0.0000000000e+00,1.4000000000e+00,-7.0000000000e-01,0.0000000000e+00
3.4164072201e-02,0.0000000000e+00,4.6872431968e-01,0.0000000000e+00,0.0000000000e+00,0.0000000000e+00,1.0000000000e+00,0.0000000000e+00,0.0000000000e+00,0.0000000000e+00,-1.3000000000e+00,0.0000000000e+00,0.0000000000e+00,0.0000000000e+00,1.3000000000e+00,0.0000000000e+00,0.0000000000e+00,-7.0000000000e-01,0.0000000000e+00,0.0000000000e+00,1.4000000000e+00,-7.0000000000e-01,0.0000000000e+00,-7.0000000000e-01,0.0000000000e+00,0.0000000000e+00,1.4000000000e+00,-7.0000000000e-01,0.0000000000e+00
3.4164072201e-02,0.0000000000e+00,4.6872431968e-01,0.0000000000e+00,0.0000000000e+00,0.0000000000e+00,1.0000000000e+00,0.0000000000e+00,0.0000000000e+00,0.0000000000e+00,-1.3000000000e+00,0.0000000000e+00,0.0000000000e+00,0.0000000000e+00,1.3000000000e+00,0.0000000000e+00,0.0000000000e+00,-7.0000000000e-01,0.0000000000e+00,0.0000000000e+00,1.4000000000e+00,-7.0000000000e-01,0.0000000000e+00,-7.0000000000e-01,0.0000000000e+00,0.0000000000e+00,1.4000000000e+00,-7.0000000000e-01,0.0000000000e+00
3.4164072201e-02,0.0000000000e+00,4.6872431968e-01,0.0000000000e+00,0.0000000000e+00,0.0000000000e+00,1.0000000000e+00,0.0000000000e+00,0.0000000000e+00,0.0000000000e+00,-1.3000000000e+00,0.0000000000e+00,0.0000000000e+00,0.0000000000e+00,1.3000000000e+00,0.0000000000e+00,0.0000000000e+00,-7.0000000000e-01,0.0000000000e+00,0.0000000000e+00,1.4000000000e+00,-7.0000000000e-01,0.0000000000e+00,-7.0000000000e-01,0.0000000000e+00,0.0000000000e+00,1.4000000000e+00,-7.0000000000e-01,0.0000000000e+00
3.4164072201e-02,0.0000000000e+00,4.6872431968e-01,0.0000000000e+00,0.0000000000e+00,0.0000000000e+00,1.0000000000e+00,0.0000000000e+00,0.0000000000e+00,0.0000000000e+00,-1.3000000000e+00,0.0000000000e+00,0.0000000000e+00,0.0000000000e+00,1.3000000000e+00,0.0000000000e+00,0.0000000000e+00,-7.0000000000e-01,0.0000000000e+00,0.0000000000e+00,1.4000000000e+00,-7.0000000000e-01,0.0000000000e+00,-7.0000000000e-01,0.0000000000e+00,0.0000000000e+00,1.4000000000e+00,-7.0000000000e-01,0.0000000000e+00
3.4164072201e-02,0.0000000000e+00,4.6872431968e-01,0.0000000000e+00,0.0000000000e+00,0.0000000000e+00,1.0000000000e+00,0.0000000000e+00,0.0000000000e+00,0.0000000000e+00,-1.3000000000e+00,0.0000000000e+00,0.0000000000e+00,0.0000000000e+00,1.3000000000e+00,0.0000000000e+00,0.0000000000e+00,-7.0000000000e-01,0.0000000000e+00,0.0000000000e+00,1.4000000000e+00,-7.0000000000e-01,0.0000000000e+00,-7.0000000000e-01,0.0000000000e+00,0.0000000000e+00,1.4000000000e+00,-7.0000000000e-01,0.0000000000e+00
3.4164072201e-02,0.0000000000e+00,4.6872431968e-01,0.0000000000e+00,0.0000000000e+00,0.0000000000e+00,1.0000000000e+00,0.0000000000e+00,0.0000000000e+00,0.0000000000e+00,-1.3000000000e+00,0.0000000000e+00,0.0000000000e+00,0.0000000000e+00,1.3000000000e+00,0.0000000000e+00,0.0000000000e+00,-7.0000000000e-01,0.0000000000e+00,0.0000000000e+00,1.4000000000e+00,-7.0000000000e-01,0.0000000000e+00,-7.0000000000e-01,0.0000000000e+00,0.0000000000e+00,1.4000000000e+00,-7.0000000000e-01,0.0000000000e+00
3.4164072201e-02,0.0000000000e+00,4.6872431968e-01,0.0000000000e+00,0.0000000000e+00,0.0000000000e+00,1.0000000000e+00,0.0000000000e+00,0.0000000000e+00,0.0000000000e+00,-1.3000000000e+00,0.0000000000e+00,0.0000000000e+00,0.0000000000e+00,1.3000000000e+00,0.0000000000e+00,0.0000000000e+00,-7.0000000000e-01,0.0000000000e+00,0.0000000000e+00,1.4000000000e+00,-7.0000000000e-01,0.0000000000e+00,-7.0000000000e-01,0.0000000000e+00,0.0000000000e+00,1.4000000000e+00,-7.0000000000e-01,0.0000000000e+00
3.4164072201e-02,0.0000000000e+00,4.6872431968e-01,0.0000000000e+00,0.0000000000e+00,0.0000000000e+00,1.0000000000e+00,0.0000000000e+00,0.0000000000e+00,0.0000000000e+00,-1.3000000000e+00,0.0000000000e+00,0.0000000000e+00,0.0000000000e+00,1.3000000000e+00,0.0000000000e+00,0.0000000000e+00,-7.0000000000e-01,0.0000000000e+00,0.0000000000e+00,1.4000000000e+00,-7.0000000000e-01,0.0000000000e+00,-7.0000000000e-01,0.0000000000e+00,0.0000000000e+00,1.4000000000e+00,-7.0000000000e-01,0.0000000000e+00
3.4164072201e-02,0.0000000000e+00,4.6872431968e-01,0.0000000000e+00,0.0000000000e+00,0.0000000000e+00,1.0000000000e+00,0.0000000000e+00,0.0000000000e+00,0.0000000000e+00,-1.3000000000e+00,0.0000000000e+00,0.0000000000e+00,0.0000000000e+00,1.3000000000e+00,0.0000000000e+00,0.0000000000e+00,-7.0000000000e-01,0.0000000000e+00,0.0000000000e+00,1.4000000000e+00,-7.0000000000e-01,0.0000000000e+00,-7.0000000000e-01,0.0000000000e+00,0.0000000000e+00,1.4000000000e+00,-7.0000000000e-01,0.0000000000e+00
3.4164072201e-02,0.0000000000e+00,4.6872431968e-01,0.0000000000e+00,0.0000000000e+00,0.0000000000e+00,1.0000000000e+00,0.0000000000e+00,0.0000000000e+00,0.0000000000e+00,-1.3000000000e+00,0.0000000000e+00,0.0000000000e+00,0.0000000000e+00,1.3000000000e+00,0.0000000000e+00,0.0000000000e+00,-7.0000000000e-01,0.0000000000e+00,0.0000000000e+00,1.4000000000e+00,-7.0000000000e-01,0.0000000000e+00,-7.0000000000e-01,0.0000000000e+00,0.0000000000e+00,1.4000000000e+00,-7.0000000000e-01,0.0000000000e+00
3.4164072201e-02,0.0000000000e+00,4.6872431968e-01,0.0000000000e+00,0.0000000000e+00,0.0000000000e+00,1.0000000000e+00,0.0000000000e+00,0.0000000000e+00,0.0000000000e+00,-1.3000000000e+00,0.0000000000e+00,0.0000000000e+00,0.0000000000e+00,1.3000000000e+00,0.0000000000e+00,0.0000000000e+00,-7.0000000000e-01,0.0000000000e+00,0.0000000000e+00,1.4000000000e+00,-7.0000000000e-01,0.0000000000e+00,-7.0000000000e-01,0.0000000000e+00,0.0000000000e+00,1.4000000000e+00,-7.0000000000e-01,0.0000000000e+00
3.4164072201e-02,0.0000000000e+00,4.6872431968e-01,0.0000000000e+00,0.0000000000e+00,0.0000000000e+00,1.0000000000e+00,0.0000000000e+00,0.0000000000e+00,0.0000000000e+00,-1.3000000000e+00,0.0000000000e+00,0.0000000000e+00,0.0000000000e+00,1.3000000000e+00,0.0000000000e+00,0.0000000000e+00,-7.0000000000e-01,0.0000000000e+00,0.0000000000e+00,1.4000000000e+00,-7.0000000000e-01,0.0000000000e+00,-7.0000000000e-01,0.0000000000e+00,0.0000000000e+00,1.4000000000e+00,-7.0000000000e-01,0.0000000000e+00
3.4164072201e-02,0.0000000000e+00,4.6872431968e-01,0.0000000000e+00,0.0000000000e+00,0.0000000000e+00,1.0000000000e+00,0.0000000000e+00,0.0000000000e+00,0.0000000000e+00,-1.3000000000e+00,0.0000000000e+00,0.0000000000e+00,0.0000000000e+00,1.3000000000e+00,0.0000000000e+00,0.0000000000e+00,-7.0000000000e-01,0.0000000000e+00,0.0000000000e+00,1.4000000000e+00,-7.0000000000e-01,0.0000000000e+00,-7.0000000000e-01,0.0000000000e+00,0.0000000000e+00,1.4000000000e+00,-7.0000000000e-01,0.0000000000e+00
3.4164072201e-02,0.0000000000e+00,4.6872431968e-01,0.0000000000e+00,0.0000000000e+00,0.0000000000e+00,1.0000000000e+00,0.0000000000e+00,0.0000000000e+00,0.0000000000e+00,-1.3000000000e+00,0.0000000000e+00,0.0000000000e+00,0.0000000000e+00,1.3000000000e+00,0.0000000000e+00,0.0000000000e+00,-7.0000000000e-01,0.0000000000e+00,0.0000000000e+00,1.4000000000e+00,-7.0000000000e-01,0.0000000000e+00,-7.0000000000e-01,0.0000000000e+00,0.0000000000e+00,1.4000000000e+00,-7.0000000000e-01,0.0000000000e+00
3.4164072201e-02,0.0000000000e+00,4.6872431968e-01,0.0000000000e+00,0.0000000000e+00,0.0000000000e+00,1.0000000000e+00,0.0000000000e+00,0.0000000000e+00,0.0000000000e+00,-1.3000000000e+00,0.0000000000e+00,0.0000000000e+00,0.0000000000e+00,1.3000000000e+00,0.0000000000e+00,0.0000000000e+00,-7.0000000000e-01,0.0000000000e+00,0.0000000000e+00,1.4000000000e+00,-7.0000000000e-01,0.0000000000e+00,-7.0000000000e-01,0.0000000000e+00,0.0000000000e+00,1.4000000000e+00,-7.0000000000e-01,0.0000000000e+00
3.4164072201e-02,0.0000000000e+00,4.6872431968e-01,0.0000000000e+00,0.0000000000e+00,0.0000000000e+00,1.0000000000e+00,0.0000000000e+00,0.0000000000e+00,0.0000000000e+00,-1.3000000000e+00,0.0000000000e+00,0.0000000000e+00,0.0000000000e+00,1.3000000000e+00,0.0000000000e+00,0.0000000000e+00,-7.0000000000e-01,0.0000000000e+00,0.0000000000e+00,1.4000000000e+00,-7.0000000000e-01,0.0000000000e+00,-7.0000000000e-01,0.0000000000e+00,0.0000000000e+00,1.4000000000e+00,-7.0000000000e-01,0.0000000000e+00
3.4163990265e-02,0.0000000000e+00,4.6872489389e-01,0.0000000000e+00,0.0000000000e+00,0.0000000000e+00,1.0000000000e+00,0.0000000000e+00,0.0000000000e+00,0.0000000000e+00,-1.3000000000e+00,0.0000000000e+00,0.0000000000e+00,0.0000000000e+00,1.3000000000e+00,0.0000000000e+00,0.0000000000e+00,-6.9999794661e-01,0.0000000000e+00,0.0000000000e+00,1.3999958932e+00,-6.9999794661e-01,0.0000000000e+00,-6.9999794661e-01,0.0000000000e+00,0.0000000000e+00,1.3999958932e+00,-6.9999794661e-01,0.0000000000e+00
3.4163423275e-02,0.0000000000e+00,4.6872886733e-01,0.0000000000e+00,0.0000000000e+00,0.0000000000e+00,1.0000000000e+00,0.0000000000e+00,0.0000000000e+00,0.0000000000e+00,-1.3000000000e+00,0.0000000000e+00,0.0000000000e+00,0.0000000000e+00,1.3000000000e+00,0.0000000000e+00,0.0000000000e+00,-6.9998373749e-01,0.0000000000e+00,0.0000000000e+00,1.3999674750e+00,-6.9998373749e-01,0.0000000000e+00,-6.9998373749e-01,0.0000000000e+00,0.0000000000e+00,1.3999674750e+00,-6.9998373749e-01,0.0000000000e+00
3.4161904087e-02,0.0000000000e+00,4.6873951315e-01,0.0000000000e+00,0.0000000000e+00,0.0000000000e+00,1.0000000000e+00,0.0000000000e+00,0.0000000000e+00,0.0000000000e+00,-1.3000000000e+00,0.0000000000e+00,0.0000000000e+00,0.0000000000e+00,1.3000000000e+00,0.0000000000e+00,0.0000000000e+00,-6.9994566656e-01,0.0000000000e+00,0.0000000000e+00,1.3998913331e+00,-6.9994566656e-01,0.0000000000e+00,-6.9994566656e-01,0.0000000000e+00,0.0000000000e+00,1.3998913331e+00,-6.9994566656e-01,0.0000000000e+00
3.4158984779e-02,0.0000000000e+00,4.6875996801e-01,0.0000000000e+00,0.0000000000e+00,0.0000000000e+00,1.0000000000e+00,0.0000000000e+00,0.0000000000e+00,0.0000000000e+00,-1.3000000000e+00,0.0000000000e+00,0.0000000000e+00,0.0000000000e+00,1.3000000000e+00,0.0000000000e+00,0.0000000000e+00,-6.9987251225e-01,0.0000000000e+00,0.0000000000e+00,1.3997450245e+00,-6.9987251225e-01,0.0000000000e+00,-6.9987251225e-01,0.0000000000e+00,0.0000000000e+00,1.3997450245e+00,-6.9987251225e-01,0.0000000000e+00
3.4154236277e-02,0.0000000000e+00,4.6879323286e-01,0.0000000000e+00,0.0000000000e+00,0.0000000000e+00,1.0000000000e+00,0.0000000000e+00,0.0000000000e+00,0.0000000000e+00,-1.3000000000e+00,0.0000000000e+00,0.0000000000e+00,0.0000000000e+00,1.3000000000e+00,0.0000000000e+00,0.0000000000e+00,-6.9975353086e-01,0.0000000000e+00,0.0000000000e+00,1.3995070617e+00,-6.9975353086e-01,0.0000000000e+00,-6.9975353086e-01,0.0000000000e+00,0.0000000000e+00,1.3995070617e+00,-6.9975353086e-01,0.0000000000e+00
3.4147247939e-02,0.0000000000e+00,4.6884217341e-01,0.0000000000e+00,0.0000000000e+00,0.0000000000e+00,1.0000000000e+00,0.0000000000e+00,0.0000000000e+00,0.0000000000e+00,-1.3000000000e+00,0.0000000000e+00,0.0000000000e+00,0.0000000000e+00,1.3000000000e+00,0.0000000000e+00,0.0000000000e+00,-6.9957844992e-01,0.0000000000e+00,0.0000000000e+00,1.3991568998e+00,-6.9957844992e-01,0.0000000000e+00,-6.9957844992e-01,0.0000000000e+00,0.0000000000e+00,1.3991568998e+00,-6.9957844992e-01,0.0000000000e+00
3.4137627109e-02,0.0000000000e+00,4.6890952030e-01,0.0000000000e+00,0.0000000000e+00,0.0000000000e+00,1.0000000000e+00,0.0000000000e+00,0.0000000000e+00,0.0000000000e+00,-1.3000000000e+00,0.0000000000e+00,0.0000000000e+00,0.0000000000e+00,1.3000000000e+00,0.0000000000e+00,0.0000000000e+00,-6.9933746154e-01,0.0000000000e+00,0.0000000000e+00,1.3986749231e+00,-6.9933746154e-01,0.0000000000e+00,-6.9933746154e-01,0.0000000000e+00,0.0000000000e+00,1.3986749231e+00,-6.9933746154e-01,0.0000000000e+00
3.4124998659e-02,0.0000000000e+00,4.6899786914e-01,0.0000000000e+00,0.0000000000e+00,0.0000000000e+00,1.0000000000e+00,0.0000000000e+00,0.0000000000e+00,0.0000000000e+00,-1.3000000000e+00,0.0000000000e+00,0.0000000000e+00,0.0000000000e+00,1.3000000000e+00,0.0000000000e+00,0.0000000000e+00,-6.9902121579e-01,0.0000000000e+00,0.0000000000e+00,1.3980424316e+00,-6.9902121579e-01,0.0000000000e+00,-6.9902121579e-01,0.0000000000e+00,0.0000000000e+00,1.3980424316e+00,-6.9902121579e-01,0.0000000000e+00
3.4109004505e-02,0.0000000000e+00,4.6910968026e-01,0.0000000000e+00,0.0000000000e+00,0.0000000000e+00,1.0000000000e+00,0.0000000000e+00,0.0000000000e+00,0.0000000000e+00,-1.3000000000e+00,0.0000000000e+00,0.0000000000e+00,0.0000000000e+00,1.3000000000e+00,0.0000000000e+00,0.0000000000e+00,-6.9862081408e-01,0.0000000000e+00,0.0000000000e+00,1.3972416282e+00,-6.9862081408e-01,0.0000000000e+00,-6.9862081408e-01,0.0000000000e+00,0.0000000000e+00,1.3972416282e+00,-6.9862081408e-01,0.0000000000e+00
3.4089303116e-02,0.0000000000e+00,4.6924727850e-01,0.0000000000e+00,0.0000000000e+00,0.0000000000e+00,1.0000000000e+00,0.0000000000e+00,0.0000000000e+00,0.0000000000e+00,-1.3000000000e+00,0.0000000000e+00,0.0000000000e+00,0.0000000000e+00,1.3000000000e+00,0.0000000000e+00,0.0000000000e+00,-6.9812780247e-01,0.0000000000e+00,0.0000000000e+00,1.3962556049e+00,-6.9812780247e-01,0.0000000000e+00,-6.9812780247e-01,0.0000000000e+00,0.0000000000e+00,1.3962556049e+00,-6.9812780247e-01,0.0000000000e+00
3.4065569012e-02,0.0000000000e+00,4.6941285278e-01,0.0000000000e+00,0.0000000000e+00,0.0000000000e+00,1.0000000000e+00,0.0000000000e+00,0.0000000000e+00,0.0000000000e+00,-1.3000000000e+00,0.0000000000e+00,0.0000000000e+00,0.0000000000e+00,1.3000000000e+00,0.0000000000e+00,0.0000000000e+00,-6.9753416508e-01,0.0000000000e+00,0.0000000000e+00,1.3950683302e+00,-6.9753416508e-01,0.0000000000e+00,-6.9753416508e-01,0.0000000000e+00,0.0000000000e+00,1.3950683302e+00,-6.9753416508e-01,0.0000000000e+00
3.4037492270e-02,0.0000000000e+00,4.6960845570e-01,0.0000000000e+00,0.0000000000e+00,0.0000000000e+00,1.0000000000e+00,0.0000000000e+00,0.0000000000e+00,0.0000000000e+00,-1.3000000000e+00,0.0000000000e+00,0.0000000000e+00,0.0000000000e+00,1.3000000000e+00,0.0000000000e+00,0.0000000000e+00,-6.9683231744e-01,0.0000000000e+00,0.0000000000e+00,1.3936646349e+00,-6.9683231744e-01,0.0000000000e+00,-6.9683231744e-01,0.0000000000e+00,0.0000000000e+00,1.3936646349e+00,-6.9683231744e-01,0.0000000000e+00
3.4004778017e-02,0.0000000000e+00,4.6983600314e-01,0.0000000000e+00,0.0000000000e+00,0.0000000000e+00,1.0000000000e+00,0.0000000000e+00,0.0000000000e+00,0.0000000000e+00,-1.3000000000e+00,0.0000000000e+00,0.0000000000e+00,0.0000000000e+00,1.3000000000e+00,0.0000000000e+00,0.0000000000e+00,-6.9601509984e-01,0.0000000000e+00,0.0000000000e+00,1.3920301997e+00,-6.9601509984e-01,0.0000000000e+00,-6.9601509984e-01,0.0000000000e+00,0.0000000000e+00,1.3920301997e+00,-6.9601509984e-01,0.0000000000e+00
3.3967145946e-02,0.0000000000e+00,4.7009727389e-01,0.0000000000e+00,0.0000000000e+00,0.0000000000e+00,1.0000000000e+00,0.0000000000e+00,0.0000000000e+00,0.0000000000e+00,-1.3000000000e+00,0.0000000000e+00,0.0000000000e+00,0.0000000000e+00,1.3000000000e+00,0.0000000000e+00,0.0000000000e+00,-6.9507577072e-01,0.0000000000e+00,0.0000000000e+00,1.3901515414e+00,-6.9507577072e-01,0.0000000000e+00,-6.9507577072e-01,0.0000000000e+00,0.0000000000e+00,1.3901515414e+00,-6.9507577072e-01,0.0000000000e+00
3.3924329829e-02,0.0000000000e+00,4.7039390926e-01,0.0000000000e+00,0.0000000000e+00,0.0000000000e+00,1.0000000000e+00,0.0000000000e+00,0.0000000000e+00,0.0000000000e+00,-1.3000000000e+00,0.0000000000e+00,0.0000000000e+00,0.0000000000e+00,1.3000000000e+00,0.0000000000e+00,0.0000000000e+00,-6.9400800000e-01,0.0000000000e+00,0.0000000000e+00,1.3880160000e+00,-6.9400800000e-01,0.0000000000e+00,-6.9400800000e-01,0.0000000000e+00,0.0000000000e+00,1.3880160000e+00,-6.9400800000e-01,0.0000000000e+00
3.3876077046e-02,0.0000000000e+00,4.7072741290e-01,0.0000000000e+00,0.0000000000e+00,0.0000000000e+00,1.0000000000e+00,0.0000000000e+00,0.0000000000e+00,0.0000000000e+00,-1.3000000000e+00,0.0000000000e+00,0.0000000000e+00,0.0000000000e+00,1.3000000000e+00,0.0000000000e+00,0.0000000000e+00,-6.9280586246e-01,0.0000000000e+00,0.0000000000e+00,1.3856117249e+00,-6.9280586246e-01,0.0000000000e+00,-6.9280586246e-01,0.0000000000e+00,0.0000000000e+00,1.3856117249e+00,-6.9280586246e-01,0.0000000000e+00
3.3822148138e-02,0.0000000000e+00,4.7109915061e-01,0.0000000000e+00,0.0000000000e+00,0.0000000000e+00,1.0000000000e+00,0.0000000000e+00,0.0000000000e+00,0.0000000000e+00,-1.3000000000e+00,0.0000000000e+00,0.0000000000e+00,0.0000000000e+00,1.3000000000e+00,0.0000000000e+00,0.0000000000e+00,-6.9146383112e-01,0.0000000000e+00,0.0000000000e+00,1.3829276622e+00,-6.9146383112e-01,0.0000000000e+00,-6.9146383112e-01,0.0000000000e+00,0.0000000000e+00,1.3829276622e+00,-6.9146383112e-01,0.0000000000e+00
3.3762316364e-02,0.0000000000e+00,4.7151035029e-01,0.0000000000e+00,0.0000000000e+00,0.0000000000e+00,1.0000000000e+00,0.0000000000e+00,0.0000000000e+00,0.0000000000e+00,-1.3000000000e+00,0.0000000000e+00,0.0000000000e+00,0.0000000000e+00,1.3000000000e+00,0.0000000000e+00,0.0000000000e+00,-6.8997677056e-01,0.0000000000e+00,0.0000000000e+00,1.3799535411e+00,-6.8997677056e-01,0.0000000000e+00,-6.8997677056e-01,0.0000000000e+00,0.0000000000e+00,1.3799535411e+00,-6.8997677056e-01,0.0000000000e+00
3.3696367292e-02,0.0000000000e+00,4.7196210212e-01,0.0000000000e+00,0.0000000000e+00,0.0000000000e+00,1.0000000000e+00,0.0000000000e+00,0.0000000000e+00,0.0000000000e+00,-1.3000000000e+00,0.0000000000e+00,0.0000000000e+00,0.0000000000e+00,1.3000000000e+00,0.0000000000e+00,0.0000000000e+00,-6.8833993033e-01,0.0000000000e+00,0.0000000000e+00,1.3766798607e+00,-6.8833993033e-01,0.0000000000e+00,-6.8833993033e-01,0.0000000000e+00,0.0000000000e+00,1.3766798607e+00,-6.8833993033e-01,0.0000000000e+00
3.3624098408e-02,0.0000000000e+00,4.7245535877e-01,0.0000000000e+00,0.0000000000e+00,0.0000000000e+00,1.0000000000e+00,0.0000000000e+00,0.0000000000e+00,0.0000000000e+00,-1.3000000000e+00,0.0000000000e+00,0.0000000000e+00,0.0000000000e+00,1.3000000000e+00,0.0000000000e+00,0.0000000000e+00,-6.8654893827e-01,0.0000000000e+00,0.0000000000e+00,1.3730978765e+00,-6.8654893827e-01,0.0000000000e+00,-6.8654893827e-01,0.0000000000e+00,0.0000000000e+00,1.3730978765e+00,-6.8654893827e-01,0.0000000000e+00
3.3545318745e-02,0.0000000000e+00,4.7299093584e-01,0.0000000000e+00,0.0000000000e+00,0.0000000000e+00,1.0000000000e+00,0.0000000000e+00,0.0000000000e+00,0.0000000000e+00,-1.3000000000e+00,0.0000000000e+00,0.0000000000e+00,0.0000000000e+00,1.3000000000e+00,0.0000000000e+00,0.0000000000e+00,-6.8459979392e-01,0.0000000000e+00,0.0000000000e+00,1.3691995878e+00,-6.8459979392e-01,0.0000000000e+00,-6.8459979392e-01,0.0000000000e+00,0.0000000000e+00,1.3691995878e+00,-6.8459979392e-01,0.0000000000e+00
3.3459848549e-02,0.0000000000e+00,4.7356951253e-01,0.0000000000e+00,0.0000000000e+00,0.0000000000e+00,1.0000000000e+00,0.0000000000e+00,0.0000000000e+00,0.0000000000e+00,-1.3000000000e+00,0.0000000000e+00,0.0000000000e+00,0.0000000000e+00,1.3000000000e+00,0.0000000000e+00,0.0000000000e+00,-6.8248886184e-01,0.0000000000e+00,0.0000000000e+00,1.3649777237e+00,-6.8248886184e-01,0.0000000000e+00,-6.8248886184e-01,0.0000000000e+00,0.0000000000e+00,1.3649777237e+00,-6.8248886184e-01,0.0000000000e+00
3.3367518962e-02,0.0000000000e+00,4.7419163239e-01,0.0000000000e+00,0.0000000000e+00,0.0000000000e+00,1.0000000000e+00,0.0000000000e+00,0.0000000000e+00,0.0000000000e+00,-1.3000000000e+00,0.0000000000e+00,0.0000000000e+00,0.0000000000e+00,1.3000000000e+00,0.0000000000e+00,0.0000000000e+00,-6.8021286498e-01,0.0000000000e+00,0.0000000000e+00,1.3604257300e+00,-6.8021286498e-01,0.0000000000e+00,-6.8021286498e-01,0.0000000000e+00,0.0000000000e+00,1.3604257300e+00,-6.8021286498e-01,0.0000000000e+00
3.3268171737e-02,0.0000000000e+00,4.7485770435e-01,0.0000000000e+00,0.0000000000e+00,0.0000000000e+00,1.0000000000e+00,0.0000000000e+00,0.0000000000e+00,0.0000000000e+00,-1.3000000000e+00,0.0000000000e+00,0.0000000000e+00,0.0000000000e+00,1.3000000000e+00,0.0000000000e+00,0.0000000000e+00,-6.7776887808e-01,0.0000000000e+00,0.0000000000e+00,1.3555377562e+00,-6.7776887808e-01,0.0000000000e+00,-6.7776887808e-01,0.0000000000e+00,0.0000000000e+00,1.3555377562e+00,-6.7776887808e-01,0.0000000000e+00
3.3161658986e-02,0.0000000000e+00,4.7556800391e-01,0.0000000000e+00,0.0000000000e+00,0.0000000000e+00,1.0000000000e+00,0.0000000000e+00,0.0000000000e+00,0.0000000000e+00,-1.3000000000e+00,0.0000000000e+00,0.0000000000e+00,0.0000000000e+00,1.3000000000e+00,0.0000000000e+00,0.0000000000e+00,-6.7515432099e-01,0.0000000000e+00,0.0000000000e+00,1.3503086420e+00,-6.7515432099e-01,0.0000000000e+00,-6.7515432099e-01,0.0000000000e+00,0.0000000000e+00,1.3503086420e+00,-6.7515432099e-01,0.0000000000e+00
3.3047842948e-02,0.0000000000e+00,4.7632267463e-01,0.0000000000e+00,0.0000000000e+00,0.0000000000e+00,1.0000000000e+00,0.0000000000e+00,0.0000000000e+00,0.0000000000e+00,-1.3000000000e+00,0.0000000000e+00,0.0000000000e+00,0.0000000000e+00,1.3000000000e+00,0.0000000000e+00,0.0000000000e+00,-6.7236695204e-01,0.0000000000e+00,0.0000000000e+00,1.3447339041e+00,-6.7236695204e-01,0.0000000000e+00,-6.7236695204e-01,0.0000000000e+00,0.0000000000e+00,1.3447339041e+00,-6.7236695204e-01,0.0000000000e+00
3.2926595797e-02,0.0000000000e+00,4.7712172969e-01,0.0000000000e+00,0.0000000000e+00,0.0000000000e+00,1.0000000000e+00,0.0000000000e+00,0.0000000000e+00,0.0000000000e+00,-1.3000000000e+00,0.0000000000e+00,0.0000000000e+00,0.0000000000e+00,1.3000000000e+00,0.0000000000e+00,0.0000000000e+00,-6.6940486144e-01,0.0000000000e+00,0.0000000000e+00,1.3388097229e+00,-6.6940486144e-01,0.0000000000e+00,-6.6940486144e-01,0.0000000000e+00,0.0000000000e+00,1.3388097229e+00,-6.6940486144e-01,0.0000000000e+00
3.2797799470e-02,0.0000000000e+00,4.7796505380e-01,0.0000000000e+00,0.0000000000e+00,0.0000000000e+00,1.0000000000e+00,0.0000000000e+00,0.0000000000e+00,0.0000000000e+00,-1.3000000000e+00,0.0000000000e+00,0.0000000000e+00,0.0000000000e+00,1.3000000000e+00,0.0000000000e+00,0.0000000000e+00,-6.6626646458e-01,0.0000000000e+00,0.0000000000e+00,1.3325329292e+00,-6.6626646458e-01,0.0000000000e+00,-6.6626646458e-01,0.0000000000e+00,0.0000000000e+00,1.3325329292e+00,-6.6626646458e-01,0.0000000000e+00
3.2661345530e-02,0.0000000000e+00,4.7885240526e-01,0.0000000000e+00,0.0000000000e+00,0.0000000000e+00,1.0000000000e+00,0.0000000000e+00,0.0000000000e+00,0.0000000000e+00,-1.3000000000e+00,0.0000000000e+00,0.0000000000e+00,0.0000000000e+00,1.3000000000e+00,0.0000000000e+00,0.0000000000e+00,-6.6295049546e-01,0.0000000000e+00,0.0000000000e+00,1.3259009909e+00,-6.6295049546e-01,0.0000000000e+00,-6.6295049546e-01,0.0000000000e+00,0.0000000000e+00,1.3259009909e+00,-6.6295049546e-01,0.0000000000e+00
3.2517135053e-02,0.0000000000e+00,4.7978341828e-01,0.0000000000e+00,0.0000000000e+00,0.0000000000e+00,1.0000000000e+00,0.0000000000e+00,0.0000000000e+00,0.0000000000e+00,-1.3000000000e+00,0.0000000000e+00,0.0000000000e+00,0.0000000000e+00,1.3000000000e+00,0.0000000000e+00,0.0000000000e+00,-6.5945600000e-01,0.0000000000e+00,0.0000000000e+00,1.3189120000e+00,-6.5945600000e-01,0.0000000000e+00,-6.5945600000e-01,0.0000000000e+00,0.0000000000e+00,1.3189120000e+00,-6.5945600000e-01,0.0000000000e+00
3.2365078545e-02,0.0000000000e+00,4.8075760549e-01,0.0000000000e+00,0.0000000000e+00,0.0000000000e+00,1.0000000000e+00,0.0000000000e+00,0.0000000000e+00,0.0000000000e+00,-1.3000000000e+00,0.0000000000e+00,0.0000000000e+00,0.0000000000e+00,1.3000000000e+00,0.0000000000e+00,0.0000000000e+00,-6.5578232943e-01,0.0000000000e+00,0.0000000000e+00,1.3115646589e+00,-6.5578232943e-01,0.0000000000e+00,-6.5578232943e-01,0.0000000000e+00,0.0000000000e+00,1.3115646589e+00,-6.5578232943e-01,0.0000000000e+00
3.2205095886e-02,0.0000000000e+00,4.8177436071e-01,0.0000000000e+00,0.0000000000e+00,0.0000000000e+00,1.0000000000e+00,0.0000000000e+00,0.0000000000e+00,0.0000000000e+00,-1.3000000000e+00,0.0000000000e+00,0.0000000000e+00,0.0000000000e+00,1.3000000000e+00,0.0000000000e+00,0.0000000000e+00,-6.5192913364e-01,0.0000000000e+00,0.0000000000e+00,1.3038582673e+00,-6.5192913364e-01,0.0000000000e+00,-6.5192913364e-01,0.0000000000e+00,0.0000000000e+00,1.3038582673e+00,-6.5192913364e-01,0.0000000000e+00
3.2037116296e-02,0.0000000000e+00,4.8283296190e-01,0.0000000000e+00,0.0000000000e+00,0.0000000000e+00,1.0000000000e+00,0.0000000000e+00,0.0000000000e+00,0.0000000000e+00,-1.3000000000e+00,0.0000000000e+00,0.0000000000e+00,0.0000000000e+00,1.3000000000e+00,0.0000000000e+00,0.0000000000e+00,-6.4789635456e-01,0.0000000000e+00,0.0000000000e+00,1.2957927091e+00,-6.4789635456e-01,0.0000000000e+00,-6.4789635456e-01,0.0000000000e+00,0.0000000000e+00,1.2957927091e+00,-6.4789635456e-01,0.0000000000e+00
3.1861078325e-02,0.0000000000e+00,4.8393257439e-01,0.0000000000e+00,0.0000000000e+00,0.0000000000e+00,1.0000000000e+00,0.0000000000e+00,0.0000000000e+00,0.0000000000e+00,-1.3000000000e+00,0.0000000000e+00,0.0000000000e+00,0.0000000000e+00,1.3000000000e+00,0.0000000000e+00,0.0000000000e+00,-6.4368421951e-01,0.0000000000e+00,0.0000000000e+00,1.2873684390e+00,-6.4368421951e-01,0.0000000000e+00,-6.4368421951e-01,0.0000000000e+00,0.0000000000e+00,1.2873684390e+00,-6.4368421951e-01,0.0000000000e+00
3.1676929870e-02,0.0000000000e+00,4.8507225425e-01,0.0000000000e+00,0.0000000000e+00,0.0000000000e+00,1.0000000000e+00,0.0000000000e+00,0.0000000000e+00,0.0000000000e+00,-1.3000000000e+00,0.0000000000e+00,0.0000000000e+00,0.0000000000e+00,1.3000000000e+00,0.0000000000e+00,0.0000000000e+00,-6.3929323457e-01,0.0000000000e+00,0.0000000000e+00,1.2785864691e+00,-6.3929323457e-01,0.0000000000e+00,-6.3929323457e-01,0.0000000000e+00,0.0000000000e+00,1.2785864691e+00,-6.3929323457e-01,0.0000000000e+00
3.1484628209e-02,0.0000000000e+00,4.8625095191e-01,0.0000000000e+00,0.0000000000e+00,0.0000000000e+00,1.0000000000e+00,0.0000000000e+00,0.0000000000e+00,0.0000000000e+00,-1.3000000000e+00,0.0000000000e+00,0.0000000000e+00,0.0000000000e+00,1.3000000000e+00,0.0000000000e+00,0.0000000000e+00,-6.3472417792e-01,0.0000000000e+00,0.0000000000e+00,1.2694483558e+00,-6.3472417792e-01,0.0000000000e+00,-6.3472417792e-01,0.0000000000e+00,0.0000000000e+00,1.2694483558e+00,-6.3472417792e-01,0.0000000000e+00
3.1284140050e-02,0.0000000000e+00,4.8746751604e-01,0.0000000000e+00,0.0000000000e+00,0.0000000000e+00,1.0000000000e+00,0.0000000000e+00,0.0000000000e+00,0.0000000000e+00,-1.3000000000e+00,0.0000000000e+00,0.0000000000e+00,0.0000000000e+00,1.3000000000e+00,0.0000000000e+00,0.0000000000e+00,-6.2997809324e-01,0.0000000000e+00,0.0000000000e+00,1.2599561865e+00,-6.2997809324e-01,0.0000000000e+00,-6.2997809324e-01,0.0000000000e+00,0.0000000000e+00,1.2599561865e+00,-6.2997809324e-01,0.0000000000e+00
3.1075441605e-02,0.0000000000e+00,4.8872069752e-01,0.0000000000e+00,0.0000000000e+00,0.0000000000e+00,1.0000000000e+00,0.0000000000e+00,0.0000000000e+00,0.0000000000e+00,-1.3000000000e+00,0.0000000000e+00,0.0000000000e+00,0.0000000000e+00,1.3000000000e+00,0.0000000000e+00,0.0000000000e+00,-6.2505628305e-01,0.0000000000e+00,0.0000000000e+00,1.2501125661e+00,-6.2505628305e-01,0.0000000000e+00,-6.2505628305e-01,0.0000000000e+00,0.0000000000e+00,1.2501125661e+00,-6.2505628305e-01,0.0000000000e+00
3.0858518669e-02,0.0000000000e+00,4.9000915373e-01,0.0000000000e+00,0.0000000000e+00,0.0000000000e+00,1.0000000000e+00,0.0000000000e+00,0.0000000000e+00,0.0000000000e+00,-1.3000000000e+00,0.0000000000e+00,0.0000000000e+00,0.0000000000e+00,1.3000000000e+00,0.0000000000e+00,0.0000000000e+00,-6.1996030208e-01,0.0000000000e+00,0.0000000000e+00,1.2399206042e+00,-6.1996030208e-01,0.0000000000e+00,-6.1996030208e-01,0.0000000000e+00,0.0000000000e+00,1.2399206042e+00,-6.1996030208e-01,0.0000000000e+00
3.0633366724e-02,0.0000000000e+00,4.9133145290e-01,0.0000000000e+00,0.0000000000e+00,0.0000000000e+00,1.0000000000e+00,0.0000000000e+00,0.0000000000e+00,0.0000000000e+00,-1.3000000000e+00,0.0000000000e+00,0.0000000000e+00,0.0000000000e+00,1.3000000000e+00,0.0000000000e+00,0.0000000000e+00,-6.1469195062e-01,0.0000000000e+00,0.0000000000e+00,1.2293839012e+00,-6.1469195062e-01,0.0000000000e+00,-6.1469195062e-01,0.0000000000e+00,0.0000000000e+00,1.2293839012e+00,-6.1469195062e-01,0.0000000000e+00
3.0399991038e-02,0.0000000000e+00,4.9268607881e-01,0.0000000000e+00,0.0000000000e+00,0.0000000000e+00,1.0000000000e+00,0.0000000000e+00,0.0000000000e+00,0.0000000000e+00,-1.3000000000e+00,0.0000000000e+00,0.0000000000e+00,0.0000000000e+00,1.3000000000e+00,0.0000000000e+00,0.0000000000e+00,-6.0925326790e-01,0.0000000000e+00,0.0000000000e+00,1.2185065358e+00,-6.0925326790e-01,0.0000000000e+00,-6.0925326790e-01,0.0000000000e+00,0.0000000000e+00,1.2185065358e+00,-6.0925326790e-01,0.0000000000e+00
3.0158406785e-02,0.0000000000e+00,4.9407143549e-01,0.0000000000e+00,0.0000000000e+00,0.0000000000e+00,1.0000000000e+00,0.0000000000e+00,0.0000000000e+00,0.0000000000e+00,-1.3000000000e+00,0.0000000000e+00,0.0000000000e+00,0.0000000000e+00,1.3000000000e+00,0.0000000000e+00,0.0000000000e+00,-6.0364652544e-01,0.0000000000e+00,0.0000000000e+00,1.2072930509e+00,-6.0364652544e-01,0.0000000000e+00,-6.0364652544e-01,0.0000000000e+00,0.0000000000e+00,1.2072930509e+00,-6.0364652544e-01,0.0000000000e+00
2.9908639162e-02,0.0000000000e+00,4.9548585220e-01,0.0000000000e+00,0.0000000000e+00,0.0000000000e+00,1.0000000000e+00,0.0000000000e+00,0.0000000000e+00,0.0000000000e+00,-1.3000000000e+00,0.0000000000e+00,0.0000000000e+00,0.0000000000e+00,1.3000000000e+00,0.0000000000e+00,0.0000000000e+00,-5.9787422044e-01,0.0000000000e+00,0.0000000000e+00,1.1957484409e+00,-5.9787422044e-01,0.0000000000e+00,-5.9787422044e-01,0.0000000000e+00,0.0000000000e+00,1.1957484409e+00,-5.9787422044e-01,0.0000000000e+00
2.9650723516e-02,0.0000000000e+00,4.9692758855e-01,0.0000000000e+00,0.0000000000e+00,0.0000000000e+00,1.0000000000e+00,0.0000000000e+00,0.0000000000e+00,0.0000000000e+00,-1.3000000000e+00,0.0000000000e+00,0.0000000000e+00,0.0000000000e+00,1.3000000000e+00,0.0000000000e+00,0.0000000000e+00,-5.9193906909e-01,0.0000000000e+00,0.0000000000e+00,1.1838781382e+00,-5.9193906909e-01,0.0000000000e+00,-5.9193906909e-01,0.0000000000e+00,0.0000000000e+00,1.1838781382e+00,-5.9193906909e-01,0.0000000000e+00
2.9384705464e-02,0.0000000000e+00,4.9839483973e-01,0.0000000000e+00,0.0000000000e+00,0.0000000000e+00,1.0000000000e+00,0.0000000000e+00,0.0000000000e+00,0.0000000000e+00,-1.3000000000e+00,0.0000000000e+00,0.0000000000e+00,0.0000000000e+00,1.3000000000e+00,0.0000000000e+00,0.0000000000e+00,-5.8584400000e-01,0.0000000000e+00,0.0000000000e+00,1.1716880000e+00,-5.8584400000e-01,0.0000000000e+00,-5.8584400000e-01,0.0000000000e+00,0.0000000000e+00,1.1716880000e+00,-5.8584400000e-01,0.0000000000e+00
2.9110641020e-02,0.0000000000e+00,4.9988574191e-01,0.0000000000e+00,0.0000000000e+00,0.0000000000e+00,1.0000000000e+00,0.0000000000e+00,0.0000000000e+00,0.0000000000e+00,-1.3000000000e+00,0.0000000000e+00,0.0000000000e+00,0.0000000000e+00,1.3000000000e+00,0.0000000000e+00,0.0000000000e+00,-5.7959214750e-01,0.0000000000e+00,0.0000000000e+00,1.1591842950e+00,-5.7959214750e-01,0.0000000000e+00,-5.7959214750e-01,0.0000000000e+00,0.0000000000e+00,1.1591842950e+00,-5.7959214750e-01,0.0000000000e+00
2.8828596709e-02,0.0000000000e+00,5.0139837773e-01,0.0000000000e+00,0.0000000000e+00,0.0000000000e+00,1.0000000000e+00,0.0000000000e+00,0.0000000000e+00,0.0000000000e+00,-1.3000000000e+00,0.0000000000e+00,0.0000000000e+00,0.0000000000e+00,1.3000000000e+00,0.0000000000e+00,0.0000000000e+00,-5.7318684504e-01,0.0000000000e+00,0.0000000000e+00,1.1463736901e+00,-5.7318684504e-01,0.0000000000e+00,-5.7318684504e-01,0.0000000000e+00,0.0000000000e+00,1.1463736901e+00,-5.7318684504e-01,0.0000000000e+00
2.8538649685e-02,0.0000000000e+00,5.0293078198e-01,0.0000000000e+00,0.0000000000e+00,0.0000000000e+00,1.0000000000e+00,0.0000000000e+00,0.0000000000e+00,0.0000000000e+00,-1.3000000000e+00,0.0000000000e+00,0.0000000000e+00,0.0000000000e+00,1.3000000000e+00,0.0000000000e+00,0.0000000000e+00,-5.6663161856e-01,0.0000000000e+00,0.0000000000e+00,1.1332632371e+00,-5.6663161856e-01,0.0000000000e+00,-5.6663161856e-01,0.0000000000e+00,0.0000000000e+00,1.1332632371e+00,-5.6663161856e-01,0.0000000000e+00
2.8240887830e-02,0.0000000000e+00,5.0448094725e-01,0.0000000000e+00,0.0000000000e+00,0.0000000000e+00,1.0000000000e+00,0.0000000000e+00,0.0000000000e+00,0.0000000000e+00,-1.3000000000e+00,0.0000000000e+00,0.0000000000e+00,0.0000000000e+00,1.3000000000e+00,0.0000000000e+00,0.0000000000e+00,-5.5993017981e-01,0.0000000000e+00,0.0000000000e+00,1.1198603596e+00,-5.5993017981e-01,0.0000000000e+00,-5.5993017981e-01,0.0000000000e+00,0.0000000000e+00,1.1198603596e+00,-5.5993017981e-01,0.0000000000e+00
2.7935409851e-02,0.0000000000e+00,5.0604682982e-01,0.0000000000e+00,0.0000000000e+00,0.0000000000e+00,1.0000000000e+00,0.0000000000e+00,0.0000000000e+00,0.0000000000e+00,-1.3000000000e+00,0.0000000000e+00,0.0000000000e+00,0.0000000000e+00,1.3000000000e+00,0.0000000000e+00,0.0000000000e+00,-5.5308641975e-01,0.0000000000e+00,0.0000000000e+00,1.1061728395e+00,-5.5308641975e-01,0.0000000000e+00,-5.5308641975e-01,0.0000000000e+00,0.0000000000e+00,1.1061728395e+00,-5.5308641975e-01,0.0000000000e+00
2.7622325356e-02,0.0000000000e+00,5.0762635546e-01,0.0000000000e+00,0.0000000000e+00,0.0000000000e+00,1.0000000000e+00,0.0000000000e+00,0.0000000000e+00,0.0000000000e+00,-1.3000000000e+00,0.0000000000e+00,0.0000000000e+00,0.0000000000e+00,1.3000000000e+00,0.0000000000e+00,0.0000000000e+00,-5.4610440192e-01,0.0000000000e+00,0.0000000000e+00,1.0922088038e+00,-5.4610440192e-01,0.0000000000e+00,-5.4610440192e-01,0.0000000000e+00,0.0000000000e+00,1.0922088038e+00,-5.4610440192e-01,0.0000000000e+00
2.7301754922e-02,0.0000000000e+00,5.0921742541e-01,0.0000000000e+00,0.0000000000e+00,0.0000000000e+00,1.0000000000e+00,0.0000000000e+00,0.0000000000e+00,0.0000000000e+00,-1.3000000000e+00,0.0000000000e+00,0.0000000000e+00,0.0000000000e+00,1.3000000000e+00,0.0000000000e+00,0.0000000000e+00,-5.3898835576e-01,0.0000000000e+00,0.0000000000e+00,1.0779767115e+00,-5.3898835576e-01,0.0000000000e+00,-5.3898835576e-01,0.0000000000e+00,0.0000000000e+00,1.0779767115e+00,-5.3898835576e-01,0.0000000000e+00
2.6973830143e-02,0.0000000000e+00,5.1081792237e-01,0.0000000000e+00,0.0000000000e+00,0.0000000000e+00,1.0000000000e+00,0.0000000000e+00,0.0000000000e+00,0.0000000000e+00,-1.3000000000e+00,0.0000000000e+00,0.0000000000e+00,0.0000000000e+00,1.3000000000e+00,0.0000000000e+00,0.0000000000e+00,-5.3174267002e-01,0.0000000000e+00,0.0000000000e+00,1.0634853400e+00,-5.3174267002e-01,0.0000000000e+00,-5.3174267002e-01,0.0000000000e+00,0.0000000000e+00,1.0634853400e+00,-5.3174267002e-01,0.0000000000e+00
2.6638693657e-02,0.0000000000e+00,5.1242571644e-01,0.0000000000e+00,0.0000000000e+00,0.0000000000e+00,1.0000000000e+00,0.0000000000e+00,0.0000000000e+00,0.0000000000e+00,-1.3000000000e+00,0.0000000000e+00,0.0000000000e+00,0.0000000000e+00,1.3000000000e+00,0.0000000000e+00,0.0000000000e+00,-5.2437188608e-01,0.0000000000e+00,0.0000000000e+00,1.0487437722e+00,-5.2437188608e-01,0.0000000000e+00,-5.2437188608e-01,0.0000000000e+00,0.0000000000e+00,1.0487437722e+00,-5.2437188608e-01,0.0000000000e+00
2.6296499154e-02,0.0000000000e+00,5.1403867118e-01,0.0000000000e+00,0.0000000000e+00,0.0000000000e+00,1.0000000000e+00,0.0000000000e+00,0.0000000000e+00,0.0000000000e+00,-1.3000000000e+00,0.0000000000e+00,0.0000000000e+00,0.0000000000e+00,1.3000000000e+00,0.0000000000e+00,0.0000000000e+00,-5.1688069136e-01,0.0000000000e+00,0.0000000000e+00,1.0337613827e+00,-5.1688069136e-01,0.0000000000e+00,-5.1688069136e-01,0.0000000000e+00,0.0000000000e+00,1.0337613827e+00,-5.1688069136e-01,0.0000000000e+00
2.5947411366e-02,0.0000000000e+00,5.1565464958e-01,0.0000000000e+00,0.0000000000e+00,0.0000000000e+00,1.0000000000e+00,0.0000000000e+00,0.0000000000e+00,0.0000000000e+00,-1.3000000000e+00,0.0000000000e+00,0.0000000000e+00,0.0000000000e+00,1.3000000000e+00,0.0000000000e+00,0.0000000000e+00,-5.0927391264e-01,0.0000000000e+00,0.0000000000e+00,1.0185478253e+00,-5.0927391264e-01,0.0000000000e+00,-5.0927391264e-01,0.0000000000e+00,0.0000000000e+00,1.0185478253e+00,-5.0927391264e-01,0.0000000000e+00
2.5591606027e-02,0.0000000000e+00,5.1727152001e-01,0.0000000000e+00,0.0000000000e+00,0.0000000000e+00,1.0000000000e+00,0.0000000000e+00,0.0000000000e+00,0.0000000000e+00,-1.3000000000e+00,0.0000000000e+00,0.0000000000e+00,0.0000000000e+00,1.3000000000e+00,0.0000000000e+00,0.0000000000e+00,-5.0155650944e-01,0.0000000000e+00,0.0000000000e+00,1.0031130189e+00,-5.0155650944e-01,0.0000000000e+00,-5.0155650944e-01,0.0000000000e+00,0.0000000000e+00,1.0031130189e+00,-5.0155650944e-01,0.0000000000e+00
2.5229269807e-02,0.0000000000e+00,5.1888716219e-01,0.0000000000e+00,0.0000000000e+00,0.0000000000e+00,1.0000000000e+00,0.0000000000e+00,0.0000000000e+00,0.0000000000e+00,-1.3000000000e+00,0.0000000000e+00,0.0000000000e+00,0.0000000000e+00,1.3000000000e+00,0.0000000000e+00,0.0000000000e+00,-4.9373356740e-01,0.0000000000e+00,0.0000000000e+00,9.8746713480e-01,-4.9373356740e-01,0.0000000000e+00,-4.9373356740e-01,0.0000000000e+00,0.0000000000e+00,9.8746713480e-01,-4.9373356740e-01,0.0000000000e+00
2.4860600231e-02,0.0000000000e+00,5.2049947299e-01,0.0000000000e+00,0.0000000000e+00,0.0000000000e+00,1.0000000000e+00,0.0000000000e+00,0.0000000000e+00,0.0000000000e+00,-1.3000000000e+00,0.0000000000e+00,0.0000000000e+00,0.0000000000e+00,1.3000000000e+00,0.0000000000e+00,0.0000000000e+00,-4.8581029161e-01,0.0000000000e+00,0.0000000000e+00,9.7162058322e-01,-4.8581029161e-01,0.0000000000e+00,-4.8581029161e-01,0.0000000000e+00,0.0000000000e+00,9.7162058322e-01,-4.8581029161e-01,0.0000000000e+00
2.4485805555e-02,0.0000000000e+00,5.2210637225e-01,0.0000000000e+00,0.0000000000e+00,0.0000000000e+00,1.0000000000e+00,0.0000000000e+00,0.0000000000e+00,0.0000000000e+00,-1.3000000000e+00,0.0000000000e+00,0.0000000000e+00,0.0000000000e+00,1.3000000000e+00,0.0000000000e+00,0.0000000000e+00,-4.7779200000e-01,0.0000000000e+00,0.0000000000e+00,9.5558400000e-01,-4.7779200000e-01,0.0000000000e+00,-4.7779200000e-01,0.0000000000e+00,0.0000000000e+00,9.5558400000e-01,-4.7779200000e-01,0.0000000000e+00
2.4105104628e-02,0.0000000000e+00,5.2370580841e-01,0.0000000000e+00,0.0000000000e+00,0.0000000000e+00,1.0000000000e+00,0.0000000000e+00,0.0000000000e+00,0.0000000000e+00,-1.3000000000e+00,0.0000000000e+00,0.0000000000e+00,0.0000000000e+00,1.3000000000e+00,0.0000000000e+00,0.0000000000e+00,-4.6968411669e-01,0.0000000000e+00,0.0000000000e+00,9.3936823337e-01,-4.6968411669e-01,0.0000000000e+00,-4.6968411669e-01,0.0000000000e+00,0.0000000000e+00,9.3936823337e-01,-4.6968411669e-01,0.0000000000e+00
2.3718726716e-02,0.0000000000e+00,5.2529576411e-01,0.0000000000e+00,0.0000000000e+00,0.0000000000e+00,1.0000000000e+00,0.0000000000e+00,0.0000000000e+00,0.0000000000e+00,-1.3000000000e+00,0.0000000000e+00,0.0000000000e+00,0.0000000000e+00,1.3000000000e+00,0.0000000000e+00,0.0000000000e+00,-4.6149216534e-01,0.0000000000e+00,0.0000000000e+00,9.2298433068e-01,-4.6149216534e-01,0.0000000000e+00,-4.6149216534e-01,0.0000000000e+00,0.0000000000e+00,9.2298433068e-01,-4.6149216534e-01,0.0000000000e+00
2.3326911301e-02,0.0000000000e+00,5.2687426157e-01,0.0000000000e+00,0.0000000000e+00,0.0000000000e+00,1.0000000000e+00,0.0000000000e+00,0.0000000000e+00,0.0000000000e+00,-1.3000000000e+00,0.0000000000e+00,0.0000000000e+00,0.0000000000e+00,1.3000000000e+00,0.0000000000e+00,0.0000000000e+00,-4.5322176256e-01,0.0000000000e+00,0.0000000000e+00,9.0644352512e-01,-4.5322176256e-01,0.0000000000e+00,-4.5322176256e-01,0.0000000000e+00,0.0000000000e+00,9.0644352512e-01,-4.5322176256e-01,0.0000000000e+00
2.2929907851e-02,0.0000000000e+00,5.2843936788e-01,0.0000000000e+00,0.0000000000e+00,0.0000000000e+00,1.0000000000e+00,0.0000000000e+00,0.0000000000e+00,0.0000000000e+00,-1.3000000000e+00,0.0000000000e+00,0.0000000000e+00,0.0000000000e+00,1.3000000000e+00,0.0000000000e+00,0.0000000000e+00,-4.4487861122e-01,0.0000000000e+00,0.0000000000e+00,8.8975722243e-01,-4.4487861122e-01,0.0000000000e+00,-4.4487861122e-01,0.0000000000e+00,0.0000000000e+00,8.8975722243e-01,-4.4487861122e-01,0.0000000000e+00
2.2527975559e-02,0.0000000000e+00,5.2998920008e-01,0.0000000000e+00,0.0000000000e+00,0.0000000000e+00,1.0000000000e+00,0.0000000000e+00,0.0000000000e+00,0.0000000000e+00,-1.3000000000e+00,0.0000000000e+00,0.0000000000e+00,0.0000000000e+00,1.3000000000e+00,0.0000000000e+00,0.0000000000e+00,-4.3646849383e-01,0.0000000000e+00,0.0000000000e+00,8.7293698765e-01,-4.3646849383e-01,0.0000000000e+00,-4.3646849383e-01,0.0000000000e+00,0.0000000000e+00,8.7293698765e-01,-4.3646849383e-01,0.0000000000e+00
2.2121383052e-02,0.0000000000e+00,5.3152193005e-01,0.0000000000e+00,0.0000000000e+00,0.0000000000e+00,1.0000000000e+00,0.0000000000e+00,0.0000000000e+00,0.0000000000e+00,-1.3000000000e+00,0.0000000000e+00,0.0000000000e+00,0.0000000000e+00,1.3000000000e+00,0.0000000000e+00,0.0000000000e+00,-4.2799726592e-01,0.0000000000e+00,0.0000000000e+00,8.5599453184e-01,-4.2799726592e-01,0.0000000000e+00,-4.2799726592e-01,0.0000000000e+00,0.0000000000e+00,8.5599453184e-01,-4.2799726592e-01,0.0000000000e+00
2.1710408074e-02,0.0000000000e+00,5.3303578919e-01,0.0000000000e+00,0.0000000000e+00,0.0000000000e+00,1.0000000000e+00,0.0000000000e+00,0.0000000000e+00,0.0000000000e+00,-1.3000000000e+00,0.0000000000e+00,0.0000000000e+00,0.0000000000e+00,1.3000000000e+00,0.0000000000e+00,0.0000000000e+00,-4.1947084939e-01,0.0000000000e+00,0.0000000000e+00,8.3894169878e-01,-4.1947084939e-01,0.0000000000e+00,-4.1947084939e-01,0.0000000000e+00,0.0000000000e+00,8.3894169878e-01,-4.1947084939e-01,0.0000000000e+00
2.1295337137e-02,0.0000000000e+00,5.3452907295e-01,0.0000000000e+00,0.0000000000e+00,0.0000000000e+00,1.0000000000e+00,0.0000000000e+00,0.0000000000e+00,0.0000000000e+00,-1.3000000000e+00,0.0000000000e+00,0.0000000000e+00,0.0000000000e+00,1.3000000000e+00,0.0000000000e+00,0.0000000000e+00,-4.1089522587e-01,0.0000000000e+00,0.0000000000e+00,8.2179045174e-01,-4.1089522587e-01,0.0000000000e+00,-4.1089522587e-01,0.0000000000e+00,0.0000000000e+00,8.2179045174e-01,-4.1089522587e-01,0.0000000000e+00
2.0876465143e-02,0.0000000000e+00,5.3600014498e-01,0.0000000000e+00,0.0000000000e+00,0.0000000000e+00,1.0000000000e+00,0.0000000000e+00,0.0000000000e+00,0.0000000000e+00,-1.3000000000e+00,0.0000000000e+00,0.0000000000e+00,0.0000000000e+00,1.3000000000e+00,0.0000000000e+00,0.0000000000e+00,-4.0227643008e-01,0.0000000000e+00,0.0000000000e+00,8.0455286016e-01,-4.0227643008e-01,0.0000000000e+00,-4.0227643008e-01,0.0000000000e+00,0.0000000000e+00,8.0455286016e-01,-4.0227643008e-01,0.0000000000e+00
2.0454094985e-02,0.0000000000e+00,5.3744744115e-01,0.0000000000e+00,0.0000000000e+00,0.0000000000e+00,1.0000000000e+00,0.0000000000e+00,0.0000000000e+00,0.0000000000e+00,-1.3000000000e+00,0.0000000000e+00,0.0000000000e+00,0.0000000000e+00,1.3000000000e+00,0.0000000000e+00,0.0000000000e+00,-3.9362054321e-01,0.0000000000e+00,0.0000000000e+00,7.8724108642e-01,-3.9362054321e-01,0.0000000000e+00,-3.9362054321e-01,0.0000000000e+00,0.0000000000e+00,7.8724108642e-01,-3.9362054321e-01,0.0000000000e+00
2.0028537113e-02,0.0000000000e+00,5.3886947325e-01,0.0000000000e+00,0.0000000000e+00,0.0000000000e+00,1.0000000000e+00,0.0000000000e+00,0.0000000000e+00,0.0000000000e+00,-1.3000000000e+00,0.0000000000e+00,0.0000000000e+00,0.0000000000e+00,1.3000000000e+00,0.0000000000e+00,0.0000000000e+00,-3.8493368627e-01,0.0000000000e+00,0.0000000000e+00,7.6986737253e-01,-3.8493368627e-01,0.0000000000e+00,-3.8493368627e-01,0.0000000000e+00,0.0000000000e+00,7.6986737253e-01,-3.8493368627e-01,0.0000000000e+00
1.9600109083e-02,0.0000000000e+00,5.4026483239e-01,0.0000000000e+00,0.0000000000e+00,0.0000000000e+00,1.0000000000e+00,0.0000000000e+00,0.0000000000e+00,0.0000000000e+00,-1.3000000000e+00,0.0000000000e+00,0.0000000000e+00,0.0000000000e+00,1.3000000000e+00,0.0000000000e+00,0.0000000000e+00,-3.7622201344e-01,0.0000000000e+00,0.0000000000e+00,7.5244402688e-01,-3.7622201344e-01,0.0000000000e+00,-3.7622201344e-01,0.0000000000e+00,0.0000000000e+00,7.5244402688e-01,-3.7622201344e-01,0.0000000000e+00
1.9169135074e-02,0.0000000000e+00,5.4163219217e-01,0.0000000000e+00,0.0000000000e+00,0.0000000000e+00,1.0000000000e+00,0.0000000000e+00,0.0000000000e+00,0.0000000000e+00,-1.3000000000e+00,0.0000000000e+00,0.0000000000e+00,0.0000000000e+00,1.3000000000e+00,0.0000000000e+00,0.0000000000e+00,-3.6749170547e-01,0.0000000000e+00,0.0000000000e+00,7.3498341095e-01,-3.6749170547e-01,0.0000000000e+00,-3.6749170547e-01,0.0000000000e+00,0.0000000000e+00,7.3498341095e-01,-3.6749170547e-01,0.0000000000e+00
1.8735945387e-02,0.0000000000e+00,5.4297031149e-01,0.0000000000e+00,0.0000000000e+00,0.0000000000e+00,1.0000000000e+00,0.0000000000e+00,0.0000000000e+00,0.0000000000e+00,-1.3000000000e+00,0.0000000000e+00,0.0000000000e+00,0.0000000000e+00,1.3000000000e+00,0.0000000000e+00,0.0000000000e+00,-3.5874896302e-01,0.0000000000e+00,0.0000000000e+00,7.1749792604e-01,-3.5874896302e-01,0.0000000000e+00,-3.5874896302e-01,0.0000000000e+00,0.0000000000e+00,7.1749792604e-01,-3.5874896302e-01,0.0000000000e+00
1.8300875921e-02,0.0000000000e+00,5.4427803703e-01,0.0000000000e+00,0.0000000000e+00,0.0000000000e+00,1.0000000000e+00,0.0000000000e+00,0.0000000000e+00,0.0000000000e+00,-1.3000000000e+00,0.0000000000e+00,0.0000000000e+00,0.0000000000e+00,1.3000000000e+00,0.0000000000e+00,0.0000000000e+00,-3.5000000000e-01,0.0000000000e+00,0.0000000000e+00,7.0000000000e-01,-3.5000000000e-01,0.0000000000e+00,-3.5000000000e-01,0.0000000000e+00,0.0000000000e+00,7.0000000000e-01,-3.5000000000e-01,0.0000000000e+00
1.7864267632e-02,0.0000000000e+00,5.4555430549e-01,0.0000000000e+00,0.0000000000e+00,0.0000000000e+00,1.0000000000e+00,0.0000000000e+00,0.0000000000e+00,0.0000000000e+00,-1.3000000000e+00,0.0000000000e+00,0.0000000000e+00,0.0000000000e+00,1.3000000000e+00,0.0000000000e+00,0.0000000000e+00,-3.4125103698e-01,0.0000000000e+00,0.0000000000e+00,6.8250207396e-01,-3.4125103698e-01,0.0000000000e+00,-3.4125103698e-01,0.0000000000e+00,0.0000000000e+00,6.8250207396e-01,-3.4125103698e-01,0.0000000000e+00
1.7426465966e-02,0.0000000000e+00,5.4679814541e-01,0.0000000000e+00,0.0000000000e+00,0.0000000000e+00,1.0000000000e+00,0.0000000000e+00,0.0000000000e+00,0.0000000000e+00,-1.3000000000e+00,0.0000000000e+00,0.0000000000e+00,0.0000000000e+00,1.3000000000e+00,0.0000000000e+00,0.0000000000e+00,-3.3250829453e-01,0.0000000000e+00,0.0000000000e+00,6.6501658905e-01,-3.3250829453e-01,0.0000000000e+00,-3.3250829453e-01,0.0000000000e+00,0.0000000000e+00,6.6501658905e-01,-3.3250829453e-01,0.0000000000e+00
1.6987820288e-02,0.0000000000e+00,5.4800867871e-01,0.0000000000e+00,0.0000000000e+00,0.0000000000e+00,1.0000000000e+00,0.0000000000e+00,0.0000000000e+00,0.0000000000e+00,-1.3000000000e+00,0.0000000000e+00,0.0000000000e+00,0.0000000000e+00,1.3000000000e+00,0.0000000000e+00,0.0000000000e+00,-3.2377798656e-01,0.0000000000e+00,0.0000000000e+00,6.4755597312e-01,-3.2377798656e-01,0.0000000000e+00,-3.2377798656e-01,0.0000000000e+00,0.0000000000e+00,6.4755597312e-01,-3.2377798656e-01,0.0000000000e+00
1.6548683282e-02,0.0000000000e+00,5.4918512186e-01,0.0000000000e+00,0.0000000000e+00,0.0000000000e+00,1.0000000000e+00,0.0000000000e+00,0.0000000000e+00,0.0000000000e+00,-1.3000000000e+00,0.0000000000e+00,0.0000000000e+00,0.0000000000e+00,1.3000000000e+00,0.0000000000e+00,0.0000000000e+00,-3.1506631373e-01,0.0000000000e+00,0.0000000000e+00,6.3013262747e-01,-3.1506631373e-01,0.0000000000e+00,-3.1506631373e-01,0.0000000000e+00,0.0000000000e+00,6.3013262747e-01,-3.1506631373e-01,0.0000000000e+00
1.6109410351e-02,0.0000000000e+00,5.5032678672e-01,0.0000000000e+00,0.0000000000e+00,0.0000000000e+00,1.0000000000e+00,0.0000000000e+00,0.0000000000e+00,0.0000000000e+00,-1.3000000000e+00,0.0000000000e+00,0.0000000000e+00,0.0000000000e+00,1.3000000000e+00,0.0000000000e+00,0.0000000000e+00,-3.0637945679e-01,0.0000000000e+00,0.0000000000e+00,6.1275891358e-01,-3.0637945679e-01,0.0000000000e+00,-3.0637945679e-01,0.0000000000e+00,0.0000000000e+00,6.1275891358e-01,-3.0637945679e-01,0.0000000000e+00
1.5670358997e-02,0.0000000000e+00,5.5143308104e-01,0.0000000000e+00,0.0000000000e+00,0.0000000000e+00,1.0000000000e+00,0.0000000000e+00,0.0000000000e+00,0.0000000000e+00,-1.3000000000e+00,0.0000000000e+00,0.0000000000e+00,0.0000000000e+00,1.3000000000e+00,0.0000000000e+00,0.0000000000e+00,-2.9772356992e-01,0.0000000000e+00,0.0000000000e+00,5.9544713984e-01,-2.9772356992e-01,0.0000000000e+00,-2.9772356992e-01,0.0000000000e+00,0.0000000000e+00,5.9544713984e-01,-2.9772356992e-01,0.0000000000e+00
1.5231888196e-02,0.0000000000e+00,5.5250350858e-01,0.0000000000e+00,0.0000000000e+00,0.0000000000e+00,1.0000000000e+00,0.0000000000e+00,0.0000000000e+00,0.0000000000e+00,-1.3000000000e+00,0.0000000000e+00,0.0000000000e+00,0.0000000000e+00,1.3000000000e+00,0.0000000000e+00,0.0000000000e+00,-2.8910477413e-01,0.0000000000e+00,0.0000000000e+00,5.7820954826e-01,-2.8910477413e-01,0.0000000000e+00,-2.8910477413e-01,0.0000000000e+00,0.0000000000e+00,5.7820954826e-01,-2.8910477413e-01,0.0000000000e+00
1.4794357769e-02,0.0000000000e+00,5.5353766894e-01,0.0000000000e+00,0.0000000000e+00,0.0000000000e+00,1.0000000000e+00,0.0000000000e+00,0.0000000000e+00,0.0000000000e+00,-1.3000000000e+00,0.0000000000e+00,0.0000000000e+00,0.0000000000e+00,1.3000000000e+00,0.0000000000e+00,0.0000000000e+00,-2.8052915061e-01,0.0000000000e+00,0.0000000000e+00,5.6105830122e-01,-2.8052915061e-01,0.0000000000e+00,-2.8052915061e-01,0.0000000000e+00,0.0000000000e+00,5.6105830122e-01,-2.8052915061e-01,0.0000000000e+00
1.4358127739e-02,0.0000000000e+00,5.5453525699e-01,0.0000000000e+00,0.0000000000e+00,0.0000000000e+00,1.0000000000e+00,0.0000000000e+00,0.0000000000e+00,0.0000000000e+00,-1.3000000000e+00,0.0000000000e+00,0.0000000000e+00,0.0000000000e+00,1.3000000000e+00,0.0000000000e+00,0.0000000000e+00,-2.7200273408e-01,0.0000000000e+00,0.0000000000e+00,5.4400546816e-01,-2.7200273408e-01,0.0000000000e+00,-2.7200273408e-01,0.0000000000e+00,0.0000000000e+00,5.4400546816e-01,-2.7200273408e-01,0.0000000000e+00
1.3923557696e-02,0.0000000000e+00,5.5549606202e-01,0.0000000000e+00,0.0000000000e+00,0.0000000000e+00,1.0000000000e+00,0.0000000000e+00,0.0000000000e+00,0.0000000000e+00,-1.3000000000e+00,0.0000000000e+00,0.0000000000e+00,0.0000000000e+00,1.3000000000e+00,0.0000000000e+00,0.0000000000e+00,-2.6353150617e-01,0.0000000000e+00,0.0000000000e+00,5.2706301235e-01,-2.6353150617e-01,0.0000000000e+00,-2.6353150617e-01,0.0000000000e+00,0.0000000000e+00,5.2706301235e-01,-2.6353150617e-01,0.0000000000e+00
1.3491006147e-02,0.0000000000e+00,5.5641996650e-01,0.0000000000e+00,0.0000000000e+00,0.0000000000e+00,1.0000000000e+00,0.0000000000e+00,0.0000000000e+00,0.0000000000e+00,-1.3000000000e+00,0.0000000000e+00,0.0000000000e+00,0.0000000000e+00,1.3000000000e+00,0.0000000000e+00,0.0000000000e+00,-2.5512138878e-01,0.0000000000e+00,0.0000000000e+00,5.1024277757e-01,-2.5512138878e-01,0.0000000000e+00,-2.5512138878e-01,0.0000000000e+00,0.0000000000e+00,5.1024277757e-01,-2.5512138878e-01,0.0000000000e+00
1.3060829886e-02,0.0000000000e+00,5.5730694458e-01,0.0000000000e+00,0.0000000000e+00,0.0000000000e+00,1.0000000000e+00,0.0000000000e+00,0.0000000000e+00,0.0000000000e+00,-1.3000000000e+00,0.0000000000e+00,0.0000000000e+00,0.0000000000e+00,1.3000000000e+00,0.0000000000e+00,0.0000000000e+00,-2.4677823744e-01,0.0000000000e+00,0.0000000000e+00,4.9355647488e-01,-2.4677823744e-01,0.0000000000e+00,-2.4677823744e-01,0.0000000000e+00,0.0000000000e+00,4.9355647488e-01,-2.4677823744e-01,0.0000000000e+00
1.2633383343e-02,0.0000000000e+00,5.5815706018e-01,0.0000000000e+00,0.0000000000e+00,0.0000000000e+00,1.0000000000e+00,0.0000000000e+00,0.0000000000e+00,0.0000000000e+00,-1.3000000000e+00,0.0000000000e+00,0.0000000000e+00,0.0000000000e+00,1.3000000000e+00,0.0000000000e+00,0.0000000000e+00,-2.3850783466e-01,0.0000000000e+00,0.0000000000e+00,4.7701566932e-01,-2.3850783466e-01,0.0000000000e+00,-2.3850783466e-01,0.0000000000e+00,0.0000000000e+00,4.7701566932e-01,-2.3850783466e-01,0.0000000000e+00
1.2209017956e-02,0.0000000000e+00,5.5897046491e-01,0.0000000000e+00,0.0000000000e+00,0.0000000000e+00,1.0000000000e+00,0.0000000000e+00,0.0000000000e+00,0.0000000000e+00,-1.3000000000e+00,0.0000000000e+00,0.0000000000e+00,0.0000000000e+00,1.3000000000e+00,0.0000000000e+00,0.0000000000e+00,-2.3031588331e-01,0.0000000000e+00,0.0000000000e+00,4.6063176663e-01,-2.3031588331e-01,0.0000000000e+00,-2.3031588331e-01,0.0000000000e+00,0.0000000000e+00,4.6063176663e-01,-2.3031588331e-01,0.0000000000e+00
1.1788081541e-02,0.0000000000e+00,5.5974739556e-01,0.0000000000e+00,0.0000000000e+00,0.0000000000e+00,1.0000000000e+00,0.0000000000e+00,0.0000000000e+00,0.0000000000e+00,-1.3000000000e+00,0.0000000000e+00,0.0000000000e+00,0.0000000000e+00,1.3000000000e+00,0.0000000000e+00,0.0000000000e+00,-2.2220800000e-01,0.0000000000e+00,0.0000000000e+00,4.4441600000e-01,-2.2220800000e-01,0.0000000000e+00,-2.2220800000e-01,0.0000000000e+00,0.0000000000e+00,4.4441600000e-01,-2.2220800000e-01,0.0000000000e+00
1.1370917668e-02,0.0000000000e+00,5.6048817138e-01,0.0000000000e+00,0.0000000000e+00,0.0000000000e+00,1.0000000000e+00,0.0000000000e+00,0.0000000000e+00,0.0000000000e+00,-1.3000000000e+00,0.0000000000e+00,0.0000000000e+00,0.0000000000e+00,1.3000000000e+00,0.0000000000e+00,0.0000000000e+00,-2.1418970839e-01,0.0000000000e+00,0.0000000000e+00,4.2837941678e-01,-2.1418970839e-01,0.0000000000e+00,-2.1418970839e-01,0.0000000000e+00,0.0000000000e+00,4.2837941678e-01,-2.1418970839e-01,0.0000000000e+00
1.0957865046e-02,0.0000000000e+00,5.6119319110e-01,0.0000000000e+00,0.0000000000e+00,0.0000000000e+00,1.0000000000e+00,0.0000000000e+00,0.0000000000e+00,0.0000000000e+00,-1.3000000000e+00,0.0000000000e+00,0.0000000000e+00,0.0000000000e+00,1.3000000000e+00,0.0000000000e+00,0.0000000000e+00,-2.0626643260e-01,0.0000000000e+00,0.0000000000e+00,4.1253286520e-01,-2.0626643260e-01,0.0000000000e+00,-2.0626643260e-01,0.0000000000e+00,0.0000000000e+00,4.1253286520e-01,-2.0626643260e-01,0.0000000000e+00
1.0549256926e-02,0.0000000000e+00,5.6186292966e-01,0.0000000000e+00,0.0000000000e+00,0.0000000000e+00,1.0000000000e+00,0.0000000000e+00,0.0000000000e+00,0.0000000000e+00,-1.3000000000e+00,0.0000000000e+00,0.0000000000e+00,0.0000000000e+00,1.3000000000e+00,0.0000000000e+00,0.0000000000e+00,-1.9844349056e-01,0.0000000000e+00,0.0000000000e+00,3.9688698112e-01,-1.9844349056e-01,0.0000000000e+00,-1.9844349056e-01,0.0000000000e+00,0.0000000000e+00,3.9688698112e-01,-1.9844349056e-01,0.0000000000e+00
1.0145420501e-02,0.0000000000e+00,5.6249793471e-01,0.0000000000e+00,0.0000000000e+00,0.0000000000e+00,1.0000000000e+00,0.0000000000e+00,0.0000000000e+00,0.0000000000e+00,-1.3000000000e+00,0.0000000000e+00,0.0000000000e+00,0.0000000000e+00,1.3000000000e+00,0.0000000000e+00,0.0000000000e+00,-1.9072608736e-01,0.0000000000e+00,0.0000000000e+00,3.8145217473e-01,-1.9072608736e-01,0.0000000000e+00,-1.9072608736e-01,0.0000000000e+00,0.0000000000e+00,3.8145217473e-01,-1.9072608736e-01,0.0000000000e+00
9.7466763295e-03,0.0000000000e+00,5.6309882291e-01,0.0000000000e+00,0.0000000000e+00,0.0000000000e+00,1.0000000000e+00,0.0000000000e+00,0.0000000000e+00,0.0000000000e+00,-1.3000000000e+00,0.0000000000e+00,0.0000000000e+00,0.0000000000e+00,1.3000000000e+00,0.0000000000e+00,0.0000000000e+00,-1.8311930864e-01,0.0000000000e+00,0.0000000000e+00,3.6623861728e-01,-1.8311930864e-01,0.0000000000e+00,-1.8311930864e-01,0.0000000000e+00,0.0000000000e+00,3.6623861728e-01,-1.8311930864e-01,0.0000000000e+00
9.3533377708e-03,0.0000000000e+00,5.6366627602e-01,0.0000000000e+00,0.0000000000e+00,0.0000000000e+00,1.0000000000e+00,0.0000000000e+00,0.0000000000e+00,0.0000000000e+00,-1.3000000000e+00,0.0000000000e+00,0.0000000000e+00,0.0000000000e+00,1.3000000000e+00,0.0000000000e+00,0.0000000000e+00,-1.7562811392e-01,0.0000000000e+00,0.0000000000e+00,3.5125622784e-01,-1.7562811392e-01,0.0000000000e+00,-1.7562811392e-01,0.0000000000e+00,0.0000000000e+00,3.5125622784e-01,-1.7562811392e-01,0.0000000000e+00
8.9657104286e-03,0.0000000000e+00,5.6420103679e-01,0.0000000000e+00,0.0000000000e+00,0.0000000000e+00,1.0000000000e+00,0.0000000000e+00,0.0000000000e+00,0.0000000000e+00,-1.3000000000e+00,0.0000000000e+00,0.0000000000e+00,0.0000000000e+00,1.3000000000e+00,0.0000000000e+00,0.0000000000e+00,-1.6825732998e-01,0.0000000000e+00,0.0000000000e+00,3.3651465997e-01,-1.6825732998e-01,0.0000000000e+00,-1.6825732998e-01,0.0000000000e+00,0.0000000000e+00,3.3651465997e-01,-1.6825732998e-01,0.0000000000e+00
8.5840916154e-03,0.0000000000e+00,5.6470390473e-01,0.0000000000e+00,0.0000000000e+00,0.0000000000e+00,1.0000000000e+00,0.0000000000e+00,0.0000000000e+00,0.0000000000e+00,-1.3000000000e+00,0.0000000000e+00,0.0000000000e+00,0.0000000000e+00,1.3000000000e+00,0.0000000000e+00,0.0000000000e+00,-1.6101164424e-01,0.0000000000e+00,0.0000000000e+00,3.2202328848e-01,-1.6101164424e-01,0.0000000000e+00,-1.6101164424e-01,0.0000000000e+00,0.0000000000e+00,3.2202328848e-01,-1.6101164424e-01,0.0000000000e+00
8.2087698292e-03,0.0000000000e+00,5.6517573165e-01,0.0000000000e+00,0.0000000000e+00,0.0000000000e+00,1.0000000000e+00,0.0000000000e+00,0.0000000000e+00,0.0000000000e+00,-1.3000000000e+00,0.0000000000e+00,0.0000000000e+00,0.0000000000e+00,1.3000000000e+00,0.0000000000e+00,0.0000000000e+00,-1.5389559808e-01,0.0000000000e+00,0.0000000000e+00,3.0779119616e-01,-1.5389559808e-01,0.0000000000e+00,-1.5389559808e-01,0.0000000000e+00,0.0000000000e+00,3.0779119616e-01,-1.5389559808e-01,0.0000000000e+00
7.8400242472e-03,0.0000000000e+00,5.6561741720e-01,0.0000000000e+00,0.0000000000e+00,0.0000000000e+00,1.0000000000e+00,0.0000000000e+00,0.0000000000e+00,0.0000000000e+00,-1.3000000000e+00,0.0000000000e+00,0.0000000000e+00,0.0000000000e+00,1.3000000000e+00,0.0000000000e+00,0.0000000000e+00,-1.4691358025e-01,0.0000000000e+00,0.0000000000e+00,2.9382716049e-01,-1.4691358025e-01,0.0000000000e+00,-1.4691358025e-01,0.0000000000e+00,0.0000000000e+00,2.9382716049e-01,-1.4691358025e-01,0.0000000000e+00
7.4781242343e-03,0.0000000000e+00,5.6602990419e-01,0.0000000000e+00,0.0000000000e+00,0.0000000000e+00,1.0000000000e+00,0.0000000000e+00,0.0000000000e+00,0.0000000000e+00,-1.3000000000e+00,0.0000000000e+00,0.0000000000e+00,0.0000000000e+00,1.3000000000e+00,0.0000000000e+00,0.0000000000e+00,-1.4006982019e-01,0.0000000000e+00,0.0000000000e+00,2.8013964038e-01,-1.4006982019e-01,0.0000000000e+00,-1.4006982019e-01,0.0000000000e+00,0.0000000000e+00,2.8013964038e-01,-1.4006982019e-01,0.0000000000e+00
7.1233288689e-03,0.0000000000e+00,5.6641417389e-01,0.0000000000e+00,0.0000000000e+00,0.0000000000e+00,1.0000000000e+00,0.0000000000e+00,0.0000000000e+00,0.0000000000e+00,-1.3000000000e+00,0.0000000000e+00,0.0000000000e+00,0.0000000000e+00,1.3000000000e+00,0.0000000000e+00,0.0000000000e+00,-1.3336838144e-01,0.0000000000e+00,0.0000000000e+00,2.6673676288e-01,-1.3336838144e-01,0.0000000000e+00,-1.3336838144e-01,0.0000000000e+00,0.0000000000e+00,2.6673676288e-01,-1.3336838144e-01,0.0000000000e+00
6.7758864843e-03,0.0000000000e+00,5.6677124130e-01,0.0000000000e+00,0.0000000000e+00,0.0000000000e+00,1.0000000000e+00,0.0000000000e+00,0.0000000000e+00,0.0000000000e+00,-1.3000000000e+00,0.0000000000e+00,0.0000000000e+00,0.0000000000e+00,1.3000000000e+00,0.0000000000e+00,0.0000000000e+00,-1.2681315496e-01,0.0000000000e+00,0.0000000000e+00,2.5362630991e-01,-1.2681315496e-01,0.0000000000e+00,-1.2681315496e-01,0.0000000000e+00,0.0000000000e+00,2.5362630991e-01,-1.2681315496e-01,0.0000000000e+00
6.4360342259e-03,0.0000000000e+00,5.6710215029e-01,0.0000000000e+00,0.0000000000e+00,0.0000000000e+00,1.0000000000e+00,0.0000000000e+00,0.0000000000e+00,0.0000000000e+00,-1.3000000000e+00,0.0000000000e+00,0.0000000000e+00,0.0000000000e+00,1.3000000000e+00,0.0000000000e+00,0.0000000000e+00,-1.2040785250e-01,0.0000000000e+00,0.0000000000e+00,2.4081570500e-01,-1.2040785250e-01,0.0000000000e+00,-1.2040785250e-01,0.0000000000e+00,0.0000000000e+00,2.4081570500e-01,-1.2040785250e-01,0.0000000000e+00
6.1039976245e-03,0.0000000000e+00,5.6740796882e-01,0.0000000000e+00,0.0000000000e+00,0.0000000000e+00,1.0000000000e+00,0.0000000000e+00,0.0000000000e+00,0.0000000000e+00,-1.3000000000e+00,0.0000000000e+00,0.0000000000e+00,0.0000000000e+00,1.3000000000e+00,0.0000000000e+00,0.0000000000e+00,-1.1415600000e-01,0.0000000000e+00,0.0000000000e+00,2.2831200000e-01,-1.1415600000e-01,0.0000000000e+00,-1.1415600000e-01,0.0000000000e+00,0.0000000000e+00,2.2831200000e-01,-1.1415600000e-01,0.0000000000e+00
5.7799901845e-03,0.0000000000e+00,5.6768978411e-01,0.0000000000e+00,0.0000000000e+00,0.0000000000e+00,1.0000000000e+00,0.0000000000e+00,0.0000000000e+00,0.0000000000e+00,-1.3000000000e+00,0.0000000000e+00,0.0000000000e+00,0.0000000000e+00,1.3000000000e+00,0.0000000000e+00,0.0000000000e+00,-1.0806093091e-01,0.0000000000e+00,0.0000000000e+00,2.1612186182e-01,-1.0806093091e-01,0.0000000000e+00,-1.0806093091e-01,0.0000000000e+00,0.0000000000e+00,2.1612186182e-01,-1.0806093091e-01,0.0000000000e+00
5.4642129878e-03,0.0000000000e+00,5.6794869786e-01,0.0000000000e+00,0.0000000000e+00,0.0000000000e+00,1.0000000000e+00,0.0000000000e+00,0.0000000000e+00,0.0000000000e+00,-1.3000000000e+00,0.0000000000e+00,0.0000000000e+00,0.0000000000e+00,1.3000000000e+00,0.0000000000e+00,0.0000000000e+00,-1.0212577956e-01,0.0000000000e+00,0.0000000000e+00,2.0425155913e-01,-1.0212577956e-01,0.0000000000e+00,-1.0212577956e-01,0.0000000000e+00,0.0000000000e+00,2.0425155913e-01,-1.0212577956e-01,0.0000000000e+00
5.1568543109e-03,0.0000000000e+00,5.6818582153e-01,0.0000000000e+00,0.0000000000e+00,0.0000000000e+00,1.0000000000e+00,0.0000000000e+00,0.0000000000e+00,0.0000000000e+00,-1.3000000000e+00,0.0000000000e+00,0.0000000000e+00,0.0000000000e+00,1.3000000000e+00,0.0000000000e+00,0.0000000000e+00,-9.6353474560e-02,0.0000000000e+00,0.0000000000e+00,1.9270694912e-01,-9.6353474560e-02,0.0000000000e+00,-9.6353474560e-02,0.0000000000e+00,0.0000000000e+00,1.9270694912e-01,-9.6353474560e-02,0.0000000000e+00
4.8580892560e-03,0.0000000000e+00,5.6840227167e-01,0.0000000000e+00,0.0000000000e+00,0.0000000000e+00,1.0000000000e+00,0.0000000000e+00,0.0000000000e+00,0.0000000000e+00,-1.3000000000e+00,0.0000000000e+00,0.0000000000e+00,0.0000000000e+00,1.3000000000e+00,0.0000000000e+00,0.0000000000e+00,-9.0746732105e-02,0.0000000000e+00,0.0000000000e+00,1.8149346421e-01,-9.0746732105e-02,0.0000000000e+00,-9.0746732105e-02,0.0000000000e+00,0.0000000000e+00,1.8149346421e-01,-9.0746732105e-02,0.0000000000e+00
4.5680793955e-03,0.0000000000e+00,5.6859916535e-01,0.0000000000e+00,0.0000000000e+00,0.0000000000e+00,1.0000000000e+00,0.0000000000e+00,0.0000000000e+00,0.0000000000e+00,-1.3000000000e+00,0.0000000000e+00,0.0000000000e+00,0.0000000000e+00,1.3000000000e+00,0.0000000000e+00,0.0000000000e+00,-8.5308049383e-02,0.0000000000e+00,0.0000000000e+00,1.7061609877e-01,-8.5308049383e-02,0.0000000000e+00,-8.5308049383e-02,0.0000000000e+00,0.0000000000e+00,1.7061609877e-01,-8.5308049383e-02,0.0000000000e+00
4.2869724276e-03,0.0000000000e+00,5.6877761572e-01,0.0000000000e+00,0.0000000000e+00,0.0000000000e+00,1.0000000000e+00,0.0000000000e+00,0.0000000000e+00,0.0000000000e+00,-1.3000000000e+00,0.0000000000e+00,0.0000000000e+00,0.0000000000e+00,1.3000000000e+00,0.0000000000e+00,0.0000000000e+00,-8.0039697920e-02,0.0000000000e+00,0.0000000000e+00,1.6007939584e-01,-8.0039697920e-02,0.0000000000e+00,-8.0039697920e-02,0.0000000000e+00,0.0000000000e+00,1.6007939584e-01,-8.0039697920e-02,0.0000000000e+00
4.0149018432e-03,0.0000000000e+00,5.6893872769e-01,0.0000000000e+00,0.0000000000e+00,0.0000000000e+00,1.0000000000e+00,0.0000000000e+00,0.0000000000e+00,0.0000000000e+00,-1.3000000000e+00,0.0000000000e+00,0.0000000000e+00,0.0000000000e+00,1.3000000000e+00,0.0000000000e+00,0.0000000000e+00,-7.4943716946e-02,0.0000000000e+00,0.0000000000e+00,1.4988743389e-01,-7.4943716946e-02,0.0000000000e+00,-7.4943716946e-02,0.0000000000e+00,0.0000000000e+00,1.4988743389e-01,-7.4943716946e-02,0.0000000000e+00
3.7519866035e-03,0.0000000000e+00,5.6908359374e-01,0.0000000000e+00,0.0000000000e+00,0.0000000000e+00,1.0000000000e+00,0.0000000000e+00,0.0000000000e+00,0.0000000000e+00,-1.3000000000e+00,0.0000000000e+00,0.0000000000e+00,0.0000000000e+00,1.3000000000e+00,0.0000000000e+00,0.0000000000e+00,-7.0021906758e-02,0.0000000000e+00,0.0000000000e+00,1.4004381352e-01,-7.0021906758e-02,0.0000000000e+00,-7.0021906758e-02,0.0000000000e+00,0.0000000000e+00,1.4004381352e-01,-7.0021906758e-02,0.0000000000e+00
3.4983308254e-03,0.0000000000e+00,5.6921328997e-01,0.0000000000e+00,0.0000000000e+00,0.0000000000e+00,1.0000000000e+00,0.0000000000e+00,0.0000000000e+00,0.0000000000e+00,-1.3000000000e+00,0.0000000000e+00,0.0000000000e+00,0.0000000000e+00,1.3000000000e+00,0.0000000000e+00,0.0000000000e+00,-6.5275822080e-02,0.0000000000e+00,0.0000000000e+00,1.3055164416e-01,-6.5275822080e-02,0.0000000000e+00,-6.5275822080e-02,0.0000000000e+00,0.0000000000e+00,1.3055164416e-01,-6.5275822080e-02,0.0000000000e+00
3.2540234765e-03,0.0000000000e+00,5.6932887228e-01,0.0000000000e+00,0.0000000000e+00,0.0000000000e+00,1.0000000000e+00,0.0000000000e+00,0.0000000000e+00,0.0000000000e+00,-1.3000000000e+00,0.0000000000e+00,0.0000000000e+00,0.0000000000e+00,1.3000000000e+00,0.0000000000e+00,0.0000000000e+00,-6.0706765432e-02,0.0000000000e+00,0.0000000000e+00,1.2141353086e-01,-6.0706765432e-02,0.0000000000e+00,-6.0706765432e-02,0.0000000000e+00,0.0000000000e+00,1.2141353086e-01,-6.0706765432e-02,0.0000000000e+00
3.0191380759e-03,0.0000000000e+00,5.6943137276e-01,0.0000000000e+00,0.0000000000e+00,0.0000000000e+00,1.0000000000e+00,0.0000000000e+00,0.0000000000e+00,0.0000000000e+00,-1.3000000000e+00,0.0000000000e+00,0.0000000000e+00,0.0000000000e+00,1.3000000000e+00,0.0000000000e+00,0.0000000000e+00,-5.6315780488e-02,0.0000000000e+00,0.0000000000e+00,1.1263156098e-01,-5.6315780488e-02,0.0000000000e+00,-5.6315780488e-02,0.0000000000e+00,0.0000000000e+00,1.1263156098e-01,-5.6315780488e-02,0.0000000000e+00
2.7937324017e-03,0.0000000000e+00,5.6952179634e-01,0.0000000000e+00,0.0000000000e+00,0.0000000000e+00,1.0000000000e+00,0.0000000000e+00,0.0000000000e+00,0.0000000000e+00,-1.3000000000e+00,0.0000000000e+00,0.0000000000e+00,0.0000000000e+00,1.3000000000e+00,0.0000000000e+00,0.0000000000e+00,-5.2103645440e-02,0.0000000000e+00,0.0000000000e+00,1.0420729088e-01,-5.2103645440e-02,0.0000000000e+00,-5.2103645440e-02,0.0000000000e+00,0.0000000000e+00,1.0420729088e-01,-5.2103645440e-02,0.0000000000e+00
2.5778482030e-03,0.0000000000e+00,5.6960111764e-01,0.0000000000e+00,0.0000000000e+00,0.0000000000e+00,1.0000000000e+00,0.0000000000e+00,0.0000000000e+00,0.0000000000e+00,-1.3000000000e+00,0.0000000000e+00,0.0000000000e+00,0.0000000000e+00,1.3000000000e+00,0.0000000000e+00,0.0000000000e+00,-4.8070866362e-02,0.0000000000e+00,0.0000000000e+00,9.6141732725e-02,-4.8070866362e-02,0.0000000000e+00,-4.8070866362e-02,0.0000000000e+00,0.0000000000e+00,9.6141732725e-02,-4.8070866362e-02,0.0000000000e+00
2.3715109160e-03,0.0000000000e+00,5.6967027811e-01,0.0000000000e+00,0.0000000000e+00,0.0000000000e+00,1.0000000000e+00,0.0000000000e+00,0.0000000000e+00,0.0000000000e+00,-1.3000000000e+00,0.0000000000e+00,0.0000000000e+00,0.0000000000e+00,1.3000000000e+00,0.0000000000e+00,0.0000000000e+00,-4.4217670574e-02,0.0000000000e+00,0.0000000000e+00,8.8435341148e-02,-4.4217670574e-02,0.0000000000e+00,-4.4217670574e-02,0.0000000000e+00,0.0000000000e+00,8.8435341148e-02,-4.4217670574e-02,0.0000000000e+00
2.1747293828e-03,0.0000000000e+00,5.6973018337e-01,0.0000000000e+00,0.0000000000e+00,0.0000000000e+00,1.0000000000e+00,0.0000000000e+00,0.0000000000e+00,0.0000000000e+00,-1.3000000000e+00,0.0000000000e+00,0.0000000000e+00,0.0000000000e+00,1.3000000000e+00,0.0000000000e+00,0.0000000000e+00,-4.0544000000e-02,0.0000000000e+00,0.0000000000e+00,8.1088000000e-02,-4.0544000000e-02,0.0000000000e+00,-4.0544000000e-02,0.0000000000e+00,0.0000000000e+00,8.1088000000e-02,-4.0544000000e-02,0.0000000000e+00
1.9874955727e-03,0.0000000000e+00,5.6978170093e-01,0.0000000000e+00,0.0000000000e+00,0.0000000000e+00,1.0000000000e+00,0.0000000000e+00,0.0000000000e+00,0.0000000000e+00,-1.3000000000e+00,0.0000000000e+00,0.0000000000e+00,0.0000000000e+00,1.3000000000e+00,0.0000000000e+00,0.0000000000e+00,-3.7049504537e-02,0.0000000000e+00,0.0000000000e+00,7.4099009075e-02,-3.7049504537e-02,0.0000000000e+00,-3.7049504537e-02,0.0000000000e+00,0.0000000000e+00,7.4099009075e-02,-3.7049504537e-02,0.0000000000e+00
1.8097843034e-03,0.0000000000e+00,5.6982565811e-01,0.0000000000e+00,0.0000000000e+00,0.0000000000e+00,1.0000000000e+00,0.0000000000e+00,0.0000000000e+00,0.0000000000e+00,-1.3000000000e+00,0.0000000000e+00,0.0000000000e+00,0.0000000000e+00,1.3000000000e+00,0.0000000000e+00,0.0000000000e+00,-3.3733535415e-02,0.0000000000e+00,0.0000000000e+00,6.7467070831e-02,-3.3733535415e-02,0.0000000000e+00,-3.3733535415e-02,0.0000000000e+00,0.0000000000e+00,6.7467070831e-02,-3.3733535415e-02,0.0000000000e+00
1.6415529639e-03,0.0000000000e+00,5.6986284024e-01,0.0000000000e+00,0.0000000000e+00,0.0000000000e+00,1.0000000000e+00,0.0000000000e+00,0.0000000000e+00,0.0000000000e+00,-1.3000000000e+00,0.0000000000e+00,0.0000000000e+00,0.0000000000e+00,1.3000000000e+00,0.0000000000e+00,0.0000000000e+00,-3.0595138560e-02,0.0000000000e+00,0.0000000000e+00,6.1190277120e-02,-3.0595138560e-02,0.0000000000e+00,-3.0595138560e-02,0.0000000000e+00,0.0000000000e+00,6.1190277120e-02,-3.0595138560e-02,0.0000000000e+00
1.4827412350e-03,0.0000000000e+00,5.6989398931e-01,0.0000000000e+00,0.0000000000e+00,0.0000000000e+00,1.0000000000e+00,0.0000000000e+00,0.0000000000e+00,0.0000000000e+00,-1.3000000000e+00,0.0000000000e+00,0.0000000000e+00,0.0000000000e+00,1.3000000000e+00,0.0000000000e+00,0.0000000000e+00,-2.7633047957e-02,0.0000000000e+00,0.0000000000e+00,5.5266095913e-02,-2.7633047957e-02,0.0000000000e+00,-2.7633047957e-02,0.0000000000e+00,0.0000000000e+00,5.5266095913e-02,-2.7633047957e-02,0.0000000000e+00
1.3332708102e-03,0.0000000000e+00,5.6991980270e-01,0.0000000000e+00,0.0000000000e+00,0.0000000000e+00,1.0000000000e+00,0.0000000000e+00,0.0000000000e+00,0.0000000000e+00,-1.3000000000e+00,0.0000000000e+00,0.0000000000e+00,0.0000000000e+00,1.3000000000e+00,0.0000000000e+00,0.0000000000e+00,-2.4845679012e-02,0.0000000000e+00,0.0000000000e+00,4.9691358025e-02,-2.4845679012e-02,0.0000000000e+00,-2.4845679012e-02,0.0000000000e+00,0.0000000000e+00,4.9691358025e-02,-2.4845679012e-02,0.0000000000e+00
1.1930451132e-03,0.0000000000e+00,5.6994093246e-01,0.0000000000e+00,0.0000000000e+00,0.0000000000e+00,1.0000000000e+00,0.0000000000e+00,0.0000000000e+00,0.0000000000e+00,-1.3000000000e+00,0.0000000000e+00,0.0000000000e+00,0.0000000000e+00,1.3000000000e+00,0.0000000000e+00,0.0000000000e+00,-2.2231121920e-02,0.0000000000e+00,0.0000000000e+00,4.4462243840e-02,-2.2231121920e-02,0.0000000000e+00,-2.2231121920e-02,0.0000000000e+00,0.0000000000e+00,4.4462243840e-02,-2.2231121920e-02,0.0000000000e+00
1.0619490138e-03,0.0000000000e+00,5.6995798470e-01,0.0000000000e+00,0.0000000000e+00,0.0000000000e+00,1.0000000000e+00,0.0000000000e+00,0.0000000000e+00,0.0000000000e+00,-1.3000000000e+00,0.0000000000e+00,0.0000000000e+00,0.0000000000e+00,1.3000000000e+00,0.0000000000e+00,0.0000000000e+00,-1.9787135020e-02,0.0000000000e+00,0.0000000000e+00,3.9574270040e-02,-1.9787135020e-02,0.0000000000e+00,-1.9787135020e-02,0.0000000000e+00,0.0000000000e+00,3.9574270040e-02,-1.9787135020e-02,0.0000000000e+00
9.3984854005e-04,0.0000000000e+00,5.6997151946e-01,0.0000000000e+00,0.0000000000e+00,0.0000000000e+00,1.0000000000e+00,0.0000000000e+00,0.0000000000e+00,0.0000000000e+00,-1.3000000000e+00,0.0000000000e+00,0.0000000000e+00,0.0000000000e+00,1.3000000000e+00,0.0000000000e+00,0.0000000000e+00,-1.7511138165e-02,0.0000000000e+00,0.0000000000e+00,3.5022276330e-02,-1.7511138165e-02,0.0000000000e+00,-1.7511138165e-02,0.0000000000e+00,0.0000000000e+00,3.5022276330e-02,-1.7511138165e-02,0.0000000000e+00
8.2659058771e-04,0.0000000000e+00,5.6998205078e-01,0.0000000000e+00,0.0000000000e+00,0.0000000000e+00,1.0000000000e+00,0.0000000000e+00,0.0000000000e+00,0.0000000000e+00,-1.3000000000e+00,0.0000000000e+00,0.0000000000e+00,0.0000000000e+00,1.3000000000e+00,0.0000000000e+00,0.0000000000e+00,-1.5400206080e-02,0.0000000000e+00,0.0000000000e+00,3.0800412160e-02,-1.5400206080e-02,0.0000000000e+00,-1.5400206080e-02,0.0000000000e+00,0.0000000000e+00,3.0800412160e-02,-1.5400206080e-02,0.0000000000e+00
7.2200262524e-04,0.0000000000e+00,5.6999004710e-01,0.0000000000e+00,0.0000000000e+00,0.0000000000e+00,1.0000000000e+00,0.0000000000e+00,0.0000000000e+00,0.0000000000e+00,-1.3000000000e+00,0.0000000000e+00,0.0000000000e+00,0.0000000000e+00,1.3000000000e+00,0.0000000000e+00,0.0000000000e+00,-1.3451061728e-02,0.0000000000e+00,0.0000000000e+00,2.6902123457e-02,-1.3451061728e-02,0.0000000000e+00,-1.3451061728e-02,0.0000000000e+00,0.0000000000e+00,2.6902123457e-02,-1.3451061728e-02,0.0000000000e+00
6.2589239534e-04,0.0000000000e+00,5.6999593205e-01,0.0000000000e+00,0.0000000000e+00,0.0000000000e+00,1.0000000000e+00,0.0000000000e+00,0.0000000000e+00,0.0000000000e+00,-1.3000000000e+00,0.0000000000e+00,0.0000000000e+00,0.0000000000e+00,1.3000000000e+00,0.0000000000e+00,0.0000000000e+00,-1.1660069673e-02,0.0000000000e+00,0.0000000000e+00,2.3320139346e-02,-1.1660069673e-02,0.0000000000e+00,-1.1660069673e-02,0.0000000000e+00,0.0000000000e+00,2.3320139346e-02,-1.1660069673e-02,0.0000000000e+00
5.3804761230e-04,0.0000000000e+00,5.7000008539e-01,0.0000000000e+00,0.0000000000e+00,0.0000000000e+00,1.0000000000e+00,0.0000000000e+00,0.0000000000e+00,0.0000000000e+00,-1.3000000000e+00,0.0000000000e+00,0.0000000000e+00,0.0000000000e+00,1.3000000000e+00,0.0000000000e+00,0.0000000000e+00,-1.0023229440e-02,0.0000000000e+00,0.0000000000e+00,2.0046458880e-02,-1.0023229440e-02,0.0000000000e+00,-1.0023229440e-02,0.0000000000e+00,0.0000000000e+00,2.0046458880e-02,-1.0023229440e-02,0.0000000000e+00
4.5823565512e-04,0.0000000000e+00,5.7000284438e-01,0.0000000000e+00,0.0000000000e+00,0.0000000000e+00,1.0000000000e+00,0.0000000000e+00,0.0000000000e+00,0.0000000000e+00,-1.3000000000e+00,0.0000000000e+00,0.0000000000e+00,0.0000000000e+00,1.3000000000e+00,0.0000000000e+00,0.0000000000e+00,-8.5361688810e-03,0.0000000000e+00,0.0000000000e+00,1.7072337762e-02,-8.5361688810e-03,0.0000000000e+00,-8.5361688810e-03,0.0000000000e+00,0.0000000000e+00,1.7072337762e-02,-8.5361688810e-03,0.0000000000e+00
3.8620325663e-04,0.0000000000e+00,5.7000450528e-01,0.0000000000e+00,0.0000000000e+00,0.0000000000e+00,1.0000000000e+00,0.0000000000e+00,0.0000000000e+00,0.0000000000e+00,-1.3000000000e+00,0.0000000000e+00,0.0000000000e+00,0.0000000000e+00,1.3000000000e+00,0.0000000000e+00,0.0000000000e+00,-7.1941375368e-03,0.0000000000e+00,0.0000000000e+00,1.4388275074e-02,-7.1941375368e-03,0.0000000000e+00,-7.1941375368e-03,0.0000000000e+00,0.0000000000e+00,1.4388275074e-02,-7.1941375368e-03,0.0000000000e+00
3.2167618854e-04,0.0000000000e+00,5.7000532526e-01,0.0000000000e+00,0.0000000000e+00,0.0000000000e+00,1.0000000000e+00,0.0000000000e+00,0.0000000000e+00,0.0000000000e+00,-1.3000000000e+00,0.0000000000e+00,0.0000000000e+00,0.0000000000e+00,1.3000000000e+00,0.0000000000e+00,0.0000000000e+00,-5.9920000000e-03,0.0000000000e+00,0.0000000000e+00,1.1984000000e-02,-5.9920000000e-03,0.0000000000e+00,-5.9920000000e-03,0.0000000000e+00,0.0000000000e+00,1.1984000000e-02,-5.9920000000e-03,0.0000000000e+00
2.6435894265e-04,0.0000000000e+00,5.7000552436e-01,0.0000000000e+00,0.0000000000e+00,0.0000000000e+00,1.0000000000e+00,0.0000000000e+00,0.0000000000e+00,0.0000000000e+00,-1.3000000000e+00,0.0000000000e+00,0.0000000000e+00,0.0000000000e+00,1.3000000000e+00,0.0000000000e+00,0.0000000000e+00,-4.9242292780e-03,0.0000000000e+00,0.0000000000e+00,9.8484585560e-03,-4.9242292780e-03,0.0000000000e+00,-4.9242292780e-03,0.0000000000e+00,0.0000000000e+00,9.8484585560e-03,-4.9242292780e-03,0.0000000000e+00
2.1393440834e-04,0.0000000000e+00,5.7000528785e-01,0.0000000000e+00,0.0000000000e+00,0.0000000000e+00,1.0000000000e+00,0.0000000000e+00,0.0000000000e+00,0.0000000000e+00,-1.3000000000e+00,0.0000000000e+00,0.0000000000e+00,0.0000000000e+00,1.3000000000e+00,0.0000000000e+00,0.0000000000e+00,-3.9849001560e-03,0.0000000000e+00,0.0000000000e+00,7.9698003121e-03,-3.9849001560e-03,0.0000000000e+00,-3.9849001560e-03,0.0000000000e+00,0.0000000000e+00,7.9698003121e-03,-3.9849001560e-03,0.0000000000e+00
1.7006354669e-04,0.0000000000e+00,5.7000476866e-01,0.0000000000e+00,0.0000000000e+00,0.0000000000e+00,1.0000000000e+00,0.0000000000e+00,0.0000000000e+00,0.0000000000e+00,-1.3000000000e+00,0.0000000000e+00,0.0000000000e+00,0.0000000000e+00,1.3000000000e+00,0.0000000000e+00,0.0000000000e+00,-3.1676825600e-03,0.0000000000e+00,0.0000000000e+00,6.3353651200e-03,-3.1676825600e-03,0.0000000000e+00,-3.1676825600e-03,0.0000000000e+00,0.0000000000e+00,6.3353651200e-03,-3.1676825600e-03,0.0000000000e+00
1.3238506142e-04,0.0000000000e+00,5.7000408997e-01,0.0000000000e+00,0.0000000000e+00,0.0000000000e+00,1.0000000000e+00,0.0000000000e+00,0.0000000000e+00,0.0000000000e+00,-1.3000000000e+00,0.0000000000e+00,0.0000000000e+00,0.0000000000e+00,1.3000000000e+00,0.0000000000e+00,0.0000000000e+00,-2.4658349195e-03,0.0000000000e+00,0.0000000000e+00,4.9316698390e-03,-2.4658349195e-03,0.0000000000e+00,-2.4658349195e-03,0.0000000000e+00,0.0000000000e+00,4.9316698390e-03,-2.4658349195e-03,0.0000000000e+00
1.0051506695e-04,0.0000000000e+00,5.7000334800e-01,0.0000000000e+00,0.0000000000e+00,0.0000000000e+00,1.0000000000e+00,0.0000000000e+00,0.0000000000e+00,0.0000000000e+00,-1.3000000000e+00,0.0000000000e+00,0.0000000000e+00,0.0000000000e+00,1.3000000000e+00,0.0000000000e+00,0.0000000000e+00,-1.8721975309e-03,0.0000000000e+00,0.0000000000e+00,3.7443950617e-03,-1.8721975309e-03,0.0000000000e+00,-1.8721975309e-03,0.0000000000e+00,0.0000000000e+00,3.7443950617e-03,-1.8721975309e-03,0.0000000000e+00
7.4046753835e-05,0.0000000000e+00,5.7000261483e-01,0.0000000000e+00,0.0000000000e+00,0.0000000000e+00,1.0000000000e+00,0.0000000000e+00,0.0000000000e+00,0.0000000000e+00,-1.3000000000e+00,0.0000000000e+00,0.0000000000e+00,0.0000000000e+00,1.3000000000e+00,0.0000000000e+00,0.0000000000e+00,-1.3791859200e-03,0.0000000000e+00,0.0000000000e+00,2.7583718400e-03,-1.3791859200e-03,0.0000000000e+00,-1.3791859200e-03,0.0000000000e+00,0.0000000000e+00,2.7583718400e-03,-1.3791859200e-03,0.0000000000e+00
5.2550051974e-05,0.0000000000e+00,5.7000194127e-01,0.0000000000e+00,0.0000000000e+00,0.0000000000e+00,1.0000000000e+00,0.0000000000e+00,0.0000000000e+00,0.0000000000e+00,-1.3000000000e+00,0.0000000000e+00,0.0000000000e+00,0.0000000000e+00,1.3000000000e+00,0.0000000000e+00,0.0000000000e+00,-9.7878420543e-04,0.0000000000e+00,0.0000000000e+00,1.9575684109e-03,-9.7878420543e-04,0.0000000000e+00,-9.7878420543e-04,0.0000000000e+00,0.0000000000e+00,1.9575684109e-03,-9.7878420543e-04,0.0000000000e+00
3.5571291675e-05,0.0000000000e+00,5.7000135979e-01,0.0000000000e+00,0.0000000000e+00,0.0000000000e+00,1.0000000000e+00,0.0000000000e+00,0.0000000000e+00,0.0000000000e+00,-1.3000000000e+00,0.0000000000e+00,0.0000000000e+00,0.0000000000e+00,1.3000000000e+00,0.0000000000e+00,0.0000000000e+00,-6.6253846123e-04,0.0000000000e+00,0.0000000000e+00,1.3250769225e-03,-6.6253846123e-04,0.0000000000e+00,-6.6253846123e-04,0.0000000000e+00,0.0000000000e+00,1.3250769225e-03,-6.6253846123e-04,0.0000000000e+00
2.2632862930e-05,0.0000000000e+00,5.7000088737e-01,0.0000000000e+00,0.0000000000e+00,0.0000000000e+00,1.0000000000e+00,0.0000000000e+00,0.0000000000e+00,0.0000000000e+00,-1.3000000000e+00,0.0000000000e+00,0.0000000000e+00,0.0000000000e+00,1.3000000000e+00,0.0000000000e+00,0.0000000000e+00,-4.2155008000e-04,0.0000000000e+00,0.0000000000e+00,8.4310016000e-04,-4.2155008000e-04,0.0000000000e+00,-4.2155008000e-04,0.0000000000e+00,0.0000000000e+00,8.4310016000e-04,-4.2155008000e-04,0.0000000000e+00
1.3232873006e-05,0.0000000000e+00,5.7000052824e-01,0.0000000000e+00,0.0000000000e+00,0.0000000000e+00,1.0000000000e+00,0.0000000000e+00,0.0000000000e+00,0.0000000000e+00,-1.3000000000e+00,0.0000000000e+00,0.0000000000e+00,0.0000000000e+00,1.3000000000e+00,0.0000000000e+00,0.0000000000e+00,-2.4646913580e-04,0.0000000000e+00,0.0000000000e+00,4.9293827161e-04,-2.4646913580e-04,0.0000000000e+00,-2.4646913580e-04,0.0000000000e+00,0.0000000000e+00,4.9293827161e-04,-2.4646913580e-04,0.0000000000e+00
6.8448024748e-06,0.0000000000e+00,5.7000027655e-01,0.0000000000e+00,0.0000000000e+00,0.0000000000e+00,1.0000000000e+00,0.0000000000e+00,0.0000000000e+00,0.0000000000e+00,-1.3000000000e+00,0.0000000000e+00,0.0000000000e+00,0.0000000000e+00,1.3000000000e+00,0.0000000000e+00,0.0000000000e+00,-1.2748774716e-04,0.0000000000e+00,0.0000000000e+00,2.5497549432e-04,-1.2748774716e-04,0.0000000000e+00,-1.2748774716e-04,0.0000000000e+00,0.0000000000e+00,2.5497549432e-04,-1.2748774716e-04,0.0000000000e+00
2.9171597309e-06,0.0000000000e+00,5.7000011873e-01,0.0000000000e+00,0.0000000000e+00,0.0000000000e+00,1.0000000000e+00,0.0000000000e+00,0.0000000000e+00,0.0000000000e+00,-1.3000000000e+00,0.0000000000e+00,0.0000000000e+00,0.0000000000e+00,1.3000000000e+00,0.0000000000e+00,0.0000000000e+00,-5.4333440000e-05,0.0000000000e+00,0.0000000000e+00,1.0866688000e-04,-5.4333440000e-05,0.0000000000e+00,-5.4333440000e-05,0.0000000000e+00,0.0000000000e+00,1.0866688000e-04,-5.4333440000e-05,0.0000000000e+00
8.7313395660e-07,0.0000000000e+00,5.7000003567e-01,0.0000000000e+00,0.0000000000e+00,0.0000000000e+00,1.0000000000e+00,0.0000000000e+00,0.0000000000e+00,0.0000000000e+00,-1.3000000000e+00,0.0000000000e+00,0.0000000000e+00,0.0000000000e+00,1.3000000000e+00,0.0000000000e+00,0.0000000000e+00,-1.6262510617e-05,0.0000000000e+00,0.0000000000e+00,3.2525021235e-05,-1.6262510617e-05,0.0000000000e+00,-1.6262510617e-05,0.0000000000e+00,0.0000000000e+00,3.2525021235e-05,-1.6262510617e-05,0.0000000000e+00
1.1024643238e-07,0.0000000000e+00,5.7000000451e-01,0.0000000000e+00,0.0000000000e+00,0.0000000000e+00,1.0000000000e+00,0.0000000000e+00,0.0000000000e+00,0.0000000000e+00,-1.3000000000e+00,0.0000000000e+00,0.0000000000e+00,0.0000000000e+00,1.3000000000e+00,0.0000000000e+00,0.0000000000e+00,-2.0533886419e-06,0.0000000000e+00,0.0000000000e+00,4.1067772838e-06,-2.0533886419e-06,0.0000000000e+00,-2.0533886419e-06,0.0000000000e+00,0.0000000000e+00,4.1067772838e-06,-2.0533886419e-06,0.0000000000e+00
0.0000000000e+00,0.0000000000e+00,5.7000000000e-01,0.0000000000e+00,0.0000000000e+00,0.0000000000e+00,1.0000000000e+00,0.0000000000e+00,0.0000000000e+00,0.0000000000e+00,-1.3000000000e+00,0.0000000000e+00,0.0000000000e+00,0.0000000000e+00,1.3000000000e+00,0.0000000000e+00,0.0000000000e+00,-0.0000000000e+00,0.0000000000e+00,0.0000000000e+00,0.0000000000e+00,-0.0000000000e+00,0.0000000000e+00,-0.0000000000e+00,0.0000000000e+00,0.0000000000e+00,0.0000000000e+00,-0.0000000000e+00,0.0000000000e+00
0.0000000000e+00,0.0000000000e+00,5.7000000000e-01,0.0000000000e+00,0.0000000000e+00,0.0000000000e+00,1.0000000000e+00,0.0000000000e+00,0.0000000000e+00,0.0000000000e+00,-1.3000000000e+00,0.0000000000e+00,0.0000000000e+00,0.0000000000e+00,1.3000000000e+00,0.0000000000e+00,0.0000000000e+00,-0.0000000000e+00,0.0000000000e+00,0.0000000000e+00,0.0000000000e+00,-0.0000000000e+00,0.0000000000e+00,-0.0000000000e+00,0.0000000000e+00,0.0000000000e+00,0.0000000000e+00,-0.0000000000e+00,0.0000000000e+00
0.0000000000e+00,0.0000000000e+00,5.7000000000e-01,0.0000000000e+00,0.0000000000e+00,0.0000000000e+00,1.0000000000e+00,0.0000000000e+00,0.0000000000e+00,0.0000000000e+00,-1.3000000000e+00,0.0000000000e+00,0.0000000000e+00,0.0000000000e+00,1.3000000000e+00,0.0000000000e+00,0.0000000000e+00,-0.0000000000e+00,0.0000000000e+00,0.0000000000e+00,0.0000000000e+00,-0.0000000000e+00,0.0000000000e+00,-0.0000000000e+00,0.0000000000e+00,0.0000000000e+00,0.0000000000e+00,-0.0000000000e+00,0.0000000000e+00
0.0000000000e+00,0.0000000000e+00,5.7000000000e-01,0.0000000000e+00,0.0000000000e+00,0.0000000000e+00,1.0000000000e+00,0.0000000000e+00,0.0000000000e+00,0.0000000000e+00,-1.3000000000e+00,0.0000000000e+00,0.0000000000e+00,0.0000000000e+00,1.3000000000e+00,0.0000000000e+00,0.0000000000e+00,-0.0000000000e+00,0.0000000000e+00,0.0000000000e+00,0.0000000000e+00,-0.0000000000e+00,0.0000000000e+00,-0.0000000000e+00,0.0000000000e+00,0.0000000000e+00,0.0000000000e+00,-0.0000000000e+00,0.0000000000e+00
0.0000000000e+00,0.0000000000e+00,5.7000000000e-01,0.0000000000e+00,0.0000000000e+00,0.0000000000e+00,1.0000000000e+00,0.0000000000e+00,0.0000000000e+00,0.0000000000e+00,-1.3000000000e+00,0.0000000000e+00,0.0000000000e+00,0.0000000000e+00,1.3000000000e+00,0.0000000000e+00,0.0000000000e+00,-0.0000000000e+00,0.0000000000e+00,0.0000000000e+00,0.0000000000e+00,-0.0000000000e+00,0.0000000000e+00,-0.0000000000e+00,0.0000000000e+00,0.0000000000e+00,0.0000000000e+00,-0.0000000000e+00,0.0000000000e+00
0.0000000000e+00,0.0000000000e+00,5.7000000000e-01,0.0000000000e+00,0.0000000000e+00,0.0000000000e+00,1.0000000000e+00,0.0000000000e+00,0.0000000000e+00,0.0000000000e+00,-1.3000000000e+00,0.0000000000e+00,0.0000000000e+00,0.0000000000e+00,1.3000000000e+00,0.0000000000e+00,0.0000000000e+00,-0.0000000000e+00,0.0000000000e+00,0.0000000000e+00,0.0000000000e+00,-0.0000000000e+00,0.0000000000e+00,-0.0000000000e+00,0.0000000000e+00,0.0000000000e+00,0.0000000000e+00,-0.0000000000e+00,0.0000000000e+00
0.0000000000e+00,0.0000000000e+00,5.7000000000e-01,0.0000000000e+00,0.0000000000e+00,0.0000000000e+00,1.0000000000e+00,0.0000000000e+00,0.0000000000e+00,0.0000000000e+00,-1.3000000000e+00,0.0000000000e+00,0.0000000000e+00,0.0000000000e+00,1.3000000000e+00,0.0000000000e+00,0.0000000000e+00,-0.0000000000e+00,0.0000000000e+00,0.0000000000e+00,0.0000000000e+00,-0.0000000000e+00,0.0000000000e+00,-0.0000000000e+00,0.0000000000e+00,0.0000000000e+00,0.0000000000e+00,-0.0000000000e+00,0.0000000000e+00
0.0000000000e+00,0.0000000000e+00,5.7000000000e-01,0.0000000000e+00,0.0000000000e+00,0.0000000000e+00,1.0000000000e+00,0.0000000000e+00,0.0000000000e+00,0.0000000000e+00,-1.3000000000e+00,0.0000000000e+00,0.0000000000e+00,0.0000000000e+00,1.3000000000e+00,0.0000000000e+00,0.0000000000e+00,-0.0000000000e+00,0.0000000000e+00,0.0000000000e+00,0.0000000000e+00,-0.0000000000e+00,0.0000000000e+00,-0.0000000000e+00,0.0000000000e+00,0.0000000000e+00,0.0000000000e+00,-0.0000000000e+00,0.0000000000e+00
0.0000000000e+00,0.0000000000e+00,5.7000000000e-01,0.0000000000e+00,0.0000000000e+00,0.0000000000e+00,1.0000000000e+00,0.0000000000e+00,0.0000000000e+00,0.0000000000e+00,-1.3000000000e+00,0.0000000000e+00,0.0000000000e+00,0.0000000000e+00,1.3000000000e+00,0.0000000000e+00,0.0000000000e+00,-0.0000000000e+00,0.0000000000e+00,0.0000000000e+00,0.0000000000e+00,-0.0000000000e+00,0.0000000000e+00,-0.0000000000e+00,0.0000000000e+00,0.0000000000e+00,0.0000000000e+00,-0.0000000000e+00,0.0000000000e+00
0.0000000000e+00,0.0000000000e+00,5.7000000000e-01,0.0000000000e+00,0.0000000000e+00,0.0000000000e+00,1.0000000000e+00,0.0000000000e+00,0.0000000000e+00,0.0000000000e+00,-1.3000000000e+00,0.0000000000e+00,0.0000000000e+00,0.0000000000e+00,1.3000000000e+00,0.0000000000e+00,0.0000000000e+00,-0.0000000000e+00,0.0000000000e+00,0.0000000000e+00,0.0000000000e+00,-0.0000000000e+00,0.0000000000e+00,-0.0000000000e+00,0.0000000000e+00,0.0000000000e+00,0.0000000000e+00,-0.0000000000e+00,0.0000000000e+00
0.0000000000e+00,0.0000000000e+00,5.7000000000e-01,0.0000000000e+00,0.0000000000e+00,0.0000000000e+00,1.0000000000e+00,0.0000000000e+00,0.0000000000e+00,0.0000000000e+00,-1.3000000000e+00,0.0000000000e+00,0.0000000000e+00,0.0000000000e+00,1.3000000000e+00,0.0000000000e+00,0.0000000000e+00,-0.0000000000e+00,0.0000000000e+00,0.0000000000e+00,0.0000000000e+00,-0.0000000000e+00,0.0000000000e+00,-0.0000000000e+00,0.0000000000e+00,0.0000000000e+00,0.0000000000e+00,-0.0000000000e+00,0.0000000000e+00
0.0000000000e+00,0.0000000000e+00,5.7000000000e-01,0.0000000000e+00,0.0000000000e+00,0.0000000000e+00,1.0000000000e+00,0.0000000000e+00,0.0000000000e+00,0.0000000000e+00,-1.3000000000e+00,0.0000000000e+00,0.0000000000e+00,0.0000000000e+00,1.3000000000e+00,0.0000000000e+00,0.0000000000e+00,-0.0000000000e+00,0.0000000000e+00,0.0000000000e+00,0.0000000000e+00,-0.0000000000e+00,0.0000000000e+00,-0.0000000000e+00,0.0000000000e+00,0.0000000000e+00,0.0000000000e+00,-0.0000000000e+00,0.0000000000e+00
0.0000000000e+00,0.0000000000e+00,5.7000000000e-01,0.0000000000e+00,0.0000000000e+00,0.0000000000e+00,1.0000000000e+00,0.0000000000e+00,0.0000000000e+00,0.0000000000e+00,-1.3000000000e+00,0.0000000000e+00,0.0000000000e+00,0.0000000000e+00,1.3000000000e+00,0.0000000000e+00,0.0000000000e+00,-0.0000000000e+00,0.0000000000e+00,0.0000000000e+00,0.0000000000e+00,-0.0000000000e+00,0.0000000000e+00,-0.0000000000e+00,0.0000000000e+00,0.0000000000e+00,0.0000000000e+00,-0.0000000000e+00,0.0000000000e+00
0.0000000000e+00,0.0000000000e+00,5.7000000000e-01,0.0000000000e+00,0.0000000000e+00,0.0000000000e+00,1.0000000000e+00,0.0000000000e+00,0.0000000000e+00,0.0000000000e+00,-1.3000000000e+00,0.0000000000e+00,0.0000000000e+00,0.0000000000e+00,1.3000000000e+00,0.0000000000e+00,0.0000000000e+00,-0.0000000000e+00,0.0000000000e+00,0.0000000000e+00,0.0000000000e+00,-0.0000000000e+00,0.0000000000e+00,-0.0000000000e+00,0.0000000000e+00,0.0000000000e+00,0.0000000000e+00,-0.0000000000e+00,0.0000000000e+00
0.0000000000e+00,0.0000000000e+00,5.7000000000e-01,0.0000000000e+00,0.0000000000e+00,0.0000000000e+00,1.0000000000e+00,0.0000000000e+00,0.0000000000e+00,0.0000000000e+00,-1.3000000000e+00,0.0000000000e+00,0.0000000000e+00,0.0000000000e+00,1.3000000000e+00,0.0000000000e+00,0.0000000000e+00,-0.0000000000e+00,0.0000000000e+00,0.0000000000e+00,0.0000000000e+00,-0.0000000000e+00,0.0000000000e+00,-0.0000000000e+00,0.0000000000e+00,0.0000000000e+00,0.0000000000e+00,-0.0000000000e+00,0.0000000000e+00
0.0000000000e+00,0.0000000000e+00,5.7000000000e-01,0.0000000000e+00,0.0000000000e+00,0.0000000000e+00,1.0000000000e+00,0.0000000000e+00,0.0000000000e+00,0.0000000000e+00,-1.3000000000e+00,0.0000000000e+00,0.0000000000e+00,0.0000000000e+00,1.3000000000e+00,0.0000000000e+00,0.0000000000e+00,-0.0000000000e+00,0.0000000000e+00,0.0000000000e+00,0.0000000000e+00,-0.0000000000e+00,0.0000000000e+00,-0.0000000000e+00,0.0000000000e+00,0.0000000000e+00,0.0000000000e+00,-0.0000000000e+00,0.0000000000e+00
0.0000000000e+00,0.0000000000e+00,5.7000000000e-01,0.0000000000e+00,0.0000000000e+00,0.0000000000e+00,1.0000000000e+00,0.0000000000e+00,0.0000000000e+00,0.0000000000e+00,-1.3000000000e+00,0.0000000000e+00,0.0000000000e+00,0.0000000000e+00,1.3000000000e+00,0.0000000000e+00,0.0000000000e+00,-0.0000000000e+00,0.0000000000e+00,0.0000000000e+00,0.0000000000e+00,-0.0000000000e+00,0.0000000000e+00,-0.0000000000e+00,0.0000000000e+00,0.0000000000e+00,0.0000000000e+00,-0.0000000000e+00,0.0000000000e+00
0.0000000000e+00,0.0000000000e+00,5.7000000000e-01,0.0000000000e+00,0.0000000000e+00,0.0000000000e+00,1.0000000000e+00,0.0000000000e+00,0.0000000000e+00,0.0000000000e+00,-1.3000000000e+00,0.0000000000e+00,0.0000000000e+00,0.0000000000e+00,1.3000000000e+00,0.0000000000e+00,0.0000000000e+00,-0.0000000000e+00,0.0000000000e+00,0.0000000000e+00,0.0000000000e+00,-0.0000000000e+00,0.0000000000e+00,-0.0000000000e+00,0.0000000000e+00,0.0000000000e+00,0.0000000000e+00,-0.0000000000e+00,0.0000000000e+00
0.0000000000e+00,0.0000000000e+00,5.7000000000e-01,0.0000000000e+00,0.0000000000e+00,0.0000000000e+00,1.0000000000e+00,0.0000000000e+00,0.0000000000e+00,0.0000000000e+00,-1.3000000000e+00,0.0000000000e+00,0.0000000000e+00,0.0000000000e+00,1.3000000000e+00,0.0000000000e+00,0.0000000000e+00,-0.0000000000e+00,0.0000000000e+00,0.0000000000e+00,0.0000000000e+00,-0.0000000000e+00,0.0000000000e+00,-0.0000000000e+00,0.0000000000e+00,0.0000000000e+00,0.0000000000e+00,-0.0000000000e+00,0.0000000000e+00
0.0000000000e+00,0.0000000000e+00,5.7000000000e-01,0.0000000000e+00,0.0000000000e+00,0.0000000000e+00,1.0000000000e+00,0.0000000000e+00,0.0000000000e+00,0.0000000000e+00,-1.3000000000e+00,0.0000000000e+00,0.0000000000e+00,0.0000000000e+00,1.3000000000e+00,0.0000000000e+00,0.0000000000e+00,-0.0000000000e+00,0.0000000000e+00,0.0000000000e+00,0.0000000000e+00,-0.0000000000e+00,0.0000000000e+00,-0.0000000000e+00,0.0000000000e+00,0.0000000000e+00,0.0000000000e+00,-0.0000000000e+00,0.0000000000e+00
0.0000000000e+00,0.0000000000e+00,5.7000000000e-01,0.0000000000e+00,0.0000000000e+00,0.0000000000e+00,1.0000000000e+00,0.0000000000e+00,0.0000000000e+00,0.0000000000e+00,-1.3000000000e+00,0.0000000000e+00,0.0000000000e+00,0.0000000000e+00,1.3000000000e+00,0.0000000000e+00,0.0000000000e+00,-0.0000000000e+00,0.0000000000e+00,0.0000000000e+00,0.0000000000e+00,-0.0000000000e+00,0.0000000000e+00,-0.0000000000e+00,0.0000000000e+00,0.0000000000e+00,0.0000000000e+00,-0.0000000000e+00,0.0000000000e+00
0.0000000000e+00,0.0000000000e+00,5.7000000000e-01,0.0000000000e+00,0.0000000000e+00,0.0000000000e+00,1.0000000000e+00,0.0000000000e+00,0.0000000000e+00,0.0000000000e+00,-1.3000000000e+00,0.0000000000e+00,0.0000000000e+00,0.0000000000e+00,1.3000000000e+00,0.0000000000e+00,0.0000000000e+00,-0.0000000000e+00,0.0000000000e+00,0.0000000000e+00,0.0000000000e+00,-0.0000000000e+00,0.0000000000e+00,-0.0000000000e+00,0.0000000000e+00,0.0000000000e+00,0.0000000000e+00,-0.0000000000e+00,0.0000000000e+00
0.0000000000e+00,0.0000000000e+00,5.7000000000e-01,0.0000000000e+00,0.0000000000e+00,0.0000000000e+00,1.0000000000e+00,0.0000000000e+00,0.0000000000e+00,0.0000000000e+00,-1.3000000000e+00,0.0000000000e+00,0.0000000000e+00,0.0000000000e+00,1.3000000000e+00,0.0000000000e+00,0.0000000000e+00,-0.0000000000e+00,0.0000000000e+00,0.0000000000e+00,0.0000000000e+00,-0.0000000000e+00,0.0000000000e+00,-0.0000000000e+00,0.0000000000e+00,0.0000000000e+00,0.0000000000e+00,-0.0000000000e+00,0.0000000000e+00
0.0000000000e+00,0.0000000000e+00,5.7000000000e-01,0.0000000000e+00,0.0000000000e+00,0.0000000000e+00,1.0000000000e+00,0.0000000000e+00,0.0000000000e+00,0.0000000000e+00,-1.3000000000e+00,0.0000000000e+00,0.0000000000e+00,0.0000000000e+00,1.3000000000e+00,0.0000000000e+00,0.0000000000e+00,-0.0000000000e+00,0.0000000000e+00,0.0000000000e+00,0.0000000000e+00,-0.0000000000e+00,0.0000000000e+00,-0.0000000000e+00,0.0000000000e+00,0.0000000000e+00,0.0000000000e+00,-0.0000000000e+00,0.0000000000e+00
0.0000000000e+00,0.0000000000e+00,5.7000000000e-01,0.0000000000e+00,0.0000000000e+00,0.0000000000e+00,1.0000000000e+00,0.0000000000e+00,0.0000000000e+00,0.0000000000e+00,-1.3000000000e+00,0.0000000000e+00,0.0000000000e+00,0.0000000000e+00,1.3000000000e+00,0.0000000000e+00,0.0000000000e+00,-0.0000000000e+00,0.0000000000e+00,0.0000000000e+00,0.0000000000e+00,-0.0000000000e+00,0.0000000000e+00,-0.0000000000e+00,0.0000000000e+00,0.0000000000e+00,0.0000000000e+00,-0.0000000000e+00,0.0000000000e+00
0.0000000000e+00,0.0000000000e+00,5.7000000000e-01,0.0000000000e+00,0.0000000000e+00,0.0000000000e+00,1.0000000000e+00,0.0000000000e+00,0.0000000000e+00,0.0000000000e+00,-1.3000000000e+00,0.0000000000e+00,0.0000000000e+00,0.0000000000e+00,1.3000000000e+00,0.0000000000e+00,0.0000000000e+00,-0.0000000000e+00,0.0000000000e+00,0.0000000000e+00,0.0000000000e+00,-0.0000000000e+00,0.0000000000e+00,-0.0000000000e+00,0.0000000000e+00,0.0000000000e+00,0.0000000000e+00,-0.0000000000e+00,0.0000000000e+00
0.0000000000e+00,0.0000000000e+00,5.7000000000e-01,0.0000000000e+00,0.0000000000e+00,0.0000000000e+00,1.0000000000e+00,0.0000000000e+00,0.0000000000e+00,0.0000000000e+00,-1.3000000000e+00,0.0000000000e+00,0.0000000000e+00,0.0000000000e+00,1.3000000000e+00,0.0000000000e+00,0.0000000000e+00,-0.0000000000e+00,0.0000000000e+00,0.0000000000e+00,0.0000000000e+00,-0.0000000000e+00,0.0000000000e+00,-0.0000000000e+00,0.0000000000e+00,0.0000000000e+00,0.0000000000e+00,-0.0000000000e+00,0.0000000000e+00
0.0000000000e+00,0.0000000000e+00,5.7000000000e-01,0.0000000000e+00,0.0000000000e+00,0.0000000000e+00,1.0000000000e+00,0.0000000000e+00,0.0000000000e+00,0.0000000000e+00,-1.3000000000e+00,0.0000000000e+00,0.0000000000e+00,0.0000000000e+00,1.3000000000e+00,0.0000000000e+00,0.0000000000e+00,-0.0000000000e+00,0.0000000000e+00,0.0000000000e+00,0.0000000000e+00,-0.0000000000e+00,0.0000000000e+00,-0.0000000000e+00,0.0000000000e+00,0.0000000000e+00,0.0000000000e+00,-0.0000000000e+00,0.0000000000e+00
0.0000000000e+00,0.0000000000e+00,5.7000000000e-01,0.0000000000e+00,0.0000000000e+00,0.0000000000e+00,1.0000000000e+00,0.0000000000e+00,0.0000000000e+00,0.0000000000e+00,-1.3000000000e+00,0.0000000000e+00,0.0000000000e+00,0.0000000000e+00,1.3000000000e+00,0.0000000000e+00,0.0000000000e+00,-0.0000000000e+00,0.0000000000e+00,0.0000000000e+00,0.0000000000e+00,-0.0000000000e+00,0.0000000000e+00,-0.0000000000e+00,0.0000000000e+00,0.0000000000e+00,0.0000000000e+00,-0.0000000000e+00,0.0000000000e+00
0.0000000000e+00,0.0000000000e+00,5.7000000000e-01,0.0000000000e+00,0.0000000000e+00,0.0000000000e+00,1.0000000000e+00,0.0000000000e+00,0.0000000000e+00,0.0000000000e+00,-1.3000000000e+00,0.0000000000e+00,0.0000000000e+00,0.0000000000e+00,1.3000000000e+00,0.0000000000e+00,0.0000000000e+00,-0.0000000000e+00,0.0000000000e+00,0.0000000000e+00,0.0000000000e+00,-0.0000000000e+00,0.0000000000e+00,-0.0000000000e+00,0.0000000000e+00,0.0000000000e+00,0.0000000000e+00,-0.0000000000e+00,0.0000000000e+00
0.0000000000e+00,0.0000000000e+00,5.7000000000e-01,0.0000000000e+00,0.0000000000e+00,0.0000000000e+00,1.0000000000e+00,0.0000000000e+00,0.0000000000e+00,0.0000000000e+00,-1.3000000000e+00,0.0000000000e+00,0.0000000000e+00,0.0000000000e+00,1.3000000000e+00,0.0000000000e+00,0.0000000000e+00,-0.0000000000e+00,0.0000000000e+00,0.0000000000e+00,0.0000000000e+00,-0.0000000000e+00,0.0000000000e+00,-0.0000000000e+00,0.0000000000e+00,0.0000000000e+00,0.0000000000e+00,-0.0000000000e+00,0.0000000000e+00
0.0000000000e+00,0.0000000000e+00,5.7000000000e-01,0.0000000000e+00,0.0000000000e+00,0.0000000000e+00,1.0000000000e+00,0.0000000000e+00,0.0000000000e+00,0.0000000000e+00,-1.3000000000e+00,0.0000000000e+00,0.0000000000e+00,0.0000000000e+00,1.3000000000e+00,0.0000000000e+00,0.0000000000e+00,-0.0000000000e+00,0.0000000000e+00,0.0000000000e+00,0.0000000000e+00,-0.0000000000e+00,0.0000000000e+00,-0.0000000000e+00,0.0000000000e+00,0.0000000000e+00,0.0000000000e+00,-0.0000000000e+00,0.0000000000e+00
0.0000000000e+00,0.0000000000e+00,5.7000000000e-01,0.0000000000e+00,0.0000000000e+00,0.0000000000e+00,1.0000000000e+00,0.0000000000e+00,0.0000000000e+00,0.0000000000e+00,-1.3000000000e+00,0.0000000000e+00,0.0000000000e+00,0.0000000000e+00,1.3000000000e+00,0.0000000000e+00,0.0000000000e+00,-0.0000000000e+00,0.0000000000e+00,0.0000000000e+00,0.0000000000e+00,-0.0000000000e+00,0.0000000000e+00,-0.0000000000e+00,0.0000000000e+00,0.0000000000e+00,0.0000000000e+00,-0.0000000000e+00,0.0000000000e+00
0.0000000000e+00,0.0000000000e+00,5.7000000000e-01,0.0000000000e+00,0.0000000000e+00,0.0000000000e+00,1.0000000000e+00,0.0000000000e+00,0.0000000000e+00,0.0000000000e+00,-1.3000000000e+00,0.0000000000e+00,0.0000000000e+00,0.0000000000e+00,1.3000000000e+00,0.0000000000e+00,0.0000000000e+00,-0.0000000000e+00,0.0000000000e+00,0.0000000000e+00,0.0000000000e+00,-0.0000000000e+00,0.0000000000e+00,-0.0000000000e+00,0.0000000000e+00,0.0000000000e+00,0.0000000000e+00,-0.0000000000e+00,0.0000000000e+00
0.0000000000e+00,0.0000000000e+00,5.7000000000e-01,0.0000000000e+00,0.0000000000e+00,0.0000000000e+00,1.0000000000e+00,0.0000000000e+00,0.0000000000e+00,0.0000000000e+00,-1.3000000000e+00,0.0000000000e+00,0.0000000000e+00,0.0000000000e+00,1.3000000000e+00,0.0000000000e+00,0.0000000000e+00,-0.0000000000e+00,0.0000000000e+00,0.0000000000e+00,0.0000000000e+00,-0.0000000000e+00,0.0000000000e+00,-0.0000000000e+00,0.0000000000e+00,0.0000000000e+00,0.0000000000e+00,-0.0000000000e+00,0.0000000000e+00
0.0000000000e+00,0.0000000000e+00,5.7000000000e-01,0.0000000000e+00,0.0000000000e+00,0.0000000000e+00,1.0000000000e+00,0.0000000000e+00,0.0000000000e+00,0.0000000000e+00,-1.3000000000e+00,0.0000000000e+00,0.0000000000e+00,0.0000000000e+00,1.3000000000e+00,0.0000000000e+00,0.0000000000e+00,-0.0000000000e+00,0.0000000000e+00,0.0000000000e+00,0.0000000000e+00,-0.0000000000e+00,0.0000000000e+00,-0.0000000000e+00,0.0000000000e+00,0.0000000000e+00,0.0000000000e+00,-0.0000000000e+00,0.0000000000e+00
0.0000000000e+00,0.0000000000e+00,5.7000000000e-01,0.0000000000e+00,0.0000000000e+00,0.0000000000e+00,1.0000000000e+00,0.0000000000e+00,0.0000000000e+00,0.0000000000e+00,-1.3000000000e+00,0.0000000000e+00,0.0000000000e+00,0.0000000000e+00,1.3000000000e+00,0.0000000000e+00,0.0000000000e+00,-0.0000000000e+00,0.0000000000e+00,0.0000000000e+00,0.0000000000e+00,-0.0000000000e+00,0.0000000000e+00,-0.0000000000e+00,0.0000000000e+00,0.0000000000e+00,0.0000000000e+00,-0.0000000000e+00,0.0000000000e+00
0.0000000000e+00,0.0000000000e+00,5.7000000000e-01,0.0000000000e+00,0.0000000000e+00,0.0000000000e+00,1.0000000000e+00,0.0000000000e+00,0.0000000000e+00,0.0000000000e+00,-1.3000000000e+00,0.0000000000e+00,0.0000000000e+00,0.0000000000e+00,1.3000000000e+00,0.0000000000e+00,0.0000000000e+00,-0.0000000000e+00,0.0000000000e+00,0.0000000000e+00,0.0000000000e+00,-0.0000000000e+00,0.0000000000e+00,-0.0000000000e+00,0.0000000000e+00,0.0000000000e+00,0.0000000000e+00,-0.0000000000e+00,0.0000000000e+00
0.0000000000e+00,0.0000000000e+00,5.7000000000e-01,0.0000000000e+00,0.0000000000e+00,0.0000000000e+00,1.0000000000e+00,0.0000000000e+00,0.0000000000e+00,0.0000000000e+00,-1.3000000000e+00,0.0000000000e+00,0.0000000000e+00,0.0000000000e+00,1.3000000000e+00,0.0000000000e+00,0.0000000000e+00,-0.0000000000e+00,0.0000000000e+00,0.0000000000e+00,0.0000000000e+00,-0.0000000000e+00,0.0000000000e+00,-0.0000000000e+00,0.0000000000e+00,0.0000000000e+00,0.0000000000e+00,-0.0000000000e+00,0.0000000000e+00
0.0000000000e+00,0.0000000000e+00,5.7000000000e-01,0.0000000000e+00,0.0000000000e+00,0.0000000000e+00,1.0000000000e+00,0.0000000000e+00,0.0000000000e+00,0.0000000000e+00,-1.3000000000e+00,0.0000000000e+00,0.0000000000e+00,0.0000000000e+00,1.3000000000e+00,0.0000000000e+00,0.0000000000e+00,-0.0000000000e+00,0.0000000000e+00,0.0000000000e+00,0.0000000000e+00,-0.0000000000e+00,0.0000000000e+00,-0.0000000000e+00,0.0000000000e+00,0.0000000000e+00,0.0000000000e+00,-0.0000000000e+00,0.0000000000e+00
0.0000000000e+00,0.0000000000e+00,5.7000000000e-01,0.0000000000e+00,0.0000000000e+00,0.0000000000e+00,1.0000000000e+00,0.0000000000e+00,0.0000000000e+00,0.0000000000e+00,-1.3000000000e+00,0.0000000000e+00,0.0000000000e+00,0.0000000000e+00,1.3000000000e+00,0.0000000000e+00,0.0000000000e+00,-0.0000000000e+00,0.0000000000e+00,0.0000000000e+00,0.0000000000e+00,-0.0000000000e+00,0.0000000000e+00,-0.0000000000e+00,0.0000000000e+00,0.0000000000e+00,0.0000000000e+00,-0.0000000000e+00,0.0000000000e+00
0.0000000000e+00,0.0000000000e+00,5.7000000000e-01,0.0000000000e+00,0.0000000000e+00,0.0000000000e+00,1.0000000000e+00,0.0000000000e+00,0.0000000000e+00,0.0000000000e+00,-1.3000000000e+00,0.0000000000e+00,0.0000000000e+00,0.0000000000e+00,1.3000000000e+00,0.0000000000e+00,0.0000000000e+00,-0.0000000000e+00,0.0000000000e+00,0.0000000000e+00,0.0000000000e+00,-0.0000000000e+00,0.0000000000e+00,-0.0000000000e+00,0.0000000000e+00,0.0000000000e+00,0.0000000000e+00,-0.0000000000e+00,0.0000000000e+00
0.0000000000e+00,0.0000000000e+00,5.7000000000e-01,0.0000000000e+00,0.0000000000e+00,0.0000000000e+00,1.0000000000e+00,0.0000000000e+00,0.0000000000e+00,0.0000000000e+00,-1.3000000000e+00,0.0000000000e+00,0.0000000000e+00,0.0000000000e+00,1.3000000000e+00,0.0000000000e+00,0.0000000000e+00,-0.0000000000e+00,0.0000000000e+00,0.0000000000e+00,0.0000000000e+00,-0.0000000000e+00,0.0000000000e+00,-0.0000000000e+00,0.0000000000e+00,0.0000000000e+00,0.0000000000e+00,-0.0000000000e+00,0.0000000000e+00
0.0000000000e+00,0.0000000000e+00,5.7000000000e-01,0.0000000000e+00,0.0000000000e+00,0.0000000000e+00,1.0000000000e+00,0.0000000000e+00,0.0000000000e+00,0.0000000000e+00,-1.3000000000e+00,0.0000000000e+00,0.0000000000e+00,0.0000000000e+00,1.3000000000e+00,0.0000000000e+00,0.0000000000e+00,-0.0000000000e+00,0.0000000000e+00,0.0000000000e+00,0.0000000000e+00,-0.0000000000e+00,0.0000000000e+00,-0.0000000000e+00,0.0000000000e+00,0.0000000000e+00,0.0000000000e+00,-0.0000000000e+00,0.0000000000e+00
0.0000000000e+00,0.0000000000e+00,5.7000000000e-01,0.0000000000e+00,0.0000000000e+00,0.0000000000e+00,1.0000000000e+00,0.0000000000e+00,0.0000000000e+00,0.0000000000e+00,-1.3000000000e+00,0.0000000000e+00,0.0000000000e+00,0.0000000000e+00,1.3000000000e+00,0.0000000000e+00,0.0000000000e+00,-0.0000000000e+00,0.0000000000e+00,0.0000000000e+00,0.0000000000e+00,-0.0000000000e+00,0.0000000000e+00,-0.0000000000e+00,0.0000000000e+00,0.0000000000e+00,0.0000000000e+00,-0.0000000000e+00,0.0000000000e+00
0.0000000000e+00,0.0000000000e+00,5.7000000000e-01,0.0000000000e+00,0.0000000000e+00,0.0000000000e+00,1.0000000000e+00,0.0000000000e+00,0.0000000000e+00,0.0000000000e+00,-1.3000000000e+00,0.0000000000e+00,0.0000000000e+00,0.0000000000e+00,1.3000000000e+00,0.0000000000e+00,0.0000000000e+00,-0.0000000000e+00,0.0000000000e+00,0.0000000000e+00,0.0000000000e+00,-0.0000000000e+00,0.0000000000e+00,-0.0000000000e+00,0.0000000000e+00,0.0000000000e+00,0.0000000000e+00,-0.0000000000e+00,0.0000000000e+00
0.0000000000e+00,0.0000000000e+00,5.7000000000e-01,0.0000000000e+00,0.0000000000e+00,0.0000000000e+00,1.0000000000e+00,0.0000000000e+00,0.0000000000e+00,0.0000000000e+00,-1.3000000000e+00,0.0000000000e+00,0.0000000000e+00,0.0000000000e+00,1.3000000000e+00,0.0000000000e+00,0.0000000000e+00,-0.0000000000e+00,0.0000000000e+00,0.0000000000e+00,0.0000000000e+00,-0.0000000000e+00,0.0000000000e+00,-0.0000000000e+00,0.0000000000e+00,0.0000000000e+00,0.0000000000e+00,-0.0000000000e+00,0.0000000000e+00
0.0000000000e+00,0.0000000000e+00,5.7000000000e-01,0.0000000000e+00,0.0000000000e+00,0.0000000000e+00,1.0000000000e+00,0.0000000000e+00,0.0000000000e+00,0.0000000000e+00,-1.3000000000e+00,0.0000000000e+00,0.0000000000e+00,0.0000000000e+00,1.3000000000e+00,0.0000000000e+00,0.0000000000e+00,-0.0000000000e+00,0.0000000000e+00,0.0000000000e+00,0.0000000000e+00,-0.0000000000e+00,0.0000000000e+00,-0.0000000000e+00,0.0000000000e+00,0.0000000000e+00,0.0000000000e+00,-0.0000000000e+00,0.0000000000e+00
0.0000000000e+00,0.0000000000e+00,5.7000000000e-01,0.0000000000e+00,0.0000000000e+00,0.0000000000e+00,1.0000000000e+00,0.0000000000e+00,0.0000000000e+00,0.0000000000e+00,-1.3000000000e+00,0.0000000000e+00,0.0000000000e+00,0.0000000000e+00,1.3000000000e+00,0.0000000000e+00,0.0000000000e+00,-0.0000000000e+00,0.0000000000e+00,0.0000000000e+00,0.0000000000e+00,-0.0000000000e+00,0.0000000000e+00,-0.0000000000e+00,0.0000000000e+00,0.0000000000e+00,0.0000000000e+00,-0.0000000000e+00,0.0000000000e+00
0.0000000000e+00,0.0000000000e+00,5.7000000000e-01,0.0000000000e+00,0.0000000000e+00,0.0000000000e+00,1.0000000000e+00,0.0000000000e+00,0.0000000000e+00,0.0000000000e+00,-1.3000000000e+00,0.0000000000e+00,0.0000000000e+00,0.0000000000e+00,1.3000000000e+00,0.0000000000e+00,0.0000000000e+00,-0.0000000000e+00,0.0000000000e+00,0.0000000000e+00,0.0000000000e+00,-0.0000000000e+00,0.0000000000e+00,-0.0000000000e+00,0.0000000000e+00,0.0000000000e+00,0.0000000000e+00,-0.0000000000e+00,0.0000000000e+00
0.0000000000e+00,0.0000000000e+00,5.7000000000e-01,0.0000000000e+00,0.0000000000e+00,0.0000000000e+00,1.0000000000e+00,0.0000000000e+00,0.0000000000e+00,0.0000000000e+00,-1.3000000000e+00,0.0000000000e+00,0.0000000000e+00,0.0000000000e+00,1.3000000000e+00,0.0000000000e+00,0.0000000000e+00,-0.0000000000e+00,0.0000000000e+00,0.0000000000e+00,0.0000000000e+00,-0.0000000000e+00,0.0000000000e+00,-0.0000000000e+00,0.0000000000e+00,0.0000000000e+00,0.0000000000e+00,-0.0000000000e+00,0.0000000000e+00
0.0000000000e+00,0.0000000000e+00,5.7000000000e-01,0.0000000000e+00,0.0000000000e+00,0.0000000000e+00,1.0000000000e+00,0.0000000000e+00,0.0000000000e+00,0.0000000000e+00,-1.3000000000e+00,0.0000000000e+00,0.0000000000e+00,0.0000000000e+00,1.3000000000e+00,0.0000000000e+00,0.0000000000e+00,-0.0000000000e+00,0.0000000000e+00,0.0000000000e+00,0.0000000000e+00,-0.0000000000e+00,0.0000000000e+00,-0.0000000000e+00,0.0000000000e+00,0.0000000000e+00,0.0000000000e+00,-0.0000000000e+00,0.0000000000e+00
0.0000000000e+00,0.0000000000e+00,5.7000000000e-01,0.0000000000e+00,0.0000000000e+00,0.0000000000e+00,1.0000000000e+00,0.0000000000e+00,0.0000000000e+00,0.0000000000e+00,-1.3000000000e+00,0.0000000000e+00,0.0000000000e+00,0.0000000000e+00,1.3000000000e+00,0.0000000000e+00,0.0000000000e+00,-0.0000000000e+00,0.0000000000e+00,0.0000000000e+00,0.0000000000e+00,-0.0000000000e+00,0.0000000000e+00,-0.0000000000e+00,0.0000000000e+00,0.0000000000e+00,0.0000000000e+00,-0.0000000000e+00,0.0000000000e+00
0.0000000000e+00,0.0000000000e+00,5.7000000000e-01,0.0000000000e+00,0.0000000000e+00,0.0000000000e+00,1.0000000000e+00,0.0000000000e+00,0.0000000000e+00,0.0000000000e+00,-1.3000000000e+00,0.0000000000e+00,0.0000000000e+00,0.0000000000e+00,1.3000000000e+00,0.0000000000e+00,0.0000000000e+00,-0.0000000000e+00,0.0000000000e+00,0.0000000000e+00,0.0000000000e+00,-0.0000000000e+00,0.0000000000e+00,-0.0000000000e+00,0.0000000000e+00,0.0000000000e+00,0.0000000000e+00,-0.0000000000e+00,0.0000000000e+00
0.0000000000e+00,0.0000000000e+00,5.7000000000e-01,0.0000000000e+00,0.0000000000e+00,0.0000000000e+00,1.0000000000e+00,0.0000000000e+00,0.0000000000e+00,0.0000000000e+00,-1.3000000000e+00,0.0000000000e+00,0.0000000000e+00,0.0000000000e+00,1.3000000000e+00,0.0000000000e+00,0.0000000000e+00,-0.0000000000e+00,0.0000000000e+00,0.0000000000e+00,0.0000000000e+00,-0.0000000000e+00,0.0000000000e+00,-0.0000000000e+00,0.0000000000e+00,0.0000000000e+00,0.0000000000e+00,-0.0000000000e+00,0.0000000000e+00
0.0000000000e+00,0.0000000000e+00,5.7000000000e-01,0.0000000000e+00,0.0000000000e+00,0.0000000000e+00,1.0000000000e+00,0.0000000000e+00,0.0000000000e+00,0.0000000000e+00,-1.3000000000e+00,0.0000000000e+00,0.0000000000e+00,0.0000000000e+00,1.3000000000e+00,0.0000000000e+00,0.0000000000e+00,-0.0000000000e+00,0.0000000000e+00,0.0000000000e+00,0.0000000000e+00,-0.0000000000e+00,0.0000000000e+00,-0.0000000000e+00,0.0000000000e+00,0.0000000000e+00,0.0000000000e+00,-0.0000000000e+00,0.0000000000e+00
0.0000000000e+00,0.0000000000e+00,5.7000000000e-01,0.0000000000e+00,0.0000000000e+00,0.0000000000e+00,1.0000000000e+00,0.0000000000e+00,0.0000000000e+00,0.0000000000e+00,-1.3000000000e+00,0.0000000000e+00,0.0000000000e+00,0.0000000000e+00,1.3000000000e+00,0.0000000000e+00,0.0000000000e+00,-0.0000000000e+00,0.0000000000e+00,0.0000000000e+00,0.0000000000e+00,-0.0000000000e+00,0.0000000000e+00,-0.0000000000e+00,0.0000000000e+00,0.0000000000e+00,0.0000000000e+00,-0.0000000000e+00,0.0000000000e+00
0.0000000000e+00,0.0000000000e+00,5.7000000000e-01,0.0000000000e+00,0.0000000000e+00,0.0000000000e+00,1.0000000000e+00,0.0000000000e+00,0.0000000000e+00,0.0000000000e+00,-1.3000000000e+00,0.0000000000e+00,0.0000000000e+00,0.0000000000e+00,1.3000000000e+00,0.0000000000e+00,0.0000000000e+00,-0.0000000000e+00,0.0000000000e+00,0.0000000000e+00,0.0000000000e+00,-0.0000000000e+00,0.0000000000e+00,-0.0000000000e+00,0.0000000000e+00,0.0000000000e+00,0.0000000000e+00,-0.0000000000e+00,0.0000000000e+00
0.0000000000e+00,0.0000000000e+00,5.7000000000e-01,0.0000000000e+00,0.0000000000e+00,0.0000000000e+00,1.0000000000e+00,0.0000000000e+00,0.0000000000e+00,0.0000000000e+00,-1.3000000000e+00,0.0000000000e+00,0.0000000000e+00,0.0000000000e+00,1.3000000000e+00,0.0000000000e+00,0.0000000000e+00,-0.0000000000e+00,0.0000000000e+00,0.0000000000e+00,0.0000000000e+00,-0.0000000000e+00,0.0000000000e+00,-0.0000000000e+00,0.0000000000e+00,0.0000000000e+00,0.0000000000e+00,-0.0000000000e+00,0.0000000000e+00
0.0000000000e+00,0.0000000000e+00,5.7000000000e-01,0.0000000000e+00,0.0000000000e+00,0.0000000000e+00,1.0000000000e+00,0.0000000000e+00,0.0000000000e+00,0.0000000000e+00,-1.3000000000e+00,0.0000000000e+00,0.0000000000e+00,0.0000000000e+00,1.3000000000e+00,0.0000000000e+00,0.0000000000e+00,-0.0000000000e+00,0.0000000000e+00,0.0000000000e+00,0.0000000000e+00,-0.0000000000e+00,0.0000000000e+00,-0.0000000000e+00,0.0000000000e+00,0.0000000000e+00,0.0000000000e+00,-0.0000000000e+00,0.0000000000e+00
0.0000000000e+00,0.0000000000e+00,5.7000000000e-01,0.0000000000e+00,0.0000000000e+00,0.0000000000e+00,1.0000000000e+00,0.0000000000e+00,0.0000000000e+00,0.0000000000e+00,-1.3000000000e+00,0.0000000000e+00,0.0000000000e+00,0.0000000000e+00,1.3000000000e+00,0.0000000000e+00,0.0000000000e+00,-0.0000000000e+00,0.0000000000e+00,0.0000000000e+00,0.0000000000e+00,-0.0000000000e+00,0.0000000000e+00,-0.0000000000e+00,0.0000000000e+00,0.0000000000e+00,0.0000000000e+00,-0.0000000000e+00,0.0000000000e+00
0.0000000000e+00,0.0000000000e+00,5.7000000000e-01,0.0000000000e+00,0.0000000000e+00,0.0000000000e+00,1.0000000000e+00,0.0000000000e+00,0.0000000000e+00,0.0000000000e+00,-1.3000000000e+00,0.0000000000e+00,0.0000000000e+00,0.0000000000e+00,1.3000000000e+00,0.0000000000e+00,0.0000000000e+00,-0.0000000000e+00,0.0000000000e+00,0.0000000000e+00,0.0000000000e+00,-0.0000000000e+00,0.0000000000e+00,-0.0000000000e+00,0.0000000000e+00,0.0000000000e+00,0.0000000000e+00,-0.0000000000e+00,0.0000000000e+00
0.0000000000e+00,0.0000000000e+00,5.7000000000e-01,0.0000000000e+00,0.0000000000e+00,0.0000000000e+00,1.0000000000e+00,0.0000000000e+00,0.0000000000e+00,0.0000000000e+00,-1.3000000000e+00,0.0000000000e+00,0.0000000000e+00,0.0000000000e+00,1.3000000000e+00,0.0000000000e+00,0.0000000000e+00,-0.0000000000e+00,0.0000000000e+00,0.0000000000e+00,0.0000000000e+00,-0.0000000000e+00,0.0000000000e+00,-0.0000000000e+00,0.0000000000e+00,0.0000000000e+00,0.0000000000e+00,-0.0000000000e+00,0.0000000000e+00
0.0000000000e+00,0.0000000000e+00,5.7000000000e-01,0.0000000000e+00,0.0000000000e+00,0.0000000000e+00,1.0000000000e+00,0.0000000000e+00,0.0000000000e+00,0.0000000000e+00,-1.3000000000e+00,0.0000000000e+00,0.0000000000e+00,0.0000000000e+00,1.3000000000e+00,0.0000000000e+00,0.0000000000e+00,-0.0000000000e+00,0.0000000000e+00,0.0000000000e+00,0.0000000000e+00,-0.0000000000e+00,0.0000000000e+00,-0.0000000000e+00,0.0000000000e+00,0.0000000000e+00,0.0000000000e+00,-0.0000000000e+00,0.0000000000e+00
0.0000000000e+00,0.0000000000e+00,5.7000000000e-01,0.0000000000e+00,0.0000000000e+00,0.0000000000e+00,1.0000000000e+00,0.0000000000e+00,0.0000000000e+00,0.0000000000e+00,-1.3000000000e+00,0.0000000000e+00,0.0000000000e+00,0.0000000000e+00,1.3000000000e+00,0.0000000000e+00,0.0000000000e+00,-0.0000000000e+00,0.0000000000e+00,0.0000000000e+00,0.0000000000e+00,-0.0000000000e+00,0.0000000000e+00,-0.0000000000e+00,0.0000000000e+00,0.0000000000e+00,0.0000000000e+00,-0.0000000000e+00,0.0000000000e+00
0.0000000000e+00,0.0000000000e+00,5.7000000000e-01,0.0000000000e+00,0.0000000000e+00,0.0000000000e+00,1.0000000000e+00,0.0000000000e+00,0.0000000000e+00,0.0000000000e+00,-1.3000000000e+00,0.0000000000e+00,0.0000000000e+00,0.0000000000e+00,1.3000000000e+00,0.0000000000e+00,0.0000000000e+00,-0.0000000000e+00,0.0000000000e+00,0.0000000000e+00,0.0000000000e+00,-0.0000000000e+00,0.0000000000e+00,-0.0000000000e+00,0.0000000000e+00,0.0000000000e+00,0.0000000000e+00,-0.0000000000e+00,0.0000000000e+00
0.0000000000e+00,0.0000000000e+00,5.7000000000e-01,0.0000000000e+00,0.0000000000e+00,0.0000000000e+00,1.0000000000e+00,0.0000000000e+00,0.0000000000e+00,0.0000000000e+00,-1.3000000000e+00,0.0000000000e+00,0.0000000000e+00,0.0000000000e+00,1.3000000000e+00,0.0000000000e+00,0.0000000000e+00,-0.0000000000e+00,0.0000000000e+00,0.0000000000e+00,0.0000000000e+00,-0.0000000000e+00,0.0000000000e+00,-0.0000000000e+00,0.0000000000e+00,0.0000000000e+00,0.0000000000e+00,-0.0000000000e+00,0.0000000000e+00
0.0000000000e+00,0.0000000000e+00,5.7000000000e-01,0.0000000000e+00,0.0000000000e+00,0.0000000000e+00,1.0000000000e+00,0.0000000000e+00,0.0000000000e+00,0.0000000000e+00,-1.3000000000e+00,0.0000000000e+00,0.0000000000e+00,0.0000000000e+00,1.3000000000e+00,0.0000000000e+00,0.0000000000e+00,-0.0000000000e+00,0.0000000000e+00,0.0000000000e+00,0.0000000000e+00,-0.0000000000e+00,0.0000000000e+00,-0.0000000000e+00,0.0000000000e+00,0.0000000000e+00,0.0000000000e+00,-0.0000000000e+00,0.0000000000e+00
0.0000000000e+00,0.0000000000e+00,5.7000000000e-01,0.0000000000e+00,0.0000000000e+00,0.0000000000e+00,1.0000000000e+00,0.0000000000e+00,0.0000000000e+00,0.0000000000e+00,-1.3000000000e+00,0.0000000000e+00,0.0000000000e+00,0.0000000000e+00,1.3000000000e+00,0.0000000000e+00,0.0000000000e+00,-0.0000000000e+00,0.0000000000e+00,0.0000000000e+00,0.0000000000e+00,-0.0000000000e+00,0.0000000000e+00,-0.0000000000e+00,0.0000000000e+00,0.0000000000e+00,0.0000000000e+00,-0.0000000000e+00,0.0000000000e+00
0.0000000000e+00,0.0000000000e+00,5.7000000000e-01,0.0000000000e+00,0.0000000000e+00,0.0000000000e+00,1.0000000000e+00,0.0000000000e+00,0.0000000000e+00,0.0000000000e+00,-1.3000000000e+00,0.0000000000e+00,0.0000000000e+00,0.0000000000e+00,1.3000000000e+00,0.0000000000e+00,0.0000000000e+00,-0.0000000000e+00,0.0000000000e+00,0.0000000000e+00,0.0000000000e+00,-0.0000000000e+00,0.0000000000e+00,-0.0000000000e+00,0.0000000000e+00,0.0000000000e+00,0.0000000000e+00,-0.0000000000e+00,0.0000000000e+00
0.0000000000e+00,0.0000000000e+00,5.7000000000e-01,0.0000000000e+00,0.0000000000e+00,0.0000000000e+00,1.0000000000e+00,0.0000000000e+00,0.0000000000e+00,0.0000000000e+00,-1.3000000000e+00,0.0000000000e+00,0.0000000000e+00,0.0000000000e+00,1.3000000000e+00,0.0000000000e+00,0.0000000000e+00,-0.0000000000e+00,0.0000000000e+00,0.0000000000e+00,0.0000000000e+00,-0.0000000000e+00,0.0000000000e+00,-0.0000000000e+00,0.0000000000e+00,0.0000000000e+00,0.0000000000e+00,-0.0000000000e+00,0.0000000000e+00
0.0000000000e+00,0.0000000000e+00,5.7000000000e-01,0.0000000000e+00,0.0000000000e+00,0.0000000000e+00,1.0000000000e+00,0.0000000000e+00,0.0000000000e+00,0.0000000000e+00,-1.3000000000e+00,0.0000000000e+00,0.0000000000e+00,0.0000000000e+00,1.3000000000e+00,0.0000000000e+00,0.0000000000e+00,-0.0000000000e+00,0.0000000000e+00,0.0000000000e+00,0.0000000000e+00,-0.0000000000e+00,0.0000000000e+00,-0.0000000000e+00,0.0000000000e+00,0.0000000000e+00,0.0000000000e+00,-0.0000000000e+00,0.0000000000e+00
0.0000000000e+00,0.0000000000e+00,5.7000000000e-01,0.0000000000e+00,0.0000000000e+00,0.0000000000e+00,1.0000000000e+00,0.0000000000e+00,0.0000000000e+00,0.0000000000e+00,-1.3000000000e+00,0.0000000000e+00,0.0000000000e+00,0.0000000000e+00,1.3000000000e+00,0.0000000000e+00,0.0000000000e+00,-0.0000000000e+00,0.0000000000e+00,0.0000000000e+00,0.0000000000e+00,-0.0000000000e+00,0.0000000000e+00,-0.0000000000e+00,0.0000000000e+00,0.0000000000e+00,0.0000000000e+00,-0.0000000000e+00,0.0000000000e+00
0.0000000000e+00,0.0000000000e+00,5.7000000000e-01,0.0000000000e+00,0.0000000000e+00,0.0000000000e+00,1.0000000000e+00,0.0000000000e+00,0.0000000000e+00,0.0000000000e+00,-1.3000000000e+00,0.0000000000e+00,0.0000000000e+00,0.0000000000e+00,1.3000000000e+00,0.0000000000e+00,0.0000000000e+00,-0.0000000000e+00,0.0000000000e+00,0.0000000000e+00,0.0000000000e+00,-0.0000000000e+00,0.0000000000e+00,-0.0000000000e+00,0.0000000000e+00,0.0000000000e+00,0.0000000000e+00,-0.0000000000e+00,0.0000000000e+00
0.0000000000e+00,0.0000000000e+00,5.7000000000e-01,0.0000000000e+00,0.0000000000e+00,0.0000000000e+00,1.0000000000e+00,0.0000000000e+00,0.0000000000e+00,0.0000000000e+00,-1.3000000000e+00,0.0000000000e+00,0.0000000000e+00,0.0000000000e+00,1.3000000000e+00,0.0000000000e+00,0.0000000000e+00,-0.0000000000e+00,0.0000000000e+00,0.0000000000e+00,0.0000000000e+00,-0.0000000000e+00,0.0000000000e+00,-0.0000000000e+00,0.0000000000e+00,0.0000000000e+00,0.0000000000e+00,-0.0000000000e+00,0.0000000000e+00
0.0000000000e+00,0.0000000000e+00,5.7000000000e-01,0.0000000000e+00,0.0000000000e+00,0.0000000000e+00,1.0000000000e+00,0.0000000000e+00,0.0000000000e+00,0.0000000000e+00,-1.3000000000e+00,0.0000000000e+00,0.0000000000e+00,0.0000000000e+00,1.3000000000e+00,0.0000000000e+00,0.0000000000e+00,-0.0000000000e+00,0.0000000000e+00,0.0000000000e+00,0.0000000000e+00,-0.0000000000e+00,0.0000000000e+00,-0.0000000000e+00,0.0000000000e+00,0.0000000000e+00,0.0000000000e+00,-0.0000000000e+00,0.0000000000e+00
0.0000000000e+00,0.0000000000e+00,5.7000000000e-01,0.0000000000e+00,0.0000000000e+00,0.0000000000e+00,1.0000000000e+00,0.0000000000e+00,0.0000000000e+00,0.0000000000e+00,-1.3000000000e+00,0.0000000000e+00,0.0000000000e+00,0.0000000000e+00,1.3000000000e+00,0.0000000000e+00,0.0000000000e+00,-0.0000000000e+00,0.0000000000e+00,0.0000000000e+00,0.0000000000e+00,-0.0000000000e+00,0.0000000000e+00,-0.0000000000e+00,0.0000000000e+00,0.0000000000e+00,0.0000000000e+00,-0.0000000000e+00,0.0000000000e+00
0.0000000000e+00,0.0000000000e+00,5.7000000000e-01,0.0000000000e+00,0.0000000000e+00,0.0000000000e+00,1.0000000000e+00,0.0000000000e+00,0.0000000000e+00,0.0000000000e+00,-1.3000000000e+00,0.0000000000e+00,0.0000000000e+00,0.0000000000e+00,1.3000000000e+00,0.0000000000e+00,0.0000000000e+00,-0.0000000000e+00,0.0000000000e+00,0.0000000000e+00,0.0000000000e+00,-0.0000000000e+00,0.0000000000e+00,-0.0000000000e+00,0.0000000000e+00,0.0000000000e+00,0.0000000000e+00,-0.0000000000e+00,0.0000000000e+00
0.0000000000e+00,0.0000000000e+00,5.7000000000e-01,0.0000000000e+00,0.0000000000e+00,0.0000000000e+00,1.0000000000e+00,0.0000000000e+00,0.0000000000e+00,0.0000000000e+00,-1.3000000000e+00,0.0000000000e+00,0.0000000000e+00,0.0000000000e+00,1.3000000000e+00,0.0000000000e+00,0.0000000000e+00,-0.0000000000e+00,0.0000000000e+00,0.0000000000e+00,0.0000000000e+00,-0.0000000000e+00,0.0000000000e+00,-0.0000000000e+00,0.0000000000e+00,0.0000000000e+00,0.0000000000e+00,-0.0000000000e+00,0.0000000000e+00
0.0000000000e+00,0.0000000000e+00,5.7000000000e-01,0.0000000000e+00,0.0000000000e+00,0.0000000000e+00,1.0000000000e+00,0.0000000000e+00,0.0000000000e+00,0.0000000000e+00,-1.3000000000e+00,0.0000000000e+00,0.0000000000e+00,0.0000000000e+00,1.3000000000e+00,0.0000000000e+00,0.0000000000e+00,-0.0000000000e+00,0.0000000000e+00,0.0000000000e+00,0.0000000000e+00,-0.0000000000e+00,0.0000000000e+00,-0.0000000000e+00,0.0000000000e+00,0.0000000000e+00,0.0000000000e+00,-0.0000000000e+00,0.0000000000e+00
0.0000000000e+00,0.0000000000e+00,5.7000000000e-01,0.0000000000e+00,0.0000000000e+00,0.0000000000e+00,1.0000000000e+00,0.0000000000e+00,0.0000000000e+00,0.0000000000e+00,-1.3000000000e+00,0.0000000000e+00,0.0000000000e+00,0.0000000000e+00,1.3000000000e+00,0.0000000000e+00,0.0000000000e+00,-0.0000000000e+00,0.0000000000e+00,0.0000000000e+00,0.0000000000e+00,-0.0000000000e+00,0.0000000000e+00,-0.0000000000e+00,0.0000000000e+00,0.0000000000e+00,0.0000000000e+00,-0.0000000000e+00,0.0000000000e+00
0.0000000000e+00,0.0000000000e+00,5.7000000000e-01,0.0000000000e+00,0.0000000000e+00,0.0000000000e+00,1.0000000000e+00,0.0000000000e+00,0.0000000000e+00,0.0000000000e+00,-1.3000000000e+00,0.0000000000e+00,0.0000000000e+00,0.0000000000e+00,1.3000000000e+00,0.0000000000e+00,0.0000000000e+00,-0.0000000000e+00,0.0000000000e+00,0.0000000000e+00,0.0000000000e+00,-0.0000000000e+00,0.0000000000e+00,-0.0000000000e+00,0.0000000000e+00,0.0000000000e+00,0.0000000000e+00,-0.0000000000e+00,0.0000000000e+00
0.0000000000e+00,0.0000000000e+00,5.7000000000e-01,0.0000000000e+00,0.0000000000e+00,0.0000000000e+00,1.0000000000e+00,0.0000000000e+00,0.0000000000e+00,0.0000000000e+00,-1.3000000000e+00,0.0000000000e+00,0.0000000000e+00,0.0000000000e+00,1.3000000000e+00,0.0000000000e+00,0.0000000000e+00,-0.0000000000e+00,0.0000000000e+00,0.0000000000e+00,0.0000000000e+00,-0.0000000000e+00,0.0000000000e+00,-0.0000000000e+00,0.0000000000e+00,0.0000000000e+00,0.0000000000e+00,-0.0000000000e+00,0.0000000000e+00
0.0000000000e+00,0.0000000000e+00,5.7000000000e-01,0.0000000000e+00,0.0000000000e+00,0.0000000000e+00,1.0000000000e+00,0.0000000000e+00,0.0000000000e+00,0.0000000000e+00,-1.3000000000e+00,0.0000000000e+00,0.0000000000e+00,0.0000000000e+00,1.3000000000e+00,0.0000000000e+00,0.0000000000e+00,-0.0000000000e+00,0.0000000000e+00,0.0000000000e+00,0.0000000000e+00,-0.0000000000e+00,0.0000000000e+00,-0.0000000000e+00,0.0000000000e+00,0.0000000000e+00,0.0000000000e+00,-0.0000000000e+00,0.0000000000e+00
0.0000000000e+00,0.0000000000e+00,5.7000000000e-01,0.0000000000e+00,0.0000000000e+00,0.0000000000e+00,1.0000000000e+00,0.0000000000e+00,0.0000000000e+00,0.0000000000e+00,-1.3000000000e+00,0.0000000000e+00,0.0000000000e+00,0.0000000000e+00,1.3000000000e+00,0.0000000000e+00,0.0000000000e+00,-0.0000000000e+00,0.0000000000e+00,0.0000000000e+00,0.0000000000e+00,-0.0000000000e+00,0.0000000000e+00,-0.0000000000e+00,0.0000000000e+00,0.0000000000e+00,0.0000000000e+00,-0.0000000000e+00,0.0000000000e+00
0.0000000000e+00,0.0000000000e+00,5.7000000000e-01,0.0000000000e+00,0.0000000000e+00,0.0000000000e+00,1.0000000000e+00,0.0000000000e+00,0.0000000000e+00,0.0000000000e+00,-1.3000000000e+00,0.0000000000e+00,0.0000000000e+00,0.0000000000e+00,1.3000000000e+00,0.0000000000e+00,0.0000000000e+00,-0.0000000000e+00,0.0000000000e+00,0.0000000000e+00,0.0000000000e+00,-0.0000000000e+00,0.0000000000e+00,-0.0000000000e+00,0.0000000000e+00,0.0000000000e+00,0.0000000000e+00,-0.0000000000e+00,0.0000000000e+00
0.0000000000e+00,0.0000000000e+00,5.7000000000e-01,0.0000000000e+00,0.0000000000e+00,0.0000000000e+00,1.0000000000e+00,0.0000000000e+00,0.0000000000e+00,0.0000000000e+00,-1.3000000000e+00,0.0000000000e+00,0.0000000000e+00,0.0000000000e+00,1.3000000000e+00,0.0000000000e+00,0.0000000000e+00,-0.0000000000e+00,0.0000000000e+00,0.0000000000e+00,0.0000000000e+00,-0.0000000000e+00,0.0000000000e+00,-0.0000000000e+00,0.0000000000e+00,0.0000000000e+00,0.0000000000e+00,-0.0000000000e+00,0.0000000000e+00
0.0000000000e+00,0.0000000000e+00,5.7000000000e-01,0.0000000000e+00,0.0000000000e+00,0.0000000000e+00,1.0000000000e+00,0.0000000000e+00,0.0000000000e+00,0.0000000000e+00,-1.3000000000e+00,0.0000000000e+00,0.0000000000e+00,0.0000000000e+00,1.3000000000e+00,0.0000000000e+00,0.0000000000e+00,-0.0000000000e+00,0.0000000000e+00,0.0000000000e+00,0.0000000000e+00,-0.0000000000e+00,0.0000000000e+00,-0.0000000000e+00,0.0000000000e+00,0.0000000000e+00,0.0000000000e+00,-0.0000000000e+00,0.0000000000e+00
0.0000000000e+00,0.0000000000e+00,5.7000000000e-01,0.0000000000e+00,0.0000000000e+00,0.0000000000e+00,1.0000000000e+00,0.0000000000e+00,0.0000000000e+00,0.0000000000e+00,-1.3000000000e+00,0.0000000000e+00,0.0000000000e+00,0.0000000000e+00,1.3000000000e+00,0.0000000000e+00,0.0000000000e+00,-0.0000000000e+00,0.0000000000e+00,0.0000000000e+00,0.0000000000e+00,-0.0000000000e+00,0.0000000000e+00,-0.0000000000e+00,0.0000000000e+00,0.0000000000e+00,0.0000000000e+00,-0.0000000000e+00,0.0000000000e+00
0.0000000000e+00,0.0000000000e+00,5.7000000000e-01,0.0000000000e+00,0.0000000000e+00,0.0000000000e+00,1.0000000000e+00,0.0000000000e+00,0.0000000000e+00,0.0000000000e+00,-1.3000000000e+00,0.0000000000e+00,0.0000000000e+00,0.0000000000e+00,1.3000000000e+00,0.0000000000e+00,0.0000000000e+00,-0.0000000000e+00,0.0000000000e+00,0.0000000000e+00,0.0000000000e+00,-0.0000000000e+00,0.0000000000e+00,-0.0000000000e+00,0.0000000000e+00,0.0000000000e+00,0.0000000000e+00,-0.0000000000e+00,0.0000000000e+00
0.0000000000e+00,0.0000000000e+00,5.7000000000e-01,0.0000000000e+00,0.0000000000e+00,0.0000000000e+00,1.0000000000e+00,0.0000000000e+00,0.0000000000e+00,0.0000000000e+00,-1.3000000000e+00,0.0000000000e+00,0.0000000000e+00,0.0000000000e+00,1.3000000000e+00,0.0000000000e+00,0.0000000000e+00,-0.0000000000e+00,0.0000000000e+00,0.0000000000e+00,0.0000000000e+00,-0.0000000000e+00,0.0000000000e+00,-0.0000000000e+00,0.0000000000e+00,0.0000000000e+00,0.0000000000e+00,-0.0000000000e+00,0.0000000000e+00
0.0000000000e+00,0.0000000000e+00,5.7000000000e-01,0.0000000000e+00,0.0000000000e+00,0.0000000000e+00,1.0000000000e+00,0.0000000000e+00,0.0000000000e+00,0.0000000000e+00,-1.3000000000e+00,0.0000000000e+00,0.0000000000e+00,0.0000000000e+00,1.3000000000e+00,0.0000000000e+00,0.0000000000e+00,-0.0000000000e+00,0.0000000000e+00,0.0000000000e+00,0.0000000000e+00,-0.0000000000e+00,0.0000000000e+00,-0.0000000000e+00,0.0000000000e+00,0.0000000000e+00,0.0000000000e+00,-0.0000000000e+00,0.0000000000e+00
0.0000000000e+00,0.0000000000e+00,5.7000000000e-01,0.0000000000e+00,0.0000000000e+00,0.0000000000e+00,1.0000000000e+00,0.0000000000e+00,0.0000000000e+00,0.0000000000e+00,-1.3000000000e+00,0.0000000000e+00,0.0000000000e+00,0.0000000000e+00,1.3000000000e+00,0.0000000000e+00,0.0000000000e+00,-0.0000000000e+00,0.0000000000e+00,0.0000000000e+00,0.0000000000e+00,-0.0000000000e+00,0.0000000000e+00,-0.0000000000e+00,0.0000000000e+00,0.0000000000e+00,0.0000000000e+00,-0.0000000000e+00,0.0000000000e+00
0.0000000000e+00,0.0000000000e+00,5.7000000000e-01,0.0000000000e+00,0.0000000000e+00,0.0000000000e+00,1.0000000000e+00,0.0000000000e+00,0.0000000000e+00,0.0000000000e+00,-1.3000000000e+00,0.0000000000e+00,0.0000000000e+00,0.0000000000e+00,1.3000000000e+00,0.0000000000e+00,0.0000000000e+00,-0.0000000000e+00,0.0000000000e+00,0.0000000000e+00,0.0000000000e+00,-0.0000000000e+00,0.0000000000e+00,-0.0000000000e+00,0.0000000000e+00,0.0000000000e+00,0.0000000000e+00,-0.0000000000e+00,0.0000000000e+00
0.0000000000e+00,0.0000000000e+00,5.7000000000e-01,0.0000000000e+00,0.0000000000e+00,0.0000000000e+00,1.0000000000e+00,0.0000000000e+00,0.0000000000e+00,0.0000000000e+00,-1.3000000000e+00,0.0000000000e+00,0.0000000000e+00,0.0000000000e+00,1.3000000000e+00,0.0000000000e+00,0.0000000000e+00,-0.0000000000e+00,0.0000000000e+00,0.0000000000e+00,0.0000000000e+00,-0.0000000000e+00,0.0000000000e+00,-0.0000000000e+00,0.0000000000e+00,0.0000000000e+00,0.0000000000e+00,-0.0000000000e+00,0.0000000000e+00
0.0000000000e+00,0.0000000000e+00,5.7000000000e-01,0.0000000000e+00,0.0000000000e+00,0.0000000000e+00,1.0000000000e+00,0.0000000000e+00,0.0000000000e+00,0.0000000000e+00,-1.3000000000e+00,0.0000000000e+00,0.0000000000e+00,0.0000000000e+00,1.3000000000e+00,0.0000000000e+00,0.0000000000e+00,-0.0000000000e+00,0.0000000000e+00,0.0000000000e+00,0.0000000000e+00,-0.0000000000e+00,0.0000000000e+00,-0.0000000000e+00,0.0000000000e+00,0.0000000000e+00,0.0000000000e+00,-0.0000000000e+00,0.0000000000e+00
0.0000000000e+00,0.0000000000e+00,5.7000000000e-01,0.0000000000e+00,0.0000000000e+00,0.0000000000e+00,1.0000000000e+00,0.0000000000e+00,0.0000000000e+00,0.0000000000e+00,-1.3000000000e+00,0.0000000000e+00,0.0000000000e+00,0.0000000000e+00,1.3000000000e+00,0.0000000000e+00,0.0000000000e+00,-0.0000000000e+00,0.0000000000e+00,0.0000000000e+00,0.0000000000e+00,-0.0000000000e+00,0.0000000000e+00,-0.0000000000e+00,0.0000000000e+00,0.0000000000e+00,0.0000000000e+00,-0.0000000000e+00,0.0000000000e+00
0.0000000000e+00,0.0000000000e+00,5.7000000000e-01,0.0000000000e+00,0.0000000000e+00,0.0000000000e+00,1.0000000000e+00,0.0000000000e+00,0.0000000000e+00,0.0000000000e+00,-1.3000000000e+00,0.0000000000e+00,0.0000000000e+00,0.0000000000e+00,1.3000000000e+00,0.0000000000e+00,0.0000000000e+00,-0.0000000000e+00,0.0000000000e+00,0.0000000000e+00,0.0000000000e+00,-0.0000000000e+00,0.0000000000e+00,-0.0000000000e+00,0.0000000000e+00,0.0000000000e+00,0.0000000000e+00,-0.0000000000e+00,0.0000000000e+00
0.0000000000e+00,0.0000000000e+00,5.7000000000e-01,0.0000000000e+00,0.0000000000e+00,0.0000000000e+00,1.0000000000e+00,0.0000000000e+00,0.0000000000e+00,0.0000000000e+00,-1.3000000000e+00,0.0000000000e+00,0.0000000000e+00,0.0000000000e+00,1.3000000000e+00,0.0000000000e+00,0.0000000000e+00,-0.0000000000e+00,0.0000000000e+00,0.0000000000e+00,0.0000000000e+00,-0.0000000000e+00,0.0000000000e+00,-0.0000000000e+00,0.0000000000e+00,0.0000000000e+00,0.0000000000e+00,-0.0000000000e+00,0.0000000000e+00
0.0000000000e+00,0.0000000000e+00,5.7000000000e-01,0.0000000000e+00,0.0000000000e+00,0.0000000000e+00,1.0000000000e+00,0.0000000000e+00,0.0000000000e+00,0.0000000000e+00,-1.3000000000e+00,0.0000000000e+00,0.0000000000e+00,0.0000000000e+00,1.3000000000e+00,0.0000000000e+00,0.0000000000e+00,-0.0000000000e+00,0.0000000000e+00,0.0000000000e+00,0.0000000000e+00,-0.0000000000e+00,0.0000000000e+00,-0.0000000000e+00,0.0000000000e+00,0.0000000000e+00,0.0000000000e+00,-0.0000000000e+00,0.0000000000e+00
0.0000000000e+00,0.0000000000e+00,5.7000000000e-01,0.0000000000e+00,0.0000000000e+00,0.0000000000e+00,1.0000000000e+00,0.0000000000e+00,0.0000000000e+00,0.0000000000e+00,-1.3000000000e+00,0.0000000000e+00,0.0000000000e+00,0.0000000000e+00,1.3000000000e+00,0.0000000000e+00,0.0000000000e+00,-0.0000000000e+00,0.0000000000e+00,0.0000000000e+00,0.0000000000e+00,-0.0000000000e+00,0.0000000000e+00,-0.0000000000e+00,0.0000000000e+00,0.0000000000e+00,0.0000000000e+00,-0.0000000000e+00,0.0000000000e+00
