-7.269240915775299072e-03,2.360812388360500336e-03,5.261681675910949707e-01,5.158493667840957642e-02,-1.480267010629177094e-02,8.715089559555053711e-01,4.874341189861297607e-01,3.397081419825553894e-02,1.831564903259277344e-01,1.517025101929903030e-02,-1.341822624206542969e+00,4.918735325336456299e-01,-4.020731747150421143e-01,-5.013405904173851013e-02,1.324948191642761230e+00,6.976649761199951172e-01,4.549044072628021240e-01,1.275419145822525024e-01,-3.613357618451118469e-02,1.778268665075302124e-01,1.115000024437904358e-01,-1.437903642654418945e-01,8.361547440290451050e-02,9.143283218145370483e-02,3.802082687616348267e-02,-1.317095756530761719e-01,1.115000024437904358e-01,-1.044092252850532532e-01,1.157512422651052475e-02
-8.289732970297336578e-03,7.117270957678556442e-03,5.247634053230285645e-01,5.896859243512153625e-02,-2.202592603862285614e-02,8.776181936264038086e-01,4.752092659473419189e-01,8.947108290158212185e-04,1.971180886030197144e-01,2.081421017646789551e-02,-1.325705409049987793e+00,5.267086029052734375e-01,-4.043199121952056885e-01,-2.650199830532073975e-02,1.327247977256774902e+00,6.664962768554687500e-01,4.488424062728881836e-01,1.558805704116821289e-01,-2.429824508726596832e-02,1.504759341478347778e-01,1.115000024437904358e-01,-1.500186473131179810e-01,7.693292200565338135e-02,1.299692839384078979e-01,5.080141127109527588e-02,-1.567917466163635254e-01,1.115000024437904358e-01,-1.241846010088920593e-01,1.094947475939989090e-02
-8.294359780848026276e-03,7.597485557198524475e-03,5.246415734291076660e-01,6.079297512769699097e-02,-2.311378717422485352e-02,8.795279264450073242e-01,4.713815748691558838e-01,-7.318614050745964050e-03,2.048157900571823120e-01,2.382369898259639740e-02,-1.324379086494445801e+00,5.367541909217834473e-01,-4.047082960605621338e-01,-1.776028797030448914e-02,1.327448964118957520e+00,6.561074852943420410e-01,4.481965005397796631e-01,1.599496304988861084e-01,-2.272125333547592163e-02,1.424693763256072998e-01,1.115000024437904358e-01,-1.494011580944061279e-01,7.605372369289398193e-02,1.369874030351638794e-01,5.166903510689735413e-02,-1.650141924619674683e-01,1.115000024437904358e-01,-1.264021992683410645e-01,1.132181938737630844e-02
-8.214633911848068237e-03,7.648315746337175369e-03,5.245912075042724609e-01,6.153592467308044434e-02,-2.352528087794780731e-02,8.800455331802368164e-01,4.702975451946258545e-01,-7.785615045577287674e-03,2.066555619239807129e-01,2.433460578322410583e-02,-1.323817253112792969e+00,5.386554598808288574e-01,-4.052568674087524414e-01,-1.603400893509387970e-02,1.327623248100280762e+00,6.533917784690856934e-01,4.474084377288818359e-01,1.614395529031753540e-01,-2.232311666011810303e-02,1.399962902069091797e-01,1.115000024437904358e-01,-1.491217464208602905e-01,7.585649192333221436e-02,1.392703205347061157e-01,5.196644738316535950e-02,-1.674164533615112305e-01,1.115000024437904358e-01,-1.268652081489562988e-01,1.085897069424390793e-02
-8.237038739025592804e-03,7.707454264163970947e-03,5.246651768684387207e-01,6.206234544515609741e-02,-2.369263954460620880e-02,8.802515864372253418e-01,4.698341190814971924e-01,-4.721263889223337173e-03,2.088623046875000000e-01,2.500785328447818756e-02,-1.324010252952575684e+00,5.393221974372863770e-01,-4.049403369426727295e-01,-1.519894599914550781e-02,1.328149914741516113e+00,6.516715884208679199e-01,4.452677071094512939e-01,1.626127958297729492e-01,-2.245912328362464905e-02,1.390047073364257812e-01,1.115000024437904358e-01,-1.488013267517089844e-01,7.580435276031494141e-02,1.407652944326400757e-01,5.176908150315284729e-02,-1.681956052780151367e-01,1.115000024437904358e-01,-1.262394785881042480e-01,1.051351148635149002e-02
-8.192911744117736816e-03,7.614177651703357697e-03,5.246822237968444824e-01,6.265966594219207764e-02,-2.398768439888954163e-02,8.802351355552673340e-01,4.697706699371337891e-01,-1.369836041703820229e-03,2.103510349988937378e-01,2.564756199717521667e-02,-1.323875904083251953e+00,5.394449830055236816e-01,-4.054011404514312744e-01,-1.540608424693346024e-02,1.328546643257141113e+00,6.502726078033447266e-01,4.434848427772521973e-01,1.638681441545486450e-01,-2.250654064118862152e-02,1.392602175474166870e-01,1.115000024437904358e-01,-1.492214351892471313e-01,7.541079819202423096e-02,1.420576274394989014e-01,5.167017504572868347e-02,-1.681673526763916016e-01,1.115000024437904358e-01,-1.259488761425018311e-01,1.053892169147729874e-02
-8.255077525973320007e-03,7.546501234173774719e-03,5.247225165367126465e-01,6.298515200614929199e-02,-2.420573122799396515e-02,8.803701996803283691e-01,4.694626927375793457e-01,3.883910598233342171e-03,2.119477689266204834e-01,2.511359006166458130e-02,-1.323576092720031738e+00,5.400767922401428223e-01,-4.061785936355590820e-01,-1.542153768241405487e-02,1.328319787979125977e+00,6.498338580131530762e-01,4.415055811405181885e-01,1.645636856555938721e-01,-2.256908826529979706e-02,1.386341154575347900e-01,1.115000024437904358e-01,-1.494775414466857910e-01,7.556691765785217285e-02,1.429935395717620850e-01,5.158565193414688110e-02,-1.686716526746749878e-01,1.115000024437904358e-01,-1.255795061588287354e-01,1.105840597301721573e-02
-8.609007112681865692e-03,7.785317488014698029e-03,5.247829556465148926e-01,6.287447363138198853e-02,-2.415621839463710785e-02,8.807331919670104980e-01,4.687988460063934326e-01,7.257972378283739090e-03,2.127828001976013184e-01,2.553904056549072266e-02,-1.324398756027221680e+00,5.402817130088806152e-01,-4.053539037704467773e-01,-1.371405832469463348e-02,1.327966213226318359e+00,6.494395136833190918e-01,4.379657208919525146e-01,1.649104505777359009e-01,-2.282794378697872162e-02,1.378573626279830933e-01,1.115000024437904358e-01,-1.500424742698669434e-01,7.578960806131362915e-02,1.438812911510467529e-01,5.137367174029350281e-02,-1.693920940160751343e-01,1.115000024437904358e-01,-1.255641877651214600e-01,1.136783696711063385e-02
-8.914114907383918762e-03,8.013036102056503296e-03,5.248644351959228516e-01,6.291269510984420776e-02,-2.407602220773696899e-02,8.809292316436767578e-01,4.684292972087860107e-01,1.066962629556655884e-02,2.135984599590301514e-01,2.660774812102317810e-02,-1.324943304061889648e+00,5.402420759201049805e-01,-4.049272537231445312e-01,-1.220047660171985626e-02,1.328262090682983398e+00,6.478102803230285645e-01,4.351364076137542725e-01,1.655518561601638794e-01,-2.326554246246814728e-02,1.372638493776321411e-01,1.115000024437904358e-01,-1.501371413469314575e-01,7.602470368146896362e-02,1.448301076889038086e-01,5.091534554958343506e-02,-1.695779561996459961e-01,1.115000024437904358e-01,-1.255203187465667725e-01,1.194659899920225143e-02
-8.835375308990478516e-03,7.898429408669471741e-03,5.249106884002685547e-01,6.341150403022766113e-02,-2.414513193070888519e-02,8.811376094818115234e-01,4.679663479328155518e-01,1.392917428165674210e-02,2.146588116884231567e-01,2.567810565233230591e-02,-1.324769854545593262e+00,5.420030355453491211e-01,-4.049810469150543213e-01,-1.257540099322795868e-02,1.328486204147338867e+00,6.476946473121643066e-01,4.319630563259124756e-01,1.661209315061569214e-01,-2.352938987314701080e-02,1.371679455041885376e-01,1.115000024437904358e-01,-1.502916216850280762e-01,7.594254612922668457e-02,1.456907838582992554e-01,5.051862075924873352e-02,-1.700351834297180176e-01,1.115000024437904358e-01,-1.250496059656143188e-01,1.163245085626840591e-02
-9.187880903482437134e-03,7.819518446922302246e-03,5.250008702278137207e-01,6.314696371555328369e-02,-2.412624657154083252e-02,8.812016844749450684e-01,4.678824841976165771e-01,1.577281206846237183e-02,2.156860530376434326e-01,2.588547021150588989e-02,-1.326253294944763184e+00,5.426861643791198730e-01,-4.048184752464294434e-01,-1.289308071136474609e-02,1.327913403511047363e+00,6.467790007591247559e-01,4.291527569293975830e-01,1.657919883728027344e-01,-2.409623935818672180e-02,1.365745663642883301e-01,1.115000024437904358e-01,-1.503413617610931396e-01,7.682013511657714844e-02,1.454580128192901611e-01,4.999269172549247742e-02,-1.697704643011093140e-01,1.115000024437904358e-01,-1.239435672760009766e-01,1.170178130269050598e-02
-9.482709690928459167e-03,7.590755354613065720e-03,5.250300168991088867e-01,6.313969939947128296e-02,-2.427786216139793396e-02,8.814647793769836426e-01,4.673797488212585449e-01,1.775827072560787201e-02,2.172593325376510620e-01,2.578364498913288116e-02,-1.327555894851684570e+00,5.422051548957824707e-01,-4.068253040313720703e-01,-1.273814868181943893e-02,1.327345967292785645e+00,6.453629732131958008e-01,4.278115928173065186e-01,1.656250506639480591e-01,-2.453369088470935822e-02,1.360440105199813843e-01,1.115000024437904358e-01,-1.506258994340896606e-01,7.736075669527053833e-02,1.456914991140365601e-01,4.951299726963043213e-02,-1.697079837322235107e-01,1.115000024437904358e-01,-1.232109144330024719e-01,1.176787260919809341e-02
-9.485026821494102478e-03,7.438940461724996567e-03,5.250516533851623535e-01,6.328842788934707642e-02,-2.422964200377464294e-02,8.815144896507263184e-01,4.672682881355285645e-01,2.017553150653839111e-02,2.200052738189697266e-01,2.556580118834972382e-02,-1.327446699142456055e+00,5.428094863891601562e-01,-4.079285562038421631e-01,-1.288868859410285950e-02,1.326594591140747070e+00,6.452212333679199219e-01,4.281886816024780273e-01,1.655319333076477051e-01,-2.495210617780685425e-02,1.362028270959854126e-01,1.115000024437904358e-01,-1.507075726985931396e-01,7.751791924238204956e-02,1.456495523452758789e-01,4.899907857179641724e-02,-1.701477169990539551e-01,1.115000024437904358e-01,-1.231027543544769287e-01,1.210542209446430206e-02
-9.469293989241123199e-03,7.223476190119981766e-03,5.251106619834899902e-01,6.342258304357528687e-02,-2.421311289072036743e-02,8.813860416412353516e-01,4.674932062625885010e-01,2.176151610910892487e-02,2.206678092479705811e-01,2.517215348780155182e-02,-1.328305959701538086e+00,5.433235168457031250e-01,-4.081855118274688721e-01,-1.412698626518249512e-02,1.325943350791931152e+00,6.451353430747985840e-01,4.280748367309570312e-01,1.654387563467025757e-01,-2.542309463024139404e-02,1.366839557886123657e-01,1.115000024437904358e-01,-1.508070528507232666e-01,7.762707024812698364e-02,1.453681141138076782e-01,4.849698394536972046e-02,-1.698859632015228271e-01,1.115000024437904358e-01,-1.224331110715866089e-01,1.248136907815933228e-02
-9.488933719694614410e-03,7.026346400380134583e-03,5.251402258872985840e-01,6.334038078784942627e-02,-2.418377809226512909e-02,8.814312219619750977e-01,4.674206972122192383e-01,2.251927927136421204e-02,2.227721065282821655e-01,2.443907782435417175e-02,-1.329005718231201172e+00,5.445111989974975586e-01,-4.081484675407409668e-01,-1.468887645751237869e-02,1.325378060340881348e+00,6.451694369316101074e-01,4.285725355148315430e-01,1.648383587598800659e-01,-2.566254884004592896e-02,1.367237716913223267e-01,1.115000024437904358e-01,-1.507622152566909790e-01,7.813526690006256104e-02,1.448174864053726196e-01,4.823718965053558350e-02,-1.695840954780578613e-01,1.115000024437904358e-01,-1.218086108565330505e-01,1.244517508894205093e-02
-9.565310552716255188e-03,6.757534109055995941e-03,5.251910686492919922e-01,6.324730068445205688e-02,-2.412513829767704010e-02,8.813681006431579590e-01,4.675553441047668457e-01,2.327376045286655426e-02,2.232803553342819214e-01,2.407401055097579956e-02,-1.329975247383117676e+00,5.446847677230834961e-01,-4.090317189693450928e-01,-1.547363772988319397e-02,1.324671030044555664e+00,6.441449522972106934e-01,4.297291636466979980e-01,1.642206013202667236e-01,-2.622666396200656891e-02,1.368717104196548462e-01,1.115000024437904358e-01,-1.505634933710098267e-01,7.849424332380294800e-02,1.440712213516235352e-01,4.766367748379707336e-02,-1.691651791334152222e-01,1.115000024437904358e-01,-1.210345029830932617e-01,1.276831887662410736e-02
-9.489243850111961365e-03,6.425381172448396683e-03,5.252157449722290039e-01,6.326065957546234131e-02,-2.415485866367816925e-02,8.812690973281860352e-01,4.677386283874511719e-01,2.165525592863559723e-02,2.245399504899978638e-01,2.379364334046840668e-02,-1.330866575241088867e+00,5.443631410598754883e-01,-4.102397263050079346e-01,-1.665186695754528046e-02,1.324079513549804688e+00,6.428009271621704102e-01,4.317815899848937988e-01,1.636200100183486938e-01,-2.648957446217536926e-02,1.371325850486755371e-01,1.115000024437904358e-01,-1.503737717866897583e-01,7.890471816062927246e-02,1.433202177286148071e-01,4.737386479973793030e-02,-1.686256825923919678e-01,1.115000024437904358e-01,-1.203464716672897339e-01,1.310913451015949249e-02
-9.640716947615146637e-03,6.276104133576154709e-03,5.252371430397033691e-01,6.318085640668869019e-02,-2.413121797144412994e-02,8.812320232391357422e-01,4.678204953670501709e-01,2.265972457826137543e-02,2.244900017976760864e-01,2.398280799388885498e-02,-1.331652402877807617e+00,5.447807312011718750e-01,-4.112207591533660889e-01,-1.648371294140815735e-02,1.322517633438110352e+00,6.427716612815856934e-01,4.342540800571441650e-01,1.633992940187454224e-01,-2.698837220668792725e-02,1.375855952501296997e-01,1.115000024437904358e-01,-1.507207602262496948e-01,7.875069230794906616e-02,1.430189162492752075e-01,4.691518470644950867e-02,-1.684508919715881348e-01,1.115000024437904358e-01,-1.200309917330741882e-01,1.334543339908123016e-02
-9.571881033480167389e-03,6.203596480190753937e-03,5.252570509910583496e-01,6.327360868453979492e-02,-2.410411648452281952e-02,8.811057209968566895e-01,4.680472016334533691e-01,2.125211246311664581e-02,2.257354557514190674e-01,2.419726364314556122e-02,-1.331819415092468262e+00,5.450351834297180176e-01,-4.114724397659301758e-01,-1.667361147701740265e-02,1.322323083877563477e+00,6.425716280937194824e-01,4.364310204982757568e-01,1.634415239095687866e-01,-2.715192362666130066e-02,1.378137618303298950e-01,1.115000024437904358e-01,-1.502725034952163696e-01,7.901434600353240967e-02,1.428426057100296021e-01,4.674322530627250671e-02,-1.680312007665634155e-01,1.115000024437904358e-01,-1.196582242846488953e-01,1.299106795340776443e-02
-9.488289244472980499e-03,6.062132772058248520e-03,5.252711176872253418e-01,6.328129768371582031e-02,-2.403940819203853607e-02,8.811028003692626953e-01,4.680549800395965576e-01,1.956710219383239746e-02,2.266258299350738525e-01,2.378186210989952087e-02,-1.331979632377624512e+00,5.457914471626281738e-01,-4.120399057865142822e-01,-1.703587360680103302e-02,1.321825504302978516e+00,6.428691744804382324e-01,4.382099807262420654e-01,1.630318909883499146e-01,-2.732043340802192688e-02,1.381189823150634766e-01,1.115000024437904358e-01,-1.501794010400772095e-01,7.876511663198471069e-02,1.424013078212738037e-01,4.657612368464469910e-02,-1.677990555763244629e-01,1.115000024437904358e-01,-1.194177269935607910e-01,1.306695770472288132e-02
-9.380278177559375763e-03,5.832107271999120712e-03,5.252658724784851074e-01,6.334883719682693481e-02,-2.402141503989696503e-02,8.809946179389953613e-01,4.682503640651702881e-01,1.911466009914875031e-02,2.279153615236282349e-01,2.341417409479618073e-02,-1.332407116889953613e+00,5.458736419677734375e-01,-4.124536514282226562e-01,-1.797834224998950958e-02,1.321626901626586914e+00,6.423559188842773438e-01,4.395043849945068359e-01,1.626553237438201904e-01,-2.757660485804080963e-02,1.381792128086090088e-01,1.115000024437904358e-01,-1.497191190719604492e-01,7.890796661376953125e-02,1.418423801660537720e-01,4.634891450405120850e-02,-1.668267399072647095e-01,1.115000024437904358e-01,-1.189370527863502502e-01,1.243815571069717407e-02
-9.119236841797828674e-03,5.618745926767587662e-03,5.252456665039062500e-01,6.345580518245697021e-02,-2.400119043886661530e-02,8.807807564735412598e-01,4.686390757560729980e-01,1.852677948772907257e-02,2.279905378818511963e-01,2.276047132909297943e-02,-1.331865310668945312e+00,5.465744137763977051e-01,-4.130241572856903076e-01,-1.951073482632637024e-02,1.321695685386657715e+00,6.421305537223815918e-01,4.411317110061645508e-01,1.622903645038604736e-01,-2.760061807930469513e-02,1.383907198905944824e-01,1.115000024437904358e-01,-1.491377204656600952e-01,7.894546538591384888e-02,1.411443650722503662e-01,4.638504609465599060e-02,-1.658219695091247559e-01,1.115000024437904358e-01,-1.186568215489387512e-01,1.193143520504236221e-02
-8.886584080755710602e-03,5.462220404297113419e-03,5.252482891082763672e-01,6.362891942262649536e-02,-2.398031204938888550e-02,8.806280493736267090e-01,4.689035415649414062e-01,1.810237951576709747e-02,2.290652692317962646e-01,2.257777191698551178e-02,-1.331376671791076660e+00,5.469871759414672852e-01,-4.137985706329345703e-01,-2.016145549714565277e-02,1.321721434593200684e+00,6.421589255332946777e-01,4.435284137725830078e-01,1.621320098638534546e-01,-2.765044942498207092e-02,1.385353356599807739e-01,1.115000024437904358e-01,-1.483830511569976807e-01,7.910673320293426514e-02,1.407743692398071289e-01,4.635203629732131958e-02,-1.654481738805770874e-01,1.115000024437904358e-01,-1.183971241116523743e-01,1.169347856193780899e-02
-8.613179437816143036e-03,5.348873790353536606e-03,5.252442359924316406e-01,6.389258056879043579e-02,-2.389851771295070648e-02,8.806758522987365723e-01,4.687820374965667725e-01,1.794275827705860138e-02,2.296982407569885254e-01,2.180614136159420013e-02,-1.330830216407775879e+00,5.483756661415100098e-01,-4.147775471210479736e-01,-2.025234885513782501e-02,1.321792364120483398e+00,6.423361301422119141e-01,4.457291960716247559e-01,1.619725674390792847e-01,-2.770864777266979218e-02,1.384627819061279297e-01,1.115000024437904358e-01,-1.477541476488113403e-01,7.857845723628997803e-02,1.406824290752410889e-01,4.628279432654380798e-02,-1.655921339988708496e-01,1.115000024437904358e-01,-1.184649318456649780e-01,1.146347634494304657e-02
-8.433299139142036438e-03,5.475992802530527115e-03,5.252518653869628906e-01,6.399029493331909180e-02,-2.375538460910320282e-02,8.806252479553222656e-01,4.688710570335388184e-01,1.729214750230312347e-02,2.304911464452743530e-01,2.213732711970806122e-02,-1.329924106597900391e+00,5.487763881683349609e-01,-4.150866568088531494e-01,-1.991211250424385071e-02,1.322422146797180176e+00,6.419608592987060547e-01,4.467032253742218018e-01,1.620645672082901001e-01,-2.764728479087352753e-02,1.378268301486968994e-01,1.115000024437904358e-01,-1.466939747333526611e-01,7.883514463901519775e-02,1.406995207071304321e-01,4.636522755026817322e-02,-1.655808985233306885e-01,1.115000024437904358e-01,-1.187208890914916992e-01,1.123725529760122299e-02
-8.342748507857322693e-03,5.290742963552474976e-03,5.252255797386169434e-01,6.401415169239044189e-02,-2.379240840673446655e-02,8.804290294647216797e-01,4.692343473434448242e-01,1.696201413869857788e-02,2.310875207185745239e-01,2.192167751491069794e-02,-1.329326987266540527e+00,5.490829348564147949e-01,-4.163914918899536133e-01,-2.096236869692802429e-02,1.321739435195922852e+00,6.424080133438110352e-01,4.485770463943481445e-01,1.618365198373794556e-01,-2.773568965494632721e-02,1.383452117443084717e-01,1.115000024437904358e-01,-1.470049023628234863e-01,7.865328341722488403e-02,1.402126550674438477e-01,4.632193967700004578e-02,-1.645786762237548828e-01,1.115000024437904358e-01,-1.187576949596405029e-01,1.157263945788145065e-02
-8.237176574766635895e-03,5.236171185970306396e-03,5.252174735069274902e-01,6.398399174213409424e-02,-2.374130301177501678e-02,8.803451061248779297e-01,4.693983793258666992e-01,1.714035309851169586e-02,2.310480624437332153e-01,2.181360498070716858e-02,-1.328981995582580566e+00,5.492697954177856445e-01,-4.172685742378234863e-01,-2.100763842463493347e-02,1.321509599685668945e+00,6.432443261146545410e-01,4.509499669075012207e-01,1.615548133850097656e-01,-2.774108387529850006e-02,1.379809677600860596e-01,1.115000024437904358e-01,-1.468463987112045288e-01,7.857774943113327026e-02,1.398202031850814819e-01,4.638037458062171936e-02,-1.642755866050720215e-01,1.115000024437904358e-01,-1.189560070633888245e-01,1.206680573523044586e-02
-8.325984701514244080e-03,5.252211820334196091e-03,5.252282619476318359e-01,6.376460939645767212e-02,-2.364513650536537170e-02,8.803746700286865234e-01,4.693776965141296387e-01,1.679202541708946228e-02,2.313486188650131226e-01,2.192159183323383331e-02,-1.329024910926818848e+00,5.492722988128662109e-01,-4.181943833827972412e-01,-2.088323980569839478e-02,1.321159482002258301e+00,6.434447169303894043e-01,4.511722624301910400e-01,1.611459851264953613e-01,-2.787858620285987854e-02,1.377382725477218628e-01,1.115000024437904358e-01,-1.466974020004272461e-01,7.890321314334869385e-02,1.394540965557098389e-01,4.630836471915245056e-02,-1.639270633459091187e-01,1.115000024437904358e-01,-1.188886538147926331e-01,1.208626944571733475e-02
-8.328851312398910522e-03,5.266341846436262131e-03,5.252534151077270508e-01,6.371477991342544556e-02,-2.357621863484382629e-02,8.804990053176879883e-01,4.691546559333801270e-01,1.668099686503410339e-02,2.313779890537261963e-01,2.239911258220672607e-02,-1.329329967498779297e+00,5.480133891105651855e-01,-4.186246097087860107e-01,-2.023520879447460175e-02,1.321679949760437012e+00,6.426770687103271484e-01,4.505722820758819580e-01,1.609110832214355469e-01,-2.793741784989833832e-02,1.369417011737823486e-01,1.115000024437904358e-01,-1.464681029319763184e-01,7.919945567846298218e-02,1.393754482269287109e-01,4.624436050653457642e-02,-1.641324758529663086e-01,1.115000024437904358e-01,-1.186490803956985474e-01,1.189009938389062881e-02
-8.347507566213607788e-03,5.163231864571571350e-03,5.252515673637390137e-01,6.371228396892547607e-02,-2.364585921168327332e-02,8.804921507835388184e-01,4.691643714904785156e-01,1.567256636917591095e-02,2.296854704618453979e-01,2.196588739752769470e-02,-1.329876780509948730e+00,5.480640530586242676e-01,-4.180136322975158691e-01,-2.088329195976257324e-02,1.321674704551696777e+00,6.431882381439208984e-01,4.495768547058105469e-01,1.608128845691680908e-01,-2.796920202672481537e-02,1.368967890739440918e-01,1.115000024437904358e-01,-1.464708894491195679e-01,7.954815030097961426e-02,1.392782628536224365e-01,4.623264446854591370e-02,-1.638475507497787476e-01,1.115000024437904358e-01,-1.183571144938468933e-01,1.173222903162240982e-02
-8.356430567800998688e-03,4.971372894942760468e-03,5.252251625061035156e-01,6.352647393941879272e-02,-2.375552617013454437e-02,8.803805708885192871e-01,4.693933725357055664e-01,1.488297060132026672e-02,2.291700541973114014e-01,2.143886312842369080e-02,-1.329996824264526367e+00,5.495769381523132324e-01,-4.185298383235931396e-01,-2.192628197371959686e-02,1.321434259414672852e+00,6.445124149322509766e-01,4.505402445793151855e-01,1.603163927793502808e-01,-2.782793715596199036e-02,1.378785371780395508e-01,1.115000024437904358e-01,-1.468616575002670288e-01,7.894061505794525146e-02,1.386134475469589233e-01,4.638256132602691650e-02,-1.638216078281402588e-01,1.115000024437904358e-01,-1.182203069329261780e-01,1.227035000920295715e-02
-8.284748531877994537e-03,4.889423493295907974e-03,5.252306461334228516e-01,6.356338411569595337e-02,-2.378473430871963501e-02,8.803877830505371094e-01,4.693732857704162598e-01,1.451826374977827072e-02,2.283813953399658203e-01,2.164138667285442352e-02,-1.330211758613586426e+00,5.505505204200744629e-01,-4.190828800201416016e-01,-2.216251939535140991e-02,1.321843385696411133e+00,6.450963616371154785e-01,4.500731527805328369e-01,1.601749956607818604e-01,-2.776146866381168365e-02,1.381290555000305176e-01,1.115000024437904358e-01,-1.468562483787536621e-01,7.879906892776489258e-02,1.384681761264801025e-01,4.642276465892791748e-02,-1.641016155481338501e-01,1.115000024437904358e-01,-1.179618835449218750e-01,1.216135732829570770e-02
-8.186805061995983124e-03,4.900239873677492142e-03,5.252377390861511230e-01,6.356791406869888306e-02,-2.368799597024917603e-02,8.804684281349182129e-01,4.692263603210449219e-01,1.496472768485546112e-02,2.281028628349304199e-01,2.180770598351955414e-02,-1.330210208892822266e+00,5.514289736747741699e-01,-4.191167354583740234e-01,-2.176937647163867950e-02,1.322533369064331055e+00,6.450006365776062012e-01,4.498321712017059326e-01,1.599023193120956421e-01,-2.772368490695953369e-02,1.380723267793655396e-01,1.115000024437904358e-01,-1.464334875345230103e-01,7.883080095052719116e-02,1.383026391267776489e-01,4.642772674560546875e-02,-1.643995046615600586e-01,1.115000024437904358e-01,-1.179330423474311829e-01,1.188830658793449402e-02
-8.138569071888923645e-03,4.749246407300233841e-03,5.252292156219482422e-01,6.340995430946350098e-02,-2.365249209105968475e-02,8.804330825805664062e-01,4.693157672882080078e-01,1.553539372980594635e-02,2.267712205648422241e-01,2.116896398365497589e-02,-1.330192804336547852e+00,5.528150200843811035e-01,-4.190867245197296143e-01,-2.266412600874900818e-02,1.322622418403625488e+00,6.450744867324829102e-01,4.493998587131500244e-01,1.592359840869903564e-01,-2.774338424205780029e-02,1.384219676256179810e-01,1.115000024437904358e-01,-1.466394662857055664e-01,7.886762917041778564e-02,1.375948190689086914e-01,4.642480984330177307e-02,-1.641480177640914917e-01,1.115000024437904358e-01,-1.176658198237419128e-01,1.173750311136245728e-02
-7.946580648422241211e-03,4.657270386815071106e-03,5.252796411514282227e-01,6.349238008260726929e-02,-2.359852939844131470e-02,8.804910778999328613e-01,4.691985845565795898e-01,1.584447920322418213e-02,2.243176102638244629e-01,2.042656019330024719e-02,-1.330358624458312988e+00,5.526705384254455566e-01,-4.185144901275634766e-01,-2.344149723649024963e-02,1.322741150856018066e+00,6.446994543075561523e-01,4.491024315357208252e-01,1.588823050260543823e-01,-2.767178602516651154e-02,1.380492746829986572e-01,1.115000024437904358e-01,-1.464390903711318970e-01,7.914158701896667480e-02,1.373158693313598633e-01,4.647641256451606750e-02,-1.643774509429931641e-01,1.115000024437904358e-01,-1.171667724847793579e-01,1.196783129125833511e-02
-7.834119722247123718e-03,4.550147335976362228e-03,5.252891778945922852e-01,6.338046491146087646e-02,-2.358623407781124115e-02,8.803642988204956055e-01,4.694521129131317139e-01,1.533231977373361588e-02,2.224561125040054321e-01,2.011146768927574158e-02,-1.330491304397583008e+00,5.545346140861511230e-01,-4.177783131599426270e-01,-2.398450113832950592e-02,1.323166131973266602e+00,6.445370316505432129e-01,4.496302902698516846e-01,1.584189236164093018e-01,-2.753791399300098419e-02,1.387419551610946655e-01,1.115000024437904358e-01,-1.462996453046798706e-01,7.861635833978652954e-02,1.366677582263946533e-01,4.661224782466888428e-02,-1.646800488233566284e-01,1.115000024437904358e-01,-1.170001551508903503e-01,1.254315022379159927e-02
-7.692937739193439484e-03,4.549583420157432556e-03,5.253080725669860840e-01,6.322687864303588867e-02,-2.346901036798954010e-02,8.803368210792541504e-01,4.695302546024322510e-01,1.556920912116765976e-02,2.198901772499084473e-01,2.005909010767936707e-02,-1.330464005470275879e+00,5.556756258010864258e-01,-4.179329574108123779e-01,-2.428687363862991333e-02,1.323657512664794922e+00,6.446918845176696777e-01,4.503488242626190186e-01,1.578363031148910522e-01,-2.734922058880329132e-02,1.387482583522796631e-01,1.115000024437904358e-01,-1.459529548883438110e-01,7.879965007305145264e-02,1.360377818346023560e-01,4.676622152328491211e-02,-1.655574142932891846e-01,1.115000024437904358e-01,-1.169655174016952515e-01,1.295936107635498047e-02
-7.498777471482753754e-03,4.582228139042854309e-03,5.253287553787231445e-01,6.301388889551162720e-02,-2.315210551023483276e-02,8.805186748504638672e-01,4.692335724830627441e-01,1.719174720346927643e-02,2.180609405040740967e-01,1.896754652261734009e-02,-1.330215215682983398e+00,5.573353767395019531e-01,-4.177534580230712891e-01,-2.479864284396171570e-02,1.323591589927673340e+00,6.457422375679016113e-01,4.502506256103515625e-01,1.567665040493011475e-01,-2.729538641870021820e-02,1.384558379650115967e-01,1.115000024437904358e-01,-1.454878449440002441e-01,7.879309356212615967e-02,1.352078020572662354e-01,4.677065089344978333e-02,-1.669452935457229614e-01,1.115000024437904358e-01,-1.171598881483078003e-01,1.309094298630952835e-02
-7.395488210022449493e-03,4.553940612822771072e-03,5.253518819808959961e-01,6.292018294334411621e-02,-2.298364415764808655e-02,8.806442618370056152e-01,4.690186679363250732e-01,1.887532882392406464e-02,2.152376323938369751e-01,1.808570884168148041e-02,-1.330263733863830566e+00,5.582786798477172852e-01,-4.173593223094940186e-01,-2.499900572001934052e-02,1.323725104331970215e+00,6.456172466278076172e-01,4.498176276683807373e-01,1.560974270105361938e-01,-2.733957953751087189e-02,1.379163563251495361e-01,1.115000024437904358e-01,-1.448620110750198364e-01,7.899487763643264771e-02,1.347250193357467651e-01,4.667583107948303223e-02,-1.678247451782226562e-01,1.115000024437904358e-01,-1.171346306800842285e-01,1.330733951181173325e-02
-7.352189626544713974e-03,4.239859990775585175e-03,5.253760218620300293e-01,6.288549304008483887e-02,-2.310761250555515289e-02,8.806814551353454590e-01,4.689473211765289307e-01,2.025893703103065491e-02,2.124870717525482178e-01,1.694488897919654846e-02,-1.331551074981689453e+00,5.578620433807373047e-01,-4.165045917034149170e-01,-2.628368139266967773e-02,1.323896646499633789e+00,6.451843380928039551e-01,4.480785727500915527e-01,1.554665416479110718e-01,-2.733929827809333801e-02,1.381048411130905151e-01,1.115000024437904358e-01,-1.451241075992584229e-01,7.877247780561447144e-02,1.341550946235656738e-01,4.663518071174621582e-02,-1.680148839950561523e-01,1.115000024437904358e-01,-1.164021864533424377e-01,1.393747236579656601e-02
-7.468620780855417252e-03,4.194588400423526764e-03,5.253854393959045410e-01,6.257179379463195801e-02,-2.311479113996028900e-02,8.807187676429748535e-01,4.689189195632934570e-01,2.056062966585159302e-02,2.108854502439498901e-01,1.663749106228351593e-02,-1.332090616226196289e+00,5.588443279266357422e-01,-4.162760674953460693e-01,-2.659957110881805420e-02,1.324045062065124512e+00,6.456196308135986328e-01,4.473582208156585693e-01,1.548898965120315552e-01,-2.726769633591175079e-02,1.382657736539840698e-01,1.115000024437904358e-01,-1.452077627182006836e-01,7.882566004991531372e-02,1.336014270782470703e-01,4.671013727784156799e-02,-1.684258580207824707e-01,1.115000024437904358e-01,-1.160602420568466187e-01,1.409110706299543381e-02
-7.313938345760107040e-03,4.037660546600818634e-03,5.253691673278808594e-01,6.259116530418395996e-02,-2.306181564927101135e-02,8.810535669326782227e-01,4.682895839214324951e-01,2.317446656525135040e-02,2.104055136442184448e-01,1.508088782429695129e-02,-1.332050800323486328e+00,5.598995089530944824e-01,-4.164999723434448242e-01,-2.676779218018054962e-02,1.323897957801818848e+00,6.461178064346313477e-01,4.470970332622528076e-01,1.541009098291397095e-01,-2.716499753296375275e-02,1.377393752336502075e-01,1.115000024437904358e-01,-1.449485272169113159e-01,7.844015955924987793e-02,1.332927495241165161e-01,4.672067984938621521e-02,-1.696926653385162354e-01,1.115000024437904358e-01,-1.160400211811065674e-01,1.390052586793899536e-02
-7.354378234595060349e-03,4.026646260172128677e-03,5.253488421440124512e-01,6.246959790587425232e-02,-2.314117178320884705e-02,8.811468482017517090e-01,4.681263864040374756e-01,2.561946585774421692e-02,2.100083231925964355e-01,1.470685563981533051e-02,-1.331914901733398438e+00,5.595187544822692871e-01,-4.161781072616577148e-01,-2.676667645573616028e-02,1.324042081832885742e+00,6.460216641426086426e-01,4.458618164062500000e-01,1.538727283477783203e-01,-2.694880589842796326e-02,1.370990723371505737e-01,1.115000024437904358e-01,-1.450783759355545044e-01,7.861904054880142212e-02,1.332252025604248047e-01,4.695587977766990662e-02,-1.699307262897491455e-01,1.115000024437904358e-01,-1.160278022289276123e-01,1.388912927359342575e-02
-7.434638682752847672e-03,3.743934445083141327e-03,5.253087282180786133e-01,6.232361495494842529e-02,-2.337829209864139557e-02,8.808720707893371582e-01,4.686507880687713623e-01,2.681001462042331696e-02,2.095590531826019287e-01,1.441706065088510513e-02,-1.332402348518371582e+00,5.586105585098266602e-01,-4.164948463439941406e-01,-2.813440561294555664e-02,1.323619961738586426e+00,6.458356380462646484e-01,4.457379281520843506e-01,1.536107361316680908e-01,-2.691233716905117035e-02,1.378497928380966187e-01,1.115000024437904358e-01,-1.457871198654174805e-01,7.866916060447692871e-02,1.325727999210357666e-01,4.701980203390121460e-02,-1.693160980939865112e-01,1.115000024437904358e-01,-1.156360879540443420e-01,1.422579307109117508e-02
-7.487115450203418732e-03,3.898402443155646324e-03,5.253037214279174805e-01,6.211493536829948425e-02,-2.314965985715389252e-02,8.810721635818481445e-01,4.683136940002441406e-01,2.947700768709182739e-02,2.098425924777984619e-01,1.436126790940761566e-02,-1.332272291183471680e+00,5.598080754280090332e-01,-4.171544313430786133e-01,-2.684714086353778839e-02,1.323425769805908203e+00,6.466386318206787109e-01,4.470073282718658447e-01,1.531619429588317871e-01,-2.702781558036804199e-02,1.371243298053741455e-01,1.115000024437904358e-01,-1.456577628850936890e-01,7.858418673276901245e-02,1.323793828487396240e-01,4.692528024315834045e-02,-1.699556410312652588e-01,1.115000024437904358e-01,-1.161547526717185974e-01,1.419448200613260269e-02
-7.621753960847854614e-03,3.980556037276983261e-03,5.253295898437500000e-01,6.203597784042358398e-02,-2.304686978459358215e-02,8.812845945358276367e-01,4.679293036460876465e-01,3.043107502162456512e-02,2.104565352201461792e-01,1.376822311431169510e-02,-1.332125663757324219e+00,5.601392984390258789e-01,-4.162584841251373291e-01,-2.639915421605110168e-02,1.323129653930664062e+00,6.468042135238647461e-01,4.453359246253967285e-01,1.530408710241317749e-01,-2.725271694362163544e-02,1.363808512687683105e-01,1.115000024437904358e-01,-1.456276476383209229e-01,7.899346202611923218e-02,1.325641274452209473e-01,4.668712615966796875e-02,-1.700638830661773682e-01,1.115000024437904358e-01,-1.160379573702812195e-01,1.380326040089130402e-02
-7.655570283532142639e-03,3.762150648981332779e-03,5.252923965454101562e-01,6.220937892794609070e-02,-2.325386740267276764e-02,8.812170028686523438e-01,4.680233597755432129e-01,3.033674694597721100e-02,2.112324088811874390e-01,1.327726244926452637e-02,-1.332552790641784668e+00,5.605059266090393066e-01,-4.162212908267974854e-01,-2.705955319106578827e-02,1.322231411933898926e+00,6.464040875434875488e-01,4.456858336925506592e-01,1.532744169235229492e-01,-2.737143076956272125e-02,1.367539763450622559e-01,1.115000024437904358e-01,-1.462194770574569702e-01,7.873132079839706421e-02,1.327100098133087158e-01,4.656203463673591614e-02,-1.695798784494400024e-01,1.115000024437904358e-01,-1.158631220459938049e-01,1.365007925778627396e-02
-7.460463792085647583e-03,3.852357622236013412e-03,5.252875089645385742e-01,6.245186924934387207e-02,-2.307789213955402374e-02,8.815662264823913574e-01,4.673416316509246826e-01,3.096068091690540314e-02,2.127356231212615967e-01,1.243990194052457809e-02,-1.332084298133850098e+00,5.624033808708190918e-01,-4.162190556526184082e-01,-2.615701593458652496e-02,1.322327613830566406e+00,6.464527845382690430e-01,4.460940957069396973e-01,1.532126218080520630e-01,-2.738936245441436768e-02,1.358079910278320312e-01,1.115000024437904358e-01,-1.456981450319290161e-01,7.853084802627563477e-02,1.331459432840347290e-01,4.651928693056106567e-02,-1.702412813901901245e-01,1.115000024437904358e-01,-1.162780225276947021e-01,1.298148743808269501e-02
-7.526299450546503067e-03,3.781659062951803207e-03,5.252505540847778320e-01,6.251558661460876465e-02,-2.315929159522056580e-02,8.815543055534362793e-01,4.673515260219573975e-01,3.258870169520378113e-02,2.132684886455535889e-01,1.271200180053710938e-02,-1.332423448562622070e+00,5.613529682159423828e-01,-4.169223606586456299e-01,-2.596912160515785217e-02,1.322073936462402344e+00,6.457295417785644531e-01,4.464064836502075195e-01,1.533566564321517944e-01,-2.756317332386970520e-02,1.350772231817245483e-01,1.115000024437904358e-01,-1.461282223463058472e-01,7.866515219211578369e-02,1.333205252885818481e-01,4.642441496253013611e-02,-1.694536805152893066e-01,1.115000024437904358e-01,-1.163930892944335938e-01,1.264881249517202377e-02
-7.573730777949094772e-03,3.846546402201056480e-03,5.252392292022705078e-01,6.254196166992187500e-02,-2.310137450695037842e-02,8.814890980720520020e-01,4.674738347530364990e-01,3.247291222214698792e-02,2.127239853143692017e-01,1.312414277344942093e-02,-1.332610964775085449e+00,5.608193278312683105e-01,-4.171733558177947998e-01,-2.600387111306190491e-02,1.321425437927246094e+00,6.458877921104431152e-01,4.474010765552520752e-01,1.535945385694503784e-01,-2.776408754289150238e-02,1.351424008607864380e-01,1.115000024437904358e-01,-1.464448571205139160e-01,7.878046482801437378e-02,1.334793716669082642e-01,4.628681764006614685e-02,-1.691034138202667236e-01,1.115000024437904358e-01,-1.167740300297737122e-01,1.269989460706710815e-02
-7.674000225961208344e-03,4.034797661006450653e-03,5.252445340156555176e-01,6.246398761868476868e-02,-2.298248372972011566e-02,8.816465139389038086e-01,4.671932160854339600e-01,3.308201953768730164e-02,2.130877524614334106e-01,1.370174158364534378e-02,-1.332786440849304199e+00,5.603652596473693848e-01,-4.172537326812744141e-01,-2.492479793727397919e-02,1.321646809577941895e+00,6.459288001060485840e-01,4.470782876014709473e-01,1.536770761013031006e-01,-2.785043790936470032e-02,1.345084458589553833e-01,1.115000024437904358e-01,-1.464332342147827148e-01,7.884787023067474365e-02,1.337847262620925903e-01,4.625431820750236511e-02,-1.688151210546493530e-01,1.115000024437904358e-01,-1.170512586832046509e-01,1.235397998243570328e-02
-7.643955294042825699e-03,3.924511838704347610e-03,5.252624154090881348e-01,6.273964792490005493e-02,-2.301292121410369873e-02,8.817740082740783691e-01,4.669140577316284180e-01,3.484842926263809204e-02,2.128924429416656494e-01,1.364711020141839981e-02,-1.333155989646911621e+00,5.585544109344482422e-01,-4.179460406303405762e-01,-2.488308399915695190e-02,1.321138262748718262e+00,6.463631391525268555e-01,4.473167359828948975e-01,1.538821905851364136e-01,-2.812162227928638458e-02,1.340201199054718018e-01,1.115000024437904358e-01,-1.464312523603439331e-01,7.891973853111267090e-02,1.341958791017532349e-01,4.591087996959686279e-02,-1.692310124635696411e-01,1.115000024437904358e-01,-1.169223412871360779e-01,1.243660692125558853e-02
-7.562034763395786285e-03,4.107761662453413010e-03,5.252707004547119141e-01,6.297267228364944458e-02,-2.288368344306945801e-02,8.817518949508666992e-01,4.669307768344879150e-01,3.451069444417953491e-02,2.117456346750259399e-01,1.423791889101266861e-02,-1.332691311836242676e+00,5.580307841300964355e-01,-4.179438650608062744e-01,-2.440547570586204529e-02,1.321745514869689941e+00,6.464303731918334961e-01,4.473430514335632324e-01,1.544690132141113281e-01,-2.825726382434368134e-02,1.340450644493103027e-01,1.115000024437904358e-01,-1.460715085268020630e-01,7.889232039451599121e-02,1.347537934780120850e-01,4.574967548251152039e-02,-1.698078960180282593e-01,1.115000024437904358e-01,-1.173927038908004761e-01,1.216259319335222244e-02
-7.534506265074014664e-03,4.181830212473869324e-03,5.252406597137451172e-01,6.312134861946105957e-02,-2.290566824376583099e-02,8.817909955978393555e-01,4.668358266353607178e-01,3.446356952190399170e-02,2.107016742229461670e-01,1.436571963131427765e-02,-1.332373142242431641e+00,5.574519634246826172e-01,-4.179404079914093018e-01,-2.447869628667831421e-02,1.322244882583618164e+00,6.475756168365478516e-01,4.455587565898895264e-01,1.548440009355545044e-01,-2.819718047976493835e-02,1.339258402585983276e-01,1.115000024437904358e-01,-1.458254456520080566e-01,7.911287248134613037e-02,1.352434009313583374e-01,4.578046128153800964e-02,-1.702658683061599731e-01,1.115000024437904358e-01,-1.177955195307731628e-01,1.177073456346988678e-02
-7.625894155353307724e-03,4.271438345313072205e-03,5.252370238304138184e-01,6.324303895235061646e-02,-2.293377555906772614e-02,8.817233443260192871e-01,4.669457077980041504e-01,3.502665087580680847e-02,2.092107981443405151e-01,1.474950276315212250e-02,-1.332730650901794434e+00,5.583388209342956543e-01,-4.173885881900787354e-01,-2.395492605865001678e-02,1.322586894035339355e+00,6.477832198143005371e-01,4.452115595340728760e-01,1.554409712553024292e-01,-2.836127020418643951e-02,1.339556127786636353e-01,1.115000024437904358e-01,-1.459340900182723999e-01,7.926287502050399780e-02,1.357832103967666626e-01,4.561319947242736816e-02,-1.705240458250045776e-01,1.115000024437904358e-01,-1.180610507726669312e-01,1.173813734203577042e-02
-7.560829166322946548e-03,4.164541605859994888e-03,5.252389907836914062e-01,6.356095522642135620e-02,-2.298562787473201752e-02,8.816535472869873047e-01,4.670317769050598145e-01,3.583208099007606506e-02,2.083039283752441406e-01,1.458276528865098953e-02,-1.332859158515930176e+00,5.582996010780334473e-01,-4.176304042339324951e-01,-2.406281977891921997e-02,1.322500467300415039e+00,6.483277678489685059e-01,4.456830024719238281e-01,1.558540314435958862e-01,-2.861386351287364960e-02,1.338788717985153198e-01,1.115000024437904358e-01,-1.458493620157241821e-01,7.949778437614440918e-02,1.361476480960845947e-01,4.528622701764106750e-02,-1.708552390336990356e-01,1.115000024437904358e-01,-1.181447952985763550e-01,1.200851146131753922e-02
-7.551032584160566330e-03,4.176136571913957596e-03,5.252317190170288086e-01,6.377024203538894653e-02,-2.295539155602455139e-02,8.816679716110229492e-01,4.669774770736694336e-01,3.706297278404235840e-02,2.065101414918899536e-01,1.479244325309991837e-02,-1.332967519760131836e+00,5.576543807983398438e-01,-4.191279709339141846e-01,-2.356048300862312317e-02,1.322422742843627930e+00,6.494890451431274414e-01,4.467814564704895020e-01,1.562349498271942139e-01,-2.888007275760173798e-02,1.337023079395294189e-01,1.115000024437904358e-01,-1.457664519548416138e-01,7.949252426624298096e-02,1.365493834018707275e-01,4.500106722116470337e-02,-1.711281090974807739e-01,1.115000024437904358e-01,-1.184132173657417297e-01,1.184380427002906799e-02
-7.692887913435697556e-03,4.137661773711442947e-03,5.252375602722167969e-01,6.390280276536941528e-02,-2.300939150154590607e-02,8.816627264022827148e-01,4.669665992259979248e-01,3.780682757496833801e-02,2.051875889301300049e-01,1.493871677666902542e-02,-1.333220839500427246e+00,5.567656755447387695e-01,-4.203417301177978516e-01,-2.373266033828258514e-02,1.321788549423217773e+00,6.511041522026062012e-01,4.459016621112823486e-01,1.566558927297592163e-01,-2.925064787268638611e-02,1.336519569158554077e-01,1.115000024437904358e-01,-1.462640613317489624e-01,7.949899137020111084e-02,1.369936615228652954e-01,4.463983327150344849e-02,-1.708523929119110107e-01,1.115000024437904358e-01,-1.184261068701744080e-01,1.195753738284111023e-02
-7.560807745903730392e-03,4.087128676474094391e-03,5.252140760421752930e-01,6.405665725469589233e-02,-2.287810854613780975e-02,8.817397952079772949e-01,4.668065011501312256e-01,3.714460134506225586e-02,2.041978985071182251e-01,1.437537837773561478e-02,-1.333064317703247070e+00,5.557244420051574707e-01,-4.213549196720123291e-01,-2.397628501057624817e-02,1.321183323860168457e+00,6.528702378273010254e-01,4.467466473579406738e-01,1.565129160881042480e-01,-2.946525067090988159e-02,1.337726414203643799e-01,1.115000024437904358e-01,-1.465043574571609497e-01,7.910060137510299683e-02,1.369483619928359985e-01,4.439962282776832581e-02,-1.711741536855697632e-01,1.115000024437904358e-01,-1.189322471618652344e-01,1.198243070393800735e-02
-7.502397056668996811e-03,4.160992335528135300e-03,5.251896381378173828e-01,6.423282623291015625e-02,-2.281334996223449707e-02,8.817686438560485840e-01,4.667309522628784180e-01,3.653974086046218872e-02,2.027620226144790649e-01,1.449285075068473816e-02,-1.332881808280944824e+00,5.547433495521545410e-01,-4.220946729183197021e-01,-2.377978339791297913e-02,1.321025490760803223e+00,6.541712880134582520e-01,4.471874237060546875e-01,1.568413227796554565e-01,-2.958234027028083801e-02,1.337106227874755859e-01,1.115000024437904358e-01,-1.466593146324157715e-01,7.877875119447708130e-02,1.373365372419357300e-01,4.429465532302856445e-02,-1.713640391826629639e-01,1.115000024437904358e-01,-1.195878684520721436e-01,1.207380928099155426e-02
-7.305439095944166183e-03,4.155184142291545868e-03,5.252101421356201172e-01,6.452569365501403809e-02,-2.265193685889244080e-02,8.818523287773132324e-01,4.665403068065643311e-01,3.581380471587181091e-02,2.015107423067092896e-01,1.414339337497949600e-02,-1.333339929580688477e+00,5.539923906326293945e-01,-4.217964708805084229e-01,-2.377929165959358215e-02,1.321277260780334473e+00,6.545008420944213867e-01,4.476434588432312012e-01,1.569170504808425903e-01,-2.982161939144134521e-02,1.334153562784194946e-01,1.115000024437904358e-01,-1.462008804082870483e-01,7.879580557346343994e-02,1.375387012958526611e-01,4.396990686655044556e-02,-1.721842437982559204e-01,1.115000024437904358e-01,-1.198550313711166382e-01,1.216461695730686188e-02
-7.212206255644559860e-03,4.037185572087764740e-03,5.251977443695068359e-01,6.484086066484451294e-02,-2.262483164668083191e-02,8.820862770080566406e-01,4.660553634166717529e-01,3.656600415706634521e-02,2.014229148626327515e-01,1.370456721633672714e-02,-1.334282875061035156e+00,5.526329874992370605e-01,-4.224773943424224854e-01,-2.334431931376457214e-02,1.321184039115905762e+00,6.535336971282958984e-01,4.476675093173980713e-01,1.569284647703170776e-01,-3.012941032648086548e-02,1.322579830884933472e-01,1.115000024437904358e-01,-1.454602032899856567e-01,7.948087900876998901e-02,1.379298865795135498e-01,4.361692070960998535e-02,-1.727314740419387817e-01,1.115000024437904358e-01,-1.200752705335617065e-01,1.204590406268835068e-02
-7.336716167628765106e-03,4.130501765757799149e-03,5.252057313919067383e-01,6.495086848735809326e-02,-2.257890999317169189e-02,8.822972774505615234e-01,4.656426310539245605e-01,3.748012706637382507e-02,2.023380398750305176e-01,1.421708054840564728e-02,-1.335028052330017090e+00,5.517946481704711914e-01,-4.230632185935974121e-01,-2.194801717996597290e-02,1.321102023124694824e+00,6.527215838432312012e-01,4.473374187946319580e-01,1.572537422180175781e-01,-3.041835129261016846e-02,1.317373365163803101e-01,1.115000024437904358e-01,-1.454423367977142334e-01,7.947301119565963745e-02,1.385671496391296387e-01,4.333355650305747986e-02,-1.731268912553787231e-01,1.115000024437904358e-01,-1.204037293791770935e-01,1.213564164936542511e-02
-7.185290101915597916e-03,4.165193531662225723e-03,5.252357721328735352e-01,6.530692428350448608e-02,-2.252851426601409912e-02,8.823623657226562500e-01,4.654718935489654541e-01,3.728242218494415283e-02,2.012542784214019775e-01,1.421997230499982834e-02,-1.335453867912292480e+00,5.509281754493713379e-01,-4.225310385227203369e-01,-2.173261716961860657e-02,1.321488261222839355e+00,6.518907546997070312e-01,4.468136131763458252e-01,1.577239036560058594e-01,-3.055410087108612061e-02,1.310807168483734131e-01,1.115000024437904358e-01,-1.446169763803482056e-01,7.980767637491226196e-02,1.391095072031021118e-01,4.314710199832916260e-02,-1.735885143280029297e-01,1.115000024437904358e-01,-1.204857155680656433e-01,1.224072370678186417e-02
-7.215240038931369781e-03,4.288368858397006989e-03,5.252804756164550781e-01,6.532486528158187866e-02,-2.241049148142337799e-02,8.825565576553344727e-01,4.651067852973937988e-01,3.674994036555290222e-02,2.016651481389999390e-01,1.425454765558242798e-02,-1.336328864097595215e+00,5.496925711631774902e-01,-4.219152331352233887e-01,-2.098970301449298859e-02,1.321689009666442871e+00,6.508669257164001465e-01,4.459631145000457764e-01,1.577323377132415771e-01,-3.066221810877323151e-02,1.304528564214706421e-01,1.115000024437904358e-01,-1.442280709743499756e-01,7.999452948570251465e-02,1.393984556198120117e-01,4.303435236215591431e-02,-1.739086508750915527e-01,1.115000024437904358e-01,-1.204843521118164062e-01,1.241828408092260361e-02
-7.332075387239456177e-03,4.350739065557718277e-03,5.253154039382934570e-01,6.524056196212768555e-02,-2.236681804060935974e-02,8.827222585678100586e-01,4.648061990737915039e-01,3.549778088927268982e-02,2.006593942642211914e-01,1.379875000566244125e-02,-1.337883830070495605e+00,5.490911006927490234e-01,-4.204095602035522461e-01,-2.089012227952480316e-02,1.322080492973327637e+00,6.501142382621765137e-01,4.433788955211639404e-01,1.576731503009796143e-01,-3.078600950539112091e-02,1.298681199550628662e-01,1.115000024437904358e-01,-1.439522951841354370e-01,8.021233230829238892e-02,1.395491957664489746e-01,4.295245185494422913e-02,-1.738112717866897583e-01,1.115000024437904358e-01,-1.201632767915725708e-01,1.215090882033109665e-02
-7.281612139195203781e-03,4.659210331737995148e-03,5.253511667251586914e-01,6.527944654226303101e-02,-2.212192118167877197e-02,8.830021023750305176e-01,4.642806053161621094e-01,3.519604355096817017e-02,2.004278749227523804e-01,1.353724207729101181e-02,-1.337993860244750977e+00,5.492828488349914551e-01,-4.196565747261047363e-01,-1.932176016271114349e-02,1.322370886802673340e+00,6.496437788009643555e-01,4.435349702835083008e-01,1.578015536069869995e-01,-3.073720633983612061e-02,1.291752904653549194e-01,1.115000024437904358e-01,-1.431763768196105957e-01,7.996027916669845581e-02,1.400516629219055176e-01,4.294126853346824646e-02,-1.753169447183609009e-01,1.115000024437904358e-01,-1.206842139363288879e-01,1.214986294507980347e-02
-7.193762343376874924e-03,4.765493329614400864e-03,5.253810286521911621e-01,6.538768112659454346e-02,-2.187835238873958588e-02,8.832798600196838379e-01,4.637482762336730957e-01,3.459979221224784851e-02,2.009391784667968750e-01,1.314050238579511642e-02,-1.339216828346252441e+00,5.491762161254882812e-01,-4.192664921283721924e-01,-1.865607313811779022e-02,1.322977304458618164e+00,6.483802199363708496e-01,4.437388181686401367e-01,1.576213538646697998e-01,-3.094972111284732819e-02,1.286883950233459473e-01,1.115000024437904358e-01,-1.426218450069427490e-01,7.946127653121948242e-02,1.402575224637985229e-01,4.264144226908683777e-02,-1.763314157724380493e-01,1.115000024437904358e-01,-1.209137737751007080e-01,1.187756750732660294e-02
-7.097265217453241348e-03,4.802051931619644165e-03,5.254091620445251465e-01,6.545862555503845215e-02,-2.170421369373798370e-02,8.834000825881958008e-01,4.635173976421356201e-01,3.330682963132858276e-02,2.009997665882110596e-01,1.254249177873134613e-02,-1.340367317199707031e+00,5.489924550056457520e-01,-4.186539351940155029e-01,-1.868576742708683014e-02,1.323355555534362793e+00,6.469063162803649902e-01,4.443763196468353271e-01,1.574310064315795898e-01,-3.112254850566387177e-02,1.283750087022781372e-01,1.115000024437904358e-01,-1.418103575706481934e-01,7.931726425886154175e-02,1.402276307344436646e-01,4.242563247680664062e-02,-1.770633310079574585e-01,1.115000024437904358e-01,-1.209879070520401001e-01,1.184994727373123169e-02
-7.010867819190025330e-03,4.859354812651872635e-03,5.254335403442382812e-01,6.551772356033325195e-02,-2.148175053298473358e-02,8.835604786872863770e-01,4.632135629653930664e-01,3.255078196525573730e-02,2.012198567390441895e-01,1.214426755905151367e-02,-1.341770887374877930e+00,5.485601425170898438e-01,-4.178974926471710205e-01,-1.850118674337863922e-02,1.323733091354370117e+00,6.452682614326477051e-01,4.448209404945373535e-01,1.571915000677108765e-01,-3.138237819075584412e-02,1.277195960283279419e-01,1.115000024437904358e-01,-1.411871761083602905e-01,7.907740026712417603e-02,1.402018666267395020e-01,4.215202853083610535e-02,-1.778234541416168213e-01,1.115000024437904358e-01,-1.212363168597221375e-01,1.188500039279460907e-02
-6.983013823628425598e-03,4.934007301926612854e-03,5.254598855972290039e-01,6.537804752588272095e-02,-2.129207365214824677e-02,8.837208151817321777e-01,4.629361033439636230e-01,3.028469346463680267e-02,2.027234286069869995e-01,1.139985863119363785e-02,-1.342745661735534668e+00,5.479645729064941406e-01,-4.173968434333801270e-01,-1.847394369542598724e-02,1.323796749114990234e+00,6.437791585922241211e-01,4.449157118797302246e-01,1.566953212022781372e-01,-3.143664821982383728e-02,1.272132843732833862e-01,1.115000024437904358e-01,-1.404363363981246948e-01,7.895702868700027466e-02,1.399077773094177246e-01,4.209370166063308716e-02,-1.782645136117935181e-01,1.115000024437904358e-01,-1.211064457893371582e-01,1.145087461918592453e-02
-6.956747267395257950e-03,5.100418813526630402e-03,5.255017280578613281e-01,6.516796350479125977e-02,-2.107034623622894287e-02,8.839532732963562012e-01,4.625318944454193115e-01,2.920558489859104156e-02,2.035749852657318115e-01,1.060332637280225754e-02,-1.343712687492370605e+00,5.466612577438354492e-01,-4.165254533290863037e-01,-1.793731749057769775e-02,1.324374198913574219e+00,6.417061686515808105e-01,4.446718394756317139e-01,1.561530679464340210e-01,-3.136228770017623901e-02,1.260080337524414062e-01,1.115000024437904358e-01,-1.393853574991226196e-01,7.914441823959350586e-02,1.396731138229370117e-01,4.219545051455497742e-02,-1.789184659719467163e-01,1.115000024437904358e-01,-1.209362521767616272e-01,1.097559742629528046e-02
-6.980782374739646912e-03,5.185668356716632843e-03,5.255514383316040039e-01,6.503111869096755981e-02,-2.090973034501075745e-02,8.841783404350280762e-01,4.621280729770660400e-01,2.756381966173648834e-02,2.038507163524627686e-01,9.992574341595172882e-03,-1.345164418220520020e+00,5.453392267227172852e-01,-4.155915379524230957e-01,-1.750099286437034607e-02,1.325130224227905273e+00,6.390845179557800293e-01,4.434152543544769287e-01,1.557348221540451050e-01,-3.142166882753372192e-02,1.253385990858078003e-01,1.115000024437904358e-01,-1.386548578739166260e-01,7.910706847906112671e-02,1.395721882581710815e-01,4.213033244013786316e-02,-1.794772595167160034e-01,1.115000024437904358e-01,-1.207011491060256958e-01,1.090918760746717453e-02
-6.921029184013605118e-03,5.268142092972993851e-03,5.255870223045349121e-01,6.475269049406051636e-02,-2.063262648880481720e-02,8.844504952430725098e-01,4.616586565971374512e-01,2.696776576340198517e-02,2.046381682157516479e-01,8.992094546556472778e-03,-1.345782399177551270e+00,5.434182286262512207e-01,-4.158496558666229248e-01,-1.735961064696311951e-02,1.325352668762207031e+00,6.373739242553710938e-01,4.430581033229827881e-01,1.547740995883941650e-01,-3.139363601803779602e-02,1.247131079435348511e-01,1.115000024437904358e-01,-1.379553675651550293e-01,7.922380417585372925e-02,1.389748156070709229e-01,4.213730618357658386e-02,-1.803540289402008057e-01,1.115000024437904358e-01,-1.205589473247528076e-01,1.055040396749973297e-02
-7.102753035724163055e-03,5.399403627961874008e-03,5.256313085556030273e-01,6.431049853563308716e-02,-2.038641460239887238e-02,8.846227526664733887e-01,4.614013135433197021e-01,2.618608064949512482e-02,2.061678022146224976e-01,8.876967243850231171e-03,-1.346745729446411133e+00,5.414413809776306152e-01,-4.160961508750915527e-01,-1.668325997889041901e-02,1.325533032417297363e+00,6.345044970512390137e-01,4.425930380821228027e-01,1.540126651525497437e-01,-3.159227967262268066e-02,1.242869645357131958e-01,1.115000024437904358e-01,-1.377269476652145386e-01,7.968515157699584961e-02,1.384367793798446655e-01,4.196812584996223450e-02,-1.810684502124786377e-01,1.115000024437904358e-01,-1.204622536897659302e-01,1.063890475779771805e-02
-7.142051588743925095e-03,5.426605697721242905e-03,5.256581306457519531e-01,6.383097916841506958e-02,-2.007239125669002533e-02,8.849374651908874512e-01,4.608778655529022217e-01,2.640060707926750183e-02,2.069446891546249390e-01,7.780332118272781372e-03,-1.347925901412963867e+00,5.406015515327453613e-01,-4.161697030067443848e-01,-1.637200452387332916e-02,1.325872778892517090e+00,6.317951083183288574e-01,4.420037567615509033e-01,1.526218354701995850e-01,-3.167793899774551392e-02,1.239481419324874878e-01,1.115000024437904358e-01,-1.373491734266281128e-01,7.945042103528976440e-02,1.374415159225463867e-01,4.186946153640747070e-02,-1.819258034229278564e-01,1.115000024437904358e-01,-1.203927174210548401e-01,1.061277836561203003e-02
-7.100781425833702087e-03,5.460706073790788651e-03,5.257042050361633301e-01,6.352438032627105713e-02,-1.974003203213214874e-02,8.851946592330932617e-01,4.604403972625732422e-01,2.567206881940364838e-02,2.076119780540466309e-01,6.997974123805761337e-03,-1.348972082138061523e+00,5.384559631347656250e-01,-4.162673950195312500e-01,-1.614812575280666351e-02,1.326232314109802246e+00,6.283493041992187500e-01,4.421884119510650635e-01,1.515054404735565186e-01,-3.185302391648292542e-02,1.236237734556198120e-01,1.115000024437904358e-01,-1.368784308433532715e-01,7.940958440303802490e-02,1.366330087184906006e-01,4.169435799121856689e-02,-1.823876947164535522e-01,1.115000024437904358e-01,-1.201717481017112732e-01,1.037040725350379944e-02
-7.153504528105258942e-03,5.485612433403730392e-03,5.257728099822998047e-01,6.307421624660491943e-02,-1.936263218522071838e-02,8.853461742401123047e-01,4.602270126342773438e-01,2.592437714338302612e-02,2.094288319349288940e-01,6.306860130280256271e-03,-1.349820971488952637e+00,5.377922654151916504e-01,-4.162716865539550781e-01,-1.663180254399776459e-02,1.326260209083557129e+00,6.255511641502380371e-01,4.416731595993041992e-01,1.502505242824554443e-01,-3.219659999012947083e-02,1.238547638058662415e-01,1.115000024437904358e-01,-1.364689767360687256e-01,7.932715862989425659e-02,1.355285644531250000e-01,4.138006269931793213e-02,-1.821769922971725464e-01,1.115000024437904358e-01,-1.196299493312835693e-01,1.000485569238662720e-02
-7.115662097930908203e-03,5.456435494124889374e-03,5.258719921112060547e-01,6.260951608419418335e-02,-1.893030479550361633e-02,8.855006694793701172e-01,4.600111246109008789e-01,2.548752725124359131e-02,2.117549628019332886e-01,5.695085972547531128e-03,-1.351174235343933105e+00,5.369771122932434082e-01,-4.157839417457580566e-01,-1.669842936098575592e-02,1.326824069023132324e+00,6.218778491020202637e-01,4.420738220214843750e-01,1.486774235963821411e-01,-3.251900151371955872e-02,1.240957677364349365e-01,1.115000024437904358e-01,-1.356406211853027344e-01,7.952461391687393188e-02,1.340804994106292725e-01,4.103086888790130615e-02,-1.822251975536346436e-01,1.115000024437904358e-01,-1.188474297523498535e-01,1.002929266542196274e-02
-7.010521832853555679e-03,5.520783830434083939e-03,5.258960723876953125e-01,6.213867664337158203e-02,-1.848927699029445648e-02,8.857364654541015625e-01,4.596388339996337891e-01,2.576068416237831116e-02,2.144373804330825806e-01,5.023488309234380722e-03,-1.351548075675964355e+00,5.354892611503601074e-01,-4.160549938678741455e-01,-1.643971912562847137e-02,1.327161908149719238e+00,6.194927692413330078e-01,4.431977570056915283e-01,1.471019685268402100e-01,-3.258042037487030029e-02,1.240622922778129578e-01,1.115000024437904358e-01,-1.347315907478332520e-01,7.936085015535354614e-02,1.327584087848663330e-01,4.098493233323097229e-02,-1.823327094316482544e-01,1.115000024437904358e-01,-1.187198013067245483e-01,9.293755516409873962e-03
-7.042283192276954651e-03,5.488287657499313354e-03,5.259466767311096191e-01,6.138062849640846252e-02,-1.807657256722450256e-02,8.859121203422546387e-01,4.594184756278991699e-01,2.565904892981052399e-02,2.186357229948043823e-01,4.496925044804811478e-03,-1.352436542510986328e+00,5.339233875274658203e-01,-4.166290760040283203e-01,-1.646309904754161835e-02,1.327068805694580078e+00,6.165229678153991699e-01,4.447064697742462158e-01,1.450111120939254761e-01,-3.267905488610267639e-02,1.242856606841087341e-01,1.115000024437904358e-01,-1.339423358440399170e-01,7.961998879909515381e-02,1.308480054140090942e-01,4.087359830737113953e-02,-1.824577450752258301e-01,1.115000024437904358e-01,-1.179820299148559570e-01,8.683776482939720154e-03
-6.962924730032682419e-03,5.458245519548654556e-03,5.260077714920043945e-01,6.056352332234382629e-02,-1.761727407574653625e-02,8.861659169197082520e-01,4.590551555156707764e-01,2.451819926500320435e-02,2.236544936895370483e-01,3.391860751435160637e-03,-1.352501034736633301e+00,5.316651463508605957e-01,-4.168406128883361816e-01,-1.675160787999629974e-02,1.326755642890930176e+00,6.134889125823974609e-01,4.461646080017089844e-01,1.425640136003494263e-01,-3.256195411086082458e-02,1.244119927287101746e-01,1.115000024437904358e-01,-1.330224722623825073e-01,8.022779226303100586e-02,1.286554187536239624e-01,4.096153378486633301e-02,-1.829400360584259033e-01,1.115000024437904358e-01,-1.172706186771392822e-01,8.515079505741596222e-03
-7.139319553971290588e-03,5.425803363323211670e-03,5.261179804801940918e-01,5.961996689438819885e-02,-1.719333790242671967e-02,8.864734768867492676e-01,4.586007297039031982e-01,2.334067970514297485e-02,2.301266789436340332e-01,2.549828495830297470e-03,-1.353552460670471191e+00,5.298807024955749512e-01,-4.172810018062591553e-01,-1.680428907275199890e-02,1.326216220855712891e+00,6.101729869842529297e-01,4.459035694599151611e-01,1.401759833097457886e-01,-3.272417560219764709e-02,1.243762448430061340e-01,1.115000024437904358e-01,-1.319080144166946411e-01,8.091431111097335815e-02,1.266178041696548462e-01,4.080468043684959412e-02,-1.828015595674514771e-01,1.115000024437904358e-01,-1.159206330776214600e-01,8.207669481635093689e-03
-7.350292522460222244e-03,5.259279627352952957e-03,5.261986851692199707e-01,5.859815701842308044e-02,-1.695551350712776184e-02,8.865088224411010742e-01,4.586729109287261963e-01,2.074528299272060394e-02,2.386291474103927612e-01,2.022904809564352036e-03,-1.354643821716308594e+00,5.283184647560119629e-01,-4.175559878349304199e-01,-1.752058602869510651e-02,1.325821042060852051e+00,6.069120764732360840e-01,4.458027184009552002e-01,1.378349512815475464e-01,-3.274473547935485840e-02,1.246805340051651001e-01,1.115000024437904358e-01,-1.308571100234985352e-01,8.212050795555114746e-02,1.242408826947212219e-01,4.080523550510406494e-02,-1.820451468229293823e-01,1.115000024437904358e-01,-1.143104061484336853e-01,7.954087108373641968e-03
-7.318955380469560623e-03,4.896172322332859039e-03,5.262823700904846191e-01,5.744182690978050232e-02,-1.662007533013820648e-02,8.865735530853271484e-01,4.587063789367675781e-01,1.825921051204204559e-02,2.482669949531555176e-01,2.582138113211840391e-04,-1.355656266212463379e+00,5.264312624931335449e-01,-4.168609976768493652e-01,-1.923491433262825012e-02,1.325870871543884277e+00,6.031695604324340820e-01,4.458946585655212402e-01,1.344109922647476196e-01,-3.258805721998214722e-02,1.251052916049957275e-01,1.115000024437904358e-01,-1.290103793144226074e-01,8.342183381319046021e-02,1.207852512598037720e-01,4.094794765114784241e-02,-1.810960322618484497e-01,1.115000024437904358e-01,-1.122224628925323486e-01,7.453776430338621140e-03
-7.347999606281518936e-03,4.418091848492622375e-03,5.263752341270446777e-01,5.629574134945869446e-02,-1.638425886631011963e-02,8.869295120239257812e-01,4.581685066223144531e-01,1.329760905355215073e-02,2.615605294704437256e-01,-2.176327165216207504e-03,-1.356834530830383301e+00,5.236124992370605469e-01,-4.164987206459045410e-01,-1.993452571332454681e-02,1.324759721755981445e+00,5.989696383476257324e-01,4.471100270748138428e-01,1.307165324687957764e-01,-3.243301436305046082e-02,1.248928904533386230e-01,1.115000024437904358e-01,-1.278959661722183228e-01,8.475550264120101929e-02,1.175262555480003357e-01,4.111250862479209900e-02,-1.805791556835174561e-01,1.115000024437904358e-01,-1.098686978220939636e-01,7.170558441430330276e-03
-7.236220873892307281e-03,4.158983472734689713e-03,5.264544486999511719e-01,5.495984107255935669e-02,-1.597632654011249542e-02,8.871300220489501953e-01,4.579568803310394287e-01,8.464639075100421906e-03,2.764023244380950928e-01,-3.774212207645177841e-03,-1.356711387634277344e+00,5.226111412048339844e-01,-4.161323010921478271e-01,-2.026546560227870941e-02,1.325198769569396973e+00,5.943564772605895996e-01,4.494242966175079346e-01,1.268220841884613037e-01,-3.193452954292297363e-02,1.245258823037147522e-01,1.115000024437904358e-01,-1.252594292163848877e-01,8.578640222549438477e-02,1.138060614466667175e-01,4.165455326437950134e-02,-1.800162941217422485e-01,1.115000024437904358e-01,-1.077744215726852417e-01,6.290319375693798065e-03
-7.173439953476190567e-03,3.484578570351004601e-03,5.265156626701354980e-01,5.334044992923736572e-02,-1.567205041646957397e-02,8.872955441474914551e-01,4.578381776809692383e-01,3.243428189307451248e-03,2.947947978973388672e-01,-6.060485728085041046e-03,-1.357270359992980957e+00,5.210222005844116211e-01,-4.172746539115905762e-01,-2.218872308731079102e-02,1.324985742568969727e+00,5.910358428955078125e-01,4.498257040977478027e-01,1.217423155903816223e-01,-3.153142333030700684e-02,1.246933192014694214e-01,1.115000024437904358e-01,-1.227531209588050842e-01,8.751552551984786987e-02,1.088875755667686462e-01,4.206930100917816162e-02,-1.780632436275482178e-01,1.115000024437904358e-01,-1.046518161892890930e-01,4.905620124191045761e-03
-6.893697660416364670e-03,2.568510593846440315e-03,5.265982151031494141e-01,5.157192423939704895e-02,-1.525402814149856567e-02,8.873645067214965820e-01,4.579212367534637451e-01,-1.646960387006402016e-03,3.165957927703857422e-01,-9.109201841056346893e-03,-1.356945872306823730e+00,5.207731723785400391e-01,-4.187063872814178467e-01,-2.453076280653476715e-02,1.324746012687683105e+00,5.851020812988281250e-01,4.520504176616668701e-01,1.155645549297332764e-01,-3.112601675093173981e-02,1.249934136867523193e-01,1.115000024437904358e-01,-1.185142770409584045e-01,8.953556418418884277e-02,1.027117669582366943e-01,4.252592101693153381e-02,-1.747574955224990845e-01,1.115000024437904358e-01,-1.005862355232238770e-01,2.881548833101987839e-03
-6.733899470418691635e-03,1.600802759639918804e-03,5.267984271049499512e-01,4.873001202940940857e-02,-1.442809682339429855e-02,8.880354762077331543e-01,4.569576084613800049e-01,-4.325824324041604996e-03,3.391488492488861084e-01,-1.284891460090875626e-02,-1.357464194297790527e+00,5.194911956787109375e-01,-4.205446541309356689e-01,-2.545608580112457275e-02,1.323761701583862305e+00,5.800030827522277832e-01,4.540488421916961670e-01,1.064210087060928345e-01,-3.060492873191833496e-02,1.245867609977722168e-01,1.115000024437904358e-01,-1.139772161841392517e-01,9.136514365673065186e-02,9.439831227064132690e-02,4.306369274854660034e-02,-1.731864511966705322e-01,1.115000024437904358e-01,-9.527169167995452881e-02,1.444844645448029041e-03
-7.286911830306053162e-03,8.094220538623631001e-04,5.270467996597290039e-01,4.474828392267227173e-02,-1.324618794023990631e-02,8.886138200759887695e-01,4.562757909297943115e-01,-7.948315702378749847e-03,3.682294487953186035e-01,-1.449814718216657639e-02,-1.358413338661193848e+00,5.203107595443725586e-01,-4.222967922687530518e-01,-2.677946910262107849e-02,1.321563601493835449e+00,5.752365589141845703e-01,4.522518515586853027e-01,9.579825401306152344e-02,-3.055634349584579468e-02,1.252831965684890747e-01,1.115000024437904358e-01,-1.097502335906028748e-01,9.238632023334503174e-02,8.456954360008239746e-02,4.289076849818229675e-02,-1.702530831098556519e-01,1.115000024437904358e-01,-8.920120447874069214e-02,-7.364267949014902115e-04
-7.487619295716285706e-03,9.690823208075016737e-05,5.265864729881286621e-01,4.007081687450408936e-02,-1.187172252684831619e-02,8.889592885971069336e-01,4.560754299163818359e-01,-1.271283067762851715e-02,4.029050767421722412e-01,-1.469043269753456116e-02,-1.354575872421264648e+00,5.202466249465942383e-01,-4.266179203987121582e-01,-2.711292915046215057e-02,1.318714857101440430e+00,5.721321702003479004e-01,4.554171562194824219e-01,7.543378323316574097e-02,-2.840000018477439880e-02,1.269027739763259888e-01,1.115000024437904358e-01,-1.111314371228218079e-01,9.241471439599990845e-02,6.860183924436569214e-02,4.263811931014060974e-02,-1.660260111093521118e-01,1.115000024437904358e-01,-8.630231767892837524e-02,-5.440230481326580048e-03
-7.525544147938489914e-03,-6.418886478058993816e-04,5.252525806427001953e-01,3.517548367381095886e-02,-1.009536441415548325e-02,8.889443874359130859e-01,4.565508663654327393e-01,-1.677267625927925110e-02,4.384129047393798828e-01,-1.280908379703760147e-02,-1.349227905273437500e+00,5.168905854225158691e-01,-4.296126067638397217e-01,-2.799998782575130463e-02,1.315588116645812988e+00,5.680726766586303711e-01,4.593679606914520264e-01,4.964126646518707275e-02,-2.594170905649662018e-02,1.299450844526290894e-01,1.115000024437904358e-01,-1.133104935288429260e-01,9.296702593564987183e-02,4.503733292222023010e-02,4.142810776829719543e-02,-1.612573117017745972e-01,1.115000024437904358e-01,-8.783897757530212402e-02,-1.043847482651472092e-02
-7.415118161588907242e-03,-1.073549734428524971e-03,5.268008708953857422e-01,3.025553375482559204e-02,-7.706132251769304276e-03,8.893125057220458984e-01,4.562329351902008057e-01,-1.973572559654712677e-02,4.709613621234893799e-01,-6.379568018019199371e-03,-1.338352441787719727e+00,5.111647248268127441e-01,-4.363025426864624023e-01,-2.398404665291309357e-02,1.310569524765014648e+00,5.658278465270996094e-01,4.692588746547698975e-01,2.108820714056491852e-02,-2.355997078120708466e-02,1.334493458271026611e-01,1.115000024437904358e-01,-1.155712679028511047e-01,9.053570777177810669e-02,2.175877243280410767e-02,3.963382542133331299e-02,-1.597339510917663574e-01,1.115000024437904358e-01,-9.142840653657913208e-02,-1.437703333795070648e-02
-7.456317078322172165e-03,-1.910967752337455750e-03,5.284963250160217285e-01,2.397452108561992645e-02,-5.457997787743806839e-03,8.894900083541870117e-01,4.562926292419433594e-01,-2.504000812768936157e-02,5.050626397132873535e-01,3.215928329154849052e-03,-1.320787787437438965e+00,5.077533125877380371e-01,-4.414337873458862305e-01,-1.643132418394088745e-02,1.303669571876525879e+00,5.639061927795410156e-01,4.797223508358001709e-01,-1.355469785630702972e-02,-1.948750950396060944e-02,1.388747394084930420e-01,1.115000024437904358e-01,-1.177159845829010010e-01,8.535890281200408936e-02,-8.729258552193641663e-03,3.796653822064399719e-02,-1.587588340044021606e-01,1.115000024437904358e-01,-9.601324796676635742e-02,-1.769195124506950378e-02
-6.822624243795871735e-03,-3.193508600816130638e-03,5.285057425498962402e-01,1.748264208436012268e-02,-3.252190072089433670e-03,8.898535370826721191e-01,4.558995962142944336e-01,-3.254676237702369690e-02,5.321641564369201660e-01,1.339756138622760773e-02,-1.298396587371826172e+00,4.991829991340637207e-01,-4.458978772163391113e-01,-4.134466871619224548e-03,1.295936703681945801e+00,5.597846508026123047e-01,4.912762641906738281e-01,-5.425424128770828247e-02,-1.379043702036142349e-02,1.421360075473785400e-01,1.372211426496505737e-01,-1.194411665201187134e-01,8.196487277746200562e-02,-4.129048436880111694e-02,3.720904141664505005e-02,-1.581538617610931396e-01,1.115000024437904358e-01,-1.005850359797477722e-01,-2.171628549695014954e-02
-6.685742642730474472e-03,-5.101906135678291321e-03,5.287731289863586426e-01,1.033545937389135361e-02,-7.377960137091577053e-04,8.899269104003906250e-01,4.559854567050933838e-01,-3.291160613298416138e-02,5.587794780731201172e-01,2.378670684993267059e-02,-1.279973983764648438e+00,4.930516183376312256e-01,-4.531922936439514160e-01,1.175339799374341965e-02,1.284091949462890625e+00,5.563021898269653320e-01,5.018395781517028809e-01,-9.939745068550109863e-02,-9.381880052387714386e-03,1.457707732915878296e-01,1.811427921056747437e-01,-1.206613108515739441e-01,7.568901777267456055e-02,-7.836379855871200562e-02,3.415696322917938232e-02,-1.584306359291076660e-01,1.230488270521163940e-01,-1.050211861729621887e-01,-2.378649823367595673e-02
-5.640453658998012543e-03,-6.387823261320590973e-03,5.275757908821105957e-01,1.121917157433927059e-03,2.204793738201260567e-03,8.900946974754333496e-01,4.557689428329467773e-01,-4.041747003793716431e-02,5.838466882705688477e-01,3.074993751943111420e-02,-1.263374567031860352e+00,4.946033060550689697e-01,-4.571188986301422119e-01,2.657859586179256439e-02,1.277110099792480469e+00,5.563241839408874512e-01,5.077573060989379883e-01,-1.589838266372680664e-01,8.396216435357928276e-04,1.491468697786331177e-01,2.429476380348205566e-01,-1.175427883863449097e-01,6.706506013870239258e-02,-1.265670806169509888e-01,3.382812812924385071e-02,-1.600510179996490479e-01,1.640092432498931885e-01,-1.132077127695083618e-01,-2.542323805391788483e-02
-3.469664137810468674e-03,-8.706927299499511719e-03,5.260738730430603027e-01,-6.622507702559232712e-03,5.418271292001008987e-03,8.904278874397277832e-01,4.550439119338989258e-01,-4.266386106610298157e-02,6.030088663101196289e-01,3.747621178627014160e-02,-1.251568198204040527e+00,4.929254651069641113e-01,-4.647397100925445557e-01,4.190224781632423401e-02,1.270207643508911133e+00,5.570955276489257812e-01,5.179465413093566895e-01,-2.181476950645446777e-01,9.388381615281105042e-03,1.505504250526428223e-01,3.020116090774536133e-01,-1.096170172095298767e-01,5.949476361274719238e-02,-1.770483851432800293e-01,3.126228228211402893e-02,-1.618184149265289307e-01,2.079977095127105713e-01,-1.186242178082466125e-01,-2.969754859805107117e-02
-8.253546548075973988e-04,-1.228155754506587982e-02,5.239951610565185547e-01,-1.498611364513635635e-02,8.000145666301250458e-03,8.904092907905578613e-01,4.548436403274536133e-01,-4.905207455158233643e-02,6.187314987182617188e-01,4.750907793641090393e-02,-1.241606235504150391e+00,4.942793846130371094e-01,-4.722597897052764893e-01,5.722590163350105286e-02,1.263747334480285645e+00,5.583695769309997559e-01,5.318157076835632324e-01,-2.796231806278228760e-01,1.952343247830867767e-02,1.529897749423980713e-01,3.585377037525177002e-01,-9.945970773696899414e-02,5.260096117854118347e-02,-2.340824156999588013e-01,2.925069443881511688e-02,-1.639815270900726318e-01,2.574132084846496582e-01,-1.228795871138572693e-01,-3.176706656813621521e-02
2.033639233559370041e-03,-1.641270890831947327e-02,5.210258960723876953e-01,-2.296147868037223816e-02,1.096106786280870438e-02,8.903002738952636719e-01,4.546625912189483643e-01,-5.365949496626853943e-02,6.279562711715698242e-01,5.805118754506111145e-02,-1.233140945434570312e+00,4.931322932243347168e-01,-4.723874330520629883e-01,7.325199246406555176e-02,1.261122584342956543e+00,5.578673481941223145e-01,5.430708527565002441e-01,-3.407708406448364258e-01,2.787194028496742249e-02,1.546230614185333252e-01,4.121782481670379639e-01,-8.981677144765853882e-02,4.870226606726646423e-02,-2.980882227420806885e-01,2.435479871928691864e-02,-1.666627973318099976e-01,3.175311386585235596e-01,-1.257479786872863770e-01,-3.293349593877792358e-02
4.548613447695970535e-03,-1.941279880702495575e-02,5.177105665206909180e-01,-3.185448795557022095e-02,1.520395372062921524e-02,8.900856971740722656e-01,4.544245004653930664e-01,-5.427606776356697083e-02,6.349450349807739258e-01,6.878198683261871338e-02,-1.223746776580810547e+00,4.991739094257354736e-01,-4.733860194683074951e-01,8.720360696315765381e-02,1.257860183715820312e+00,5.622568130493164062e-01,5.544965267181396484e-01,-4.030014574527740479e-01,3.494850546121597290e-02,1.546504497528076172e-01,4.659386575222015381e-01,-8.486814051866531372e-02,4.580577835440635681e-02,-3.653245568275451660e-01,1.802281104028224945e-02,-1.702995449304580688e-01,3.817710578441619873e-01,-1.347062140703201294e-01,-3.547749295830726624e-02
6.853264290839433670e-03,-2.139881253242492676e-02,5.152625441551208496e-01,-3.975667059421539307e-02,1.981618255376815796e-02,8.895421028137207031e-01,4.546884298324584961e-01,-5.646299570798873901e-02,6.394194364547729492e-01,8.090641349554061890e-02,-1.216798067092895508e+00,5.062404274940490723e-01,-4.697633683681488037e-01,1.027205511927604675e-01,1.253219127655029297e+00,5.641694068908691406e-01,5.643360018730163574e-01,-4.572355747222900391e-01,4.175383225083351135e-02,1.576518118381500244e-01,5.116313695907592773e-01,-9.144622087478637695e-02,4.865936189889907837e-02,-4.249304831027984619e-01,1.190902944654226303e-02,-1.729604750871658325e-01,4.374592900276184082e-01,-1.546008884906768799e-01,-4.012495279312133789e-02
8.182288147509098053e-03,-2.491672709584236145e-02,5.116640329360961914e-01,-4.785513505339622498e-02,2.384481765329837799e-02,8.888379931449890137e-01,4.550915062427520752e-01,-6.039759889245033264e-02,6.409816741943359375e-01,9.151586890220642090e-02,-1.211589217185974121e+00,5.098209381103515625e-01,-4.656009674072265625e-01,1.158340126276016235e-01,1.247956514358520508e+00,5.664028525352478027e-01,5.728726983070373535e-01,-5.160190463066101074e-01,4.545716568827629089e-02,1.571808755397796631e-01,5.615485906600952148e-01,-1.016608402132987976e-01,5.661538615822792053e-02,-4.897277355194091797e-01,3.835529321804642677e-03,-1.703796386718750000e-01,4.995527565479278564e-01,-1.716630160808563232e-01,-4.498098418116569519e-02
8.206239901483058929e-03,-2.766727097332477570e-02,5.070858001708984375e-01,-5.445532128214836121e-02,2.759976312518119812e-02,8.883907794952392578e-01,4.550107121467590332e-01,-5.422267690300941467e-02,6.493772268295288086e-01,1.069851070642471313e-01,-1.206974267959594727e+00,5.151354670524597168e-01,-4.579006135463714600e-01,1.315643936395645142e-01,1.240733027458190918e+00,5.702006220817565918e-01,5.800914764404296875e-01,-5.709388256072998047e-01,4.700399190187454224e-02,1.581492722034454346e-01,6.155309677124023438e-01,-1.244131475687026978e-01,6.609044969081878662e-02,-5.545186996459960938e-01,-7.684838492423295975e-03,-1.677784174680709839e-01,5.726114511489868164e-01,-1.943926513195037842e-01,-4.856033250689506531e-02
8.648176677525043488e-03,-2.998885698616504669e-02,5.025798082351684570e-01,-5.965097621083259583e-02,3.141250461339950562e-02,8.879960775375366211e-01,4.548823833465576172e-01,-5.170128121972084045e-02,6.534518003463745117e-01,1.243868395686149597e-01,-1.200659751892089844e+00,5.217495560646057129e-01,-4.525939822196960449e-01,1.507604271173477173e-01,1.231445670127868652e+00,5.736252069473266602e-01,5.921176671981811523e-01,-6.236816644668579102e-01,4.840716347098350525e-02,1.588475853204727173e-01,6.708317995071411133e-01,-1.531983315944671631e-01,7.775047421455383301e-02,-6.159569621086120605e-01,-1.889438368380069733e-02,-1.640075296163558960e-01,6.434145569801330566e-01,-2.235046327114105225e-01,-5.575003102421760559e-02
8.545841090381145477e-03,-3.160759806632995605e-02,4.977864921092987061e-01,-6.366138160228729248e-02,3.421686962246894836e-02,8.880515694618225098e-01,4.540273249149322510e-01,-5.691251903772354126e-02,6.568816900253295898e-01,1.411286592483520508e-01,-1.195585131645202637e+00,5.277364850044250488e-01,-4.497962296009063721e-01,1.724669784307479858e-01,1.222019553184509277e+00,5.717627406120300293e-01,6.033459901809692383e-01,-6.742982268333435059e-01,4.922700300812721252e-02,1.570013314485549927e-01,7.307105064392089844e-01,-1.859154403209686279e-01,8.984831720590591431e-02,-6.734095811843872070e-01,-2.941749431192874908e-02,-1.597922891378402710e-01,7.170469164848327637e-01,-2.563354074954986572e-01,-6.443598866462707520e-02
9.025609120726585388e-03,-3.289387747645378113e-02,4.929201602935791016e-01,-6.722047924995422363e-02,3.670500591397285461e-02,8.882851004600524902e-01,4.528617560863494873e-01,-6.399721652269363403e-02,6.575761437416076660e-01,1.577194184064865112e-01,-1.189573526382446289e+00,5.395455360412597656e-01,-4.466422200202941895e-01,1.982459425926208496e-01,1.213249564170837402e+00,5.655261874198913574e-01,6.185015439987182617e-01,-7.256593108177185059e-01,5.166886001825332642e-02,1.542362272739410400e-01,7.930231094360351562e-01,-2.183155268430709839e-01,1.019511744379997253e-01,-7.298008799552917480e-01,-3.799830004572868347e-02,-1.553332656621932983e-01,7.897422909736633301e-01,-2.893293499946594238e-01,-7.630943506956100464e-02
9.247180074453353882e-03,-3.434281051158905029e-02,4.873012006282806396e-01,-6.946291774511337280e-02,3.813857212662696838e-02,8.891115784645080566e-01,4.507781863212585449e-01,-7.017403095960617065e-02,6.630662679672241211e-01,1.735683530569076538e-01,-1.183901548385620117e+00,5.515568256378173828e-01,-4.374024271965026855e-01,2.244813144207000732e-01,1.204151630401611328e+00,5.612242817878723145e-01,6.309072375297546387e-01,-7.761834263801574707e-01,5.349412932991981506e-02,1.511983126401901245e-01,8.590984940528869629e-01,-2.527949810028076172e-01,1.141149476170539856e-01,-7.827354669570922852e-01,-4.703315347433090210e-02,-1.508730500936508179e-01,8.632309436798095703e-01,-3.210034370422363281e-01,-8.586489409208297729e-02
1.028894539922475815e-02,-3.585083782672882080e-02,4.813098609447479248e-01,-6.977554410696029663e-02,3.961041569709777832e-02,8.895090818405151367e-01,4.498177468776702881e-01,-7.711448520421981812e-02,6.658406257629394531e-01,1.898321211338043213e-01,-1.177932858467102051e+00,5.583543181419372559e-01,-4.332630634307861328e-01,2.536530792713165283e-01,1.195788264274597168e+00,5.519707202911376953e-01,6.474812030792236328e-01,-8.234639763832092285e-01,5.568404868245124817e-02,1.493274420499801636e-01,9.245533347129821777e-01,-2.832297980785369873e-01,1.244920566678047180e-01,-8.334960937500000000e-01,-5.509128049015998840e-02,-1.451235413551330566e-01,9.355888366699218750e-01,-3.509960174560546875e-01,-9.609956294298171997e-02
1.094290800392627716e-02,-3.650334104895591736e-02,4.757848680019378662e-01,-7.052998244762420654e-02,4.132182523608207703e-02,8.901535272598266602e-01,4.482686221599578857e-01,-8.049835264682769775e-02,6.669595837593078613e-01,2.026726454496383667e-01,-1.178726315498352051e+00,5.678611993789672852e-01,-4.280436336994171143e-01,2.794602215290069580e-01,1.191376924514770508e+00,5.432816743850708008e-01,6.573781967163085938e-01,-8.687053918838500977e-01,5.570799484848976135e-02,1.450491100549697876e-01,9.867646694183349609e-01,-3.151742517948150635e-01,1.377803534269332886e-01,-8.804965019226074219e-01,-6.081261113286018372e-02,-1.378974318504333496e-01,1.002789258956909180e+00,-3.844781219959259033e-01,-1.096317470073699951e-01
1.130005810409784317e-02,-3.729621693491935730e-02,4.687468111515045166e-01,-7.043408602476119995e-02,4.207420349121093750e-02,8.907274603843688965e-01,4.470720589160919189e-01,-8.249872922897338867e-02,6.737889051437377930e-01,2.125337123870849609e-01,-1.175926566123962402e+00,5.734459757804870605e-01,-4.250176846981048584e-01,3.016464412212371826e-01,1.183089733123779297e+00,5.378145575523376465e-01,6.669422388076782227e-01,-9.142795205116271973e-01,5.725011229515075684e-02,1.418248116970062256e-01,1.053972363471984863e+00,-3.423682153224945068e-01,1.493979692459106445e-01,-9.269722700119018555e-01,-6.831718236207962036e-02,-1.330985277891159058e-01,1.073668241500854492e+00,-4.104212224483489990e-01,-1.202872321009635925e-01
1.204148400574922562e-02,-3.825234249234199524e-02,4.607988595962524414e-01,-6.874439120292663574e-02,4.331112653017044067e-02,8.919777274131774902e-01,4.447180330753326416e-01,-8.089681714773178101e-02,6.815475821495056152e-01,2.290834784507751465e-01,-1.177551031112670898e+00,5.767943263053894043e-01,-4.262525439262390137e-01,3.285341560840606689e-01,1.173211455345153809e+00,5.301586389541625977e-01,6.756361126899719238e-01,-9.594677686691284180e-01,5.605815723538398743e-02,1.394491344690322876e-01,1.122203588485717773e+00,-3.608065843582153320e-01,1.580359935760498047e-01,-9.732992053031921387e-01,-8.053626120090484619e-02,-1.287231594324111938e-01,1.147148728370666504e+00,-4.312603473663330078e-01,-1.294167488813400269e-01
1.346027664840221405e-02,-3.942191600799560547e-02,4.525158405303955078e-01,-6.631635129451751709e-02,4.435601830482482910e-02,8.928277492523193359e-01,4.432756006717681885e-01,-8.034109324216842651e-02,6.863629817962646484e-01,2.447666376829147339e-01,-1.180878996849060059e+00,5.820149183273315430e-01,-4.249050915241241455e-01,3.526277542114257812e-01,1.167175889015197754e+00,5.273000001907348633e-01,6.821022629737854004e-01,-1.002897977828979492e+00,5.655469372868537903e-02,1.376391202211380005e-01,1.187587738037109375e+00,-3.781389594078063965e-01,1.673627048730850220e-01,-1.018670558929443359e+00,-8.992101997137069702e-02,-1.228180751204490662e-01,1.217050313949584961e+00,-4.471894502639770508e-01,-1.371488720178604126e-01
1.538528222590684891e-02,-4.101186990737915039e-02,4.436005353927612305e-01,-6.450071930885314941e-02,4.623734205961227417e-02,8.935279250144958496e-01,4.419384896755218506e-01,-7.416382431983947754e-02,6.862781047821044922e-01,2.568398714065551758e-01,-1.183529019355773926e+00,5.886357426643371582e-01,-4.206604361534118652e-01,3.749577999114990234e-01,1.160163760185241699e+00,5.264316797256469727e-01,6.851975917816162109e-01,-1.049287199974060059e+00,5.639094859361648560e-02,1.361465156078338623e-01,1.250572562217712402e+00,-3.888107538223266602e-01,1.755997687578201294e-01,-1.067708849906921387e+00,-9.975851327180862427e-02,-1.160914450883865356e-01,1.284583926200866699e+00,-4.550360739231109619e-01,-1.411942690610885620e-01
1.571260392665863037e-02,-4.214703291654586792e-02,4.354748129844665527e-01,-6.397427618503570557e-02,4.793705046176910400e-02,8.939382433891296387e-01,4.410031735897064209e-01,-6.911679357290267944e-02,6.912574768066406250e-01,2.641264498233795166e-01,-1.190468072891235352e+00,5.997130274772644043e-01,-4.166171252727508545e-01,3.954617679119110107e-01,1.156255960464477539e+00,5.257925391197204590e-01,6.866149306297302246e-01,-1.091425538063049316e+00,5.625047162175178528e-02,1.370707452297210693e-01,1.308415770530700684e+00,-4.098775386810302734e-01,1.880837529897689819e-01,-1.112771511077880859e+00,-1.093891784548759460e-01,-1.084064766764640808e-01,1.345966219902038574e+00,-4.667581319808959961e-01,-1.444677412509918213e-01
1.560551766306161880e-02,-4.267992079257965088e-02,4.278749525547027588e-01,-6.435720622539520264e-02,4.954868927597999573e-02,8.943805098533630371e-01,4.398711025714874268e-01,-6.433336436748504639e-02,6.920938491821289062e-01,2.704604268074035645e-01,-1.191215038299560547e+00,6.133873462677001953e-01,-4.217009842395782471e-01,4.117695391178131104e-01,1.148976445198059082e+00,5.279304981231689453e-01,6.903105378150939941e-01,-1.131902813911437988e+00,5.681259930133819580e-02,1.377530544996261597e-01,1.363413214683532715e+00,-4.312721490859985352e-01,1.997389942407608032e-01,-1.155335068702697754e+00,-1.165823042392730713e-01,-1.005256772041320801e-01,1.402726650238037109e+00,-4.802817106246948242e-01,-1.496215313673019409e-01
1.638897508382797241e-02,-4.341847449541091919e-02,4.198943972587585449e-01,-6.344509869813919067e-02,5.051037669181823730e-02,8.948447704315185547e-01,4.389490783214569092e-01,-6.007662788033485413e-02,6.970909833908081055e-01,2.733619511127471924e-01,-1.190970659255981445e+00,6.311609745025634766e-01,-4.280448853969573975e-01,4.241889119148254395e-01,1.144208312034606934e+00,5.320611000061035156e-01,6.888016462326049805e-01,-1.171276092529296875e+00,6.075734272599220276e-02,1.386205106973648071e-01,1.418650269508361816e+00,-4.442570805549621582e-01,2.040536552667617798e-01,-1.196253776550292969e+00,-1.221613362431526184e-01,-9.358932077884674072e-02,1.457937836647033691e+00,-4.891791343688964844e-01,-1.538566201925277710e-01
1.743197441101074219e-02,-4.474515095353126526e-02,4.128753542900085449e-01,-6.234414502978324890e-02,4.974433779716491699e-02,8.951451182365417480e-01,4.385817348957061768e-01,-5.687142536044120789e-02,6.994078159332275391e-01,2.775598168373107910e-01,-1.190389871597290039e+00,6.501553058624267578e-01,-4.283318221569061279e-01,4.346529841423034668e-01,1.140719532966613770e+00,5.381025075912475586e-01,6.841160655021667480e-01,-1.208864688873291016e+00,6.616426259279251099e-02,1.367834806442260742e-01,1.470442652702331543e+00,-4.589395821094512939e-01,2.089364528656005859e-01,-1.232743382453918457e+00,-1.247697174549102783e-01,-8.929892629384994507e-02,1.506207108497619629e+00,-5.018407106399536133e-01,-1.598622947931289673e-01
1.854231394827365875e-02,-4.516859352588653564e-02,4.075226485729217529e-01,-6.255538016557693481e-02,5.119875818490982056e-02,8.958645462989807129e-01,4.369121193885803223e-01,-5.754133313894271851e-02,6.984081864356994629e-01,2.737761735916137695e-01,-1.191633105278015137e+00,6.733672618865966797e-01,-4.339506030082702637e-01,4.409950375556945801e-01,1.133950352668762207e+00,5.468850135803222656e-01,6.817309856414794922e-01,-1.243781328201293945e+00,6.867776811122894287e-02,1.365563720464706421e-01,1.512339472770690918e+00,-4.816434383392333984e-01,2.178575694561004639e-01,-1.268704414367675781e+00,-1.284865438938140869e-01,-8.429304510354995728e-02,1.548884391784667969e+00,-5.231298208236694336e-01,-1.706022918224334717e-01
1.891061849892139435e-02,-4.470905289053916931e-02,4.012220203876495361e-01,-6.346837431192398071e-02,5.246105417609214783e-02,8.964652419090270996e-01,4.353959858417510986e-01,-5.832685530185699463e-02,7.011279463768005371e-01,2.693765759468078613e-01,-1.189534306526184082e+00,6.974043250083923340e-01,-4.330600500106811523e-01,4.474902451038360596e-01,1.128023266792297363e+00,5.486749410629272461e-01,6.747765541076660156e-01,-1.280597686767578125e+00,7.076116651296615601e-02,1.342571526765823364e-01,1.559123873710632324e+00,-4.983072578907012939e-01,2.244913130998611450e-01,-1.305330634117126465e+00,-1.292600333690643311e-01,-7.843113690614700317e-02,1.595105051994323730e+00,-5.419504046440124512e-01,-1.814991235733032227e-01
1.859552226960659027e-02,-4.407459869980812073e-02,3.946449458599090576e-01,-6.350921839475631714e-02,5.306677520275115967e-02,8.969754576683044434e-01,4.342643618583679199e-01,-5.851485580205917358e-02,7.106795907020568848e-01,2.635091543197631836e-01,-1.185570836067199707e+00,7.215033769607543945e-01,-4.332828521728515625e-01,4.548362195491790771e-01,1.124152779579162598e+00,5.530825257301330566e-01,6.686303615570068359e-01,-1.313814759254455566e+00,7.505489885807037354e-02,1.342568397521972656e-01,1.607158184051513672e+00,-5.192213058471679688e-01,2.280964851379394531e-01,-1.338990688323974609e+00,-1.319382041692733765e-01,-7.302342355251312256e-02,1.642775297164916992e+00,-5.633063316345214844e-01,-1.896124035120010376e-01
1.872799545526504517e-02,-4.331911355257034302e-02,3.881767094135284424e-01,-6.193132698535919189e-02,5.390295013785362244e-02,8.974236249923706055e-01,4.334625601768493652e-01,-5.742145329713821411e-02,7.213971614837646484e-01,2.627669870853424072e-01,-1.178610801696777344e+00,7.396005988121032715e-01,-4.365733265876770020e-01,4.654551744461059570e-01,1.119591474533081055e+00,5.502364039421081543e-01,6.659218668937683105e-01,-1.344963192939758301e+00,8.062244951725006104e-02,1.352228522300720215e-01,1.655880212783813477e+00,-5.382219552993774414e-01,2.302181273698806763e-01,-1.371483325958251953e+00,-1.340920031070709229e-01,-6.667187064886093140e-02,1.691368103027343750e+00,-5.881037116050720215e-01,-1.999956220388412476e-01
1.719243824481964111e-02,-4.166546091437339783e-02,3.805094361305236816e-01,-6.221765279769897461e-02,5.355047062039375305e-02,8.979803919792175293e-01,4.323106408119201660e-01,-5.388434603810310364e-02,7.424430251121520996e-01,2.675213217735290527e-01,-1.166564106941223145e+00,7.616505622863769531e-01,-4.403276741504669189e-01,4.838961362838745117e-01,1.113007426261901855e+00,5.480061173439025879e-01,6.660625934600830078e-01,-1.378041028976440430e+00,8.644692599773406982e-02,1.346713155508041382e-01,1.710005640983581543e+00,-5.590808391571044922e-01,2.308368831872940063e-01,-1.403065800666809082e+00,-1.380799710750579834e-01,-6.342198699712753296e-02,1.743853807449340820e+00,-6.114696860313415527e-01,-2.098166048526763916e-01
1.573366299271583557e-02,-4.109843447804450989e-02,3.731221854686737061e-01,-5.936912447214126587e-02,5.255380272865295410e-02,8.983258008956909180e-01,4.321158826351165771e-01,-5.451048538088798523e-02,7.609133720397949219e-01,2.766322493553161621e-01,-1.154868602752685547e+00,7.751116156578063965e-01,-4.362804293632507324e-01,5.023616552352905273e-01,1.107820391654968262e+00,5.396063923835754395e-01,6.614069938659667969e-01,-1.406301259994506836e+00,9.084897488355636597e-02,1.360825300216674805e-01,1.763361215591430664e+00,-5.812957882881164551e-01,2.376685738563537598e-01,-1.431661486625671387e+00,-1.399748921394348145e-01,-5.430426821112632751e-02,1.795557618141174316e+00,-6.352848410606384277e-01,-2.177522927522659302e-01
1.431287080049514771e-02,-4.036092385649681091e-02,3.654573261737823486e-01,-5.657531693577766418e-02,5.113680660724639893e-02,8.987743258476257324e-01,4.317278861999511719e-01,-5.358420684933662415e-02,7.821761965751647949e-01,2.978417575359344482e-01,-1.141779184341430664e+00,7.838482856750488281e-01,-4.390100538730621338e-01,5.300484299659729004e-01,1.104777216911315918e+00,5.294513106346130371e-01,6.590727567672729492e-01,-1.434437274932861328e+00,9.713320434093475342e-02,1.369040608406066895e-01,1.816847801208496094e+00,-6.012963652610778809e-01,2.428279668092727661e-01,-1.459632396697998047e+00,-1.429343372583389282e-01,-4.715317487716674805e-02,1.847314119338989258e+00,-6.590908169746398926e-01,-2.250264137983322144e-01
1.415217667818069458e-02,-4.089381173253059387e-02,3.574400842189788818e-01,-4.927594214677810669e-02,4.864958301186561584e-02,8.991603851318359375e-01,4.321061074733734131e-01,-5.083051323890686035e-02,7.947999835014343262e-01,3.179362416267395020e-01,-1.124739289283752441e+00,7.940402030944824219e-01,-4.445716142654418945e-01,5.542208552360534668e-01,1.099272370338439941e+00,5.201587677001953125e-01,6.554993987083435059e-01,-1.456266403198242188e+00,1.028830632567405701e-01,1.386054307222366333e-01,1.867236495018005371e+00,-6.234152913093566895e-01,2.468187808990478516e-01,-1.484366416931152344e+00,-1.452174931764602661e-01,-3.815489634871482849e-02,1.898520231246948242e+00,-6.755495071411132812e-01,-2.295539379119873047e-01
1.425896398723125458e-02,-3.990088030695915222e-02,3.488547503948211670e-01,-4.118901118636131287e-02,4.824965819716453552e-02,8.997703790664672852e-01,4.317276179790496826e-01,-4.878630116581916809e-02,7.946058511734008789e-01,3.515991568565368652e-01,-1.109420537948608398e+00,7.923964262008666992e-01,-4.537178575992584229e-01,5.890058875083923340e-01,1.095952749252319336e+00,5.064771175384521484e-01,6.543507575988769531e-01,-1.476647615432739258e+00,1.096059828996658325e-01,1.411514878273010254e-01,1.916146874427795410e+00,-6.376957297325134277e-01,2.490448355674743652e-01,-1.510497689247131348e+00,-1.473671793937683105e-01,-2.770268172025680542e-02,1.950857162475585938e+00,-6.918290257453918457e-01,-2.361543923616409302e-01
1.482740603387355804e-02,-3.971125185489654541e-02,3.394163846969604492e-01,-3.102286718785762787e-02,4.780445620417594910e-02,8.998695015907287598e-01,4.324201941490173340e-01,-4.314744099974632263e-02,7.940369844436645508e-01,3.988725841045379639e-01,-1.096338391304016113e+00,7.825816273689270020e-01,-4.692360460758209229e-01,6.279036998748779297e-01,1.093472480773925781e+00,4.907619357109069824e-01,6.536266803741455078e-01,-1.498845100402832031e+00,1.139334291219711304e-01,1.429962217807769775e-01,1.960619091987609863e+00,-6.418135166168212891e-01,2.514437437057495117e-01,-1.540129184722900391e+00,-1.474963277578353882e-01,-1.488975156098604202e-02,1.999595880508422852e+00,-7.011448144912719727e-01,-2.387503981590270996e-01
1.507000252604484558e-02,-4.032779857516288757e-02,3.302308022975921631e-01,-2.208593860268592834e-02,4.599439352750778198e-02,9.002028703689575195e-01,4.324713945388793945e-01,-3.415561839938163757e-02,7.931135892868041992e-01,4.397491812705993652e-01,-1.085904598236083984e+00,7.691351771354675293e-01,-4.969341456890106201e-01,6.596709489822387695e-01,1.086668848991394043e+00,4.796451628208160400e-01,6.564679145812988281e-01,-1.525753736495971680e+00,1.152318045496940613e-01,1.426006704568862915e-01,1.998511433601379395e+00,-6.447703838348388672e-01,2.523653209209442139e-01,-1.571202039718627930e+00,-1.479583084583282471e-01,-4.231095314025878906e-03,2.039868831634521484e+00,-7.071286439895629883e-01,-2.382698357105255127e-01
1.536183245480060577e-02,-4.101695492863655090e-02,3.240127861499786377e-01,-1.353694498538970947e-02,4.441359266638755798e-02,9.005786180496215820e-01,4.322063326835632324e-01,-3.175677731633186340e-02,7.918559312820434570e-01,4.899788498878479004e-01,-1.076993942260742188e+00,7.456756830215454102e-01,-5.222813487052917480e-01,6.895985007286071777e-01,1.083678603172302246e+00,4.733200371265411377e-01,6.594078540802001953e-01,-1.555112600326538086e+00,1.181188076734542847e-01,1.427931785583496094e-01,2.031537532806396484e+00,-6.441704630851745605e-01,2.489441335201263428e-01,-1.605258822441101074e+00,-1.490264087915420532e-01,5.838578101247549057e-03,2.074839591979980469e+00,-7.097790837287902832e-01,-2.364904284477233887e-01
1.619720458984375000e-02,-4.143855348229408264e-02,3.214175105094909668e-01,-1.521316706202924252e-03,4.226419329643249512e-02,9.003773927688598633e-01,4.330496191978454590e-01,-2.818345837295055389e-02,7.902843356132507324e-01,5.374541878700256348e-01,-1.069975376129150391e+00,7.275620698928833008e-01,-5.535776615142822266e-01,7.147696018218994141e-01,1.075355410575866699e+00,4.702486991882324219e-01,6.641560792922973633e-01,-1.578236103057861328e+00,1.197396144270896912e-01,1.406201124191284180e-01,2.060335397720336914e+00,-6.406862735748291016e-01,2.495577484369277954e-01,-1.635415077209472656e+00,-1.493328660726547241e-01,1.573860086500644684e-02,2.086376428604125977e+00,-7.050198912620544434e-01,-2.319673299789428711e-01
1.720867864787578583e-02,-4.105627164244651794e-02,3.226024806499481201e-01,1.143210753798484802e-02,4.080410674214363098e-02,8.992788195610046387e-01,4.353181421756744385e-01,-2.922433614730834961e-02,7.884189486503601074e-01,5.919069051742553711e-01,-1.066708207130432129e+00,7.061057090759277344e-01,-5.922829508781433105e-01,7.464353442192077637e-01,1.073777675628662109e+00,4.683255255222320557e-01,6.845302581787109375e-01,-1.597946882247924805e+00,1.220904961228370667e-01,1.367488950490951538e-01,2.078110933303833008e+00,-6.353055834770202637e-01,2.439904063940048218e-01,-1.664005637168884277e+00,-1.478975117206573486e-01,2.433272264897823334e-02,2.073106765747070312e+00,-7.035392522811889648e-01,-2.261768281459808350e-01
1.859899237751960754e-02,-4.089732468128204346e-02,3.221847712993621826e-01,2.791871130466461182e-02,3.652587160468101501e-02,8.982505798339843750e-01,4.370724856853485107e-01,-3.274361789226531982e-02,7.862800955772399902e-01,6.391119956970214844e-01,-1.063749790191650391e+00,6.843214035034179688e-01,-6.284070611000061035e-01,7.825592756271362305e-01,1.071845889091491699e+00,4.637082815170288086e-01,7.089399099349975586e-01,-1.612148046493530273e+00,1.292934268712997437e-01,1.296518743038177490e-01,2.064573049545288086e+00,-6.247990727424621582e-01,2.327753305435180664e-01,-1.685458779335021973e+00,-1.480862647294998169e-01,2.939465269446372986e-02,2.057891607284545898e+00,-6.958336234092712402e-01,-2.187508940696716309e-01
2.042333036661148071e-02,-4.408382624387741089e-02,3.198784887790679932e-01,4.220791161060333252e-02,2.796818874776363373e-02,8.962690234184265137e-01,4.406110048294067383e-01,-2.858705073595046997e-02,7.838880419731140137e-01,6.750836372375488281e-01,-1.061293959617614746e+00,6.693040728569030762e-01,-6.603857874870300293e-01,8.107378482818603516e-01,1.063807964324951172e+00,4.535760581493377686e-01,7.382044792175292969e-01,-1.623026847839355469e+00,1.361393481492996216e-01,1.183374375104904175e-01,2.049432516098022461e+00,-5.992071032524108887e-01,2.297742366790771484e-01,-1.687673211097717285e+00,-1.475975066423416138e-01,2.423491142690181732e-02,2.040874958038330078e+00,-6.659477353096008301e-01,-2.061772644519805908e-01
2.257215045392513275e-02,-4.766945913434028625e-02,3.157873451709747314e-01,5.810565128922462463e-02,1.626766845583915710e-02,8.938074111938476562e-01,4.443730711936950684e-01,-2.574068121612071991e-02,7.812630534172058105e-01,7.036351561546325684e-01,-1.054407477378845215e+00,6.568617224693298340e-01,-6.919785737991333008e-01,8.361465334892272949e-01,1.054122209548950195e+00,4.457088708877563477e-01,7.688593864440917969e-01,-1.631314754486083984e+00,1.464857608079910278e-01,1.017293035984039307e-01,2.032817363739013672e+00,-5.662235021591186523e-01,2.197336107492446899e-01,-1.684862732887268066e+00,-1.470079123973846436e-01,1.479143556207418442e-02,2.022201299667358398e+00,-6.208611130714416504e-01,-1.935912519693374634e-01
2.650547586381435394e-02,-5.262572318315505981e-02,3.097694218158721924e-01,7.881125062704086304e-02,1.744646229781210423e-03,8.912566900253295898e-01,4.465951323509216309e-01,-2.909537591040134430e-02,7.784253358840942383e-01,7.263730168342590332e-01,-1.043544411659240723e+00,6.438384056091308594e-01,-7.189298272132873535e-01,8.596949577331542969e-01,1.037440657615661621e+00,4.363693892955780029e-01,8.054181337356567383e-01,-1.637638092041015625e+00,1.561459898948669434e-01,8.068972826004028320e-02,2.014855861663818359e+00,-5.204510688781738281e-01,2.066578269004821777e-01,-1.678294658660888672e+00,-1.471592336893081665e-01,2.660434460267424583e-03,2.002014398574829102e+00,-5.700273513793945312e-01,-1.810187846422195435e-01
3.045418672263622284e-02,-5.799342319369316101e-02,3.031275868415832520e-01,9.861418604850769043e-02,-1.046238373965024948e-02,8.895406723022460938e-01,4.459632337093353271e-01,-3.559928759932518005e-02,7.753951549530029297e-01,7.400581240653991699e-01,-1.029897689819335938e+00,6.348654031753540039e-01,-7.456583380699157715e-01,8.809698224067687988e-01,1.014316916465759277e+00,4.265663325786590576e-01,8.430129289627075195e-01,-1.638461828231811523e+00,1.602179706096649170e-01,6.803514063358306885e-02,1.995676517486572266e+00,-4.667322933673858643e-01,1.886278837919235229e-01,-1.676348447799682617e+00,-1.491790264844894409e-01,-4.127023741602897644e-03,1.980458617210388184e+00,-5.180003643035888672e-01,-1.709407269954681396e-01
3.549702838063240051e-02,-6.302934885025024414e-02,2.960246205329895020e-01,1.236890107393264771e-01,-2.341631054878234863e-02,8.874138593673706055e-01,4.434515833854675293e-01,-4.718757048249244690e-02,7.721928358078002930e-01,7.662928700447082520e-01,-1.009174585342407227e+00,6.103668212890625000e-01,-7.741506099700927734e-01,9.139134883880615234e-01,9.950615167617797852e-01,4.066275358200073242e-01,8.808806538581848145e-01,-1.630007266998291016e+00,1.613674759864807129e-01,5.247425660490989685e-02,1.975407123565673828e+00,-4.149800240993499756e-01,1.664527654647827148e-01,-1.663812756538391113e+00,-1.510484963655471802e-01,-9.064692072570323944e-03,1.957677960395812988e+00,-4.739101827144622803e-01,-1.634804457426071167e-01
3.989590704441070557e-02,-6.753255426883697510e-02,2.879959344863891602e-01,1.454966962337493896e-01,-3.489363566040992737e-02,8.845838904380798340e-01,4.417290091514587402e-01,-4.869838431477546692e-02,7.688385844230651855e-01,7.810592651367187500e-01,-9.901928901672363281e-01,5.908976793289184570e-01,-8.009738922119140625e-01,9.329046607017517090e-01,9.737814068794250488e-01,3.878278434276580811e-01,9.164655804634094238e-01,-1.627449035644531250e+00,1.601619720458984375e-01,3.905968740582466125e-02,1.954176068305969238e+00,-3.612711429595947266e-01,1.459583640098571777e-01,-1.657346844673156738e+00,-1.492646783590316772e-01,-1.672768406569957733e-02,1.933816432952880859e+00,-4.323998093605041504e-01,-1.557797491550445557e-01
4.476048797369003296e-02,-7.087558507919311523e-02,2.807186245918273926e-01,1.684545427560806274e-01,-4.388663917779922485e-02,8.811723589897155762e-01,4.395820200443267822e-01,-5.328494682908058167e-02,7.653526067733764648e-01,8.045391440391540527e-01,-9.761246442794799805e-01,5.667635202407836914e-01,-8.280952572822570801e-01,9.568232893943786621e-01,9.540497064590454102e-01,3.722444772720336914e-01,9.513722658157348633e-01,-1.620907425880432129e+00,1.591231822967529297e-01,2.705054916441440582e-02,1.932111620903015137e+00,-3.145944178104400635e-01,1.230949759483337402e-01,-1.649969816207885742e+00,-1.502059549093246460e-01,-2.310287766158580780e-02,1.909018158912658691e+00,-3.890685737133026123e-01,-1.417904943227767944e-01
4.845523089170455933e-02,-7.328117638826370239e-02,2.734163403511047363e-01,1.877166777849197388e-01,-5.095671862363815308e-02,8.781583309173583984e-01,4.370398223400115967e-01,-5.071802809834480286e-02,7.617552280426025391e-01,8.266152143478393555e-01,-9.625865817070007324e-01,5.449999570846557617e-01,-8.533231019973754883e-01,9.790481925010681152e-01,9.310109615325927734e-01,3.574679195880889893e-01,9.895398020744323730e-01,-1.618674993515014648e+00,1.544150561094284058e-01,1.714429259300231934e-02,1.909342050552368164e+00,-2.702803611755371094e-01,1.007692888379096985e-01,-1.646745085716247559e+00,-1.494099497795104980e-01,-2.732480131089687347e-02,1.883427381515502930e+00,-3.458354175090789795e-01,-1.261960715055465698e-01
5.211897194385528564e-02,-7.694514840841293335e-02,2.631983458995819092e-01,2.093852311372756958e-01,-6.054220721125602722e-02,8.741695880889892578e-01,4.339585006237030029e-01,-4.205812141299247742e-02,7.580667138099670410e-01,8.489835262298583984e-01,-9.479048252105712891e-01,5.163845419883728027e-01,-8.789719343185424805e-01,9.932000041007995605e-01,9.059290289878845215e-01,3.390347659587860107e-01,1.023801684379577637e+00,-1.614087462425231934e+00,1.530107110738754272e-01,7.214973215013742447e-03,1.885995388031005859e+00,-2.113611400127410889e-01,7.298871874809265137e-02,-1.641627192497253418e+00,-1.539644300937652588e-01,-2.965281531214714050e-02,1.857188105583190918e+00,-2.827154099941253662e-01,-1.021082475781440735e-01
5.458647757768630981e-02,-7.866851240396499634e-02,2.543594837188720703e-01,2.257666289806365967e-01,-6.710640341043472290e-02,8.708188533782958984e-01,4.315098226070404053e-01,-3.415097296237945557e-02,7.543073296546936035e-01,8.709459900856018066e-01,-9.318436384201049805e-01,4.910151958465576172e-01,-9.055777788162231445e-01,9.932000041007995605e-01,8.783468604087829590e-01,3.257279992103576660e-01,1.055240511894226074e+00,-1.613045692443847656e+00,1.499680727720260620e-01,-1.901828101836144924e-03,1.862200021743774414e+00,-1.651982665061950684e-01,4.756336286664009094e-02,-1.640034437179565430e+00,-1.523621827363967896e-01,-3.333655372262001038e-02,1.830444455146789551e+00,-2.376016229391098022e-01,-8.509258925914764404e-02
5.696645751595497131e-02,-8.072332292795181274e-02,2.442641407251358032e-01,2.416728883981704712e-01,-7.368960231542587280e-02,8.675515055656433105e-01,4.283904731273651123e-01,-2.932959049940109253e-02,7.504972219467163086e-01,8.858481645584106445e-01,-9.141149520874023438e-01,4.712793529033660889e-01,-9.317877292633056641e-01,9.932000041007995605e-01,8.469163775444030762e-01,3.157956600189208984e-01,1.086197853088378906e+00,-1.614963054656982422e+00,1.491910815238952637e-01,-9.675763547420501709e-03,1.838084101676940918e+00,-1.191833615303039551e-01,2.016009204089641571e-02,-1.640581488609313965e+00,-1.518679857254028320e-01,-3.634772822260856628e-02,1.803340554237365723e+00,-1.926882863044738770e-01,-6.921875476837158203e-02
5.845803394913673401e-02,-8.242835849523544312e-02,2.335361242294311523e-01,2.549669742584228516e-01,-8.020898699760437012e-02,8.646210432052612305e-01,4.254277944564819336e-01,-2.642625011503696442e-02,7.466567754745483398e-01,8.935912251472473145e-01,-8.965608477592468262e-01,4.553359746932983398e-01,-9.508160352706909180e-01,9.932000041007995605e-01,8.121737241744995117e-01,3.113819062709808350e-01,1.109762787818908691e+00,-1.619251012802124023e+00,1.474793106317520142e-01,-1.774940825998783112e-02,1.813775777816772461e+00,-6.945078074932098389e-02,-5.521142389625310898e-03,-1.642836332321166992e+00,-1.504957526922225952e-01,-3.949379920959472656e-02,1.776020526885986328e+00,-1.406828910112380981e-01,-5.067495629191398621e-02
5.933834984898567200e-02,-8.283359557390213013e-02,2.239464223384857178e-01,2.648907899856567383e-01,-8.411207050085067749e-02,8.621958494186401367e-01,4.235284626483917236e-01,-2.516092546284198761e-02,7.428061962127685547e-01,9.027603268623352051e-01,-8.811875581741333008e-01,4.396624565124511719e-01,-9.731804132461547852e-01,9.932000041007995605e-01,7.816464900970458984e-01,3.083329498767852783e-01,1.135149359703063965e+00,-1.626012206077575684e+00,1.448586136102676392e-01,-2.562070265412330627e-02,1.789403438568115234e+00,-3.143896162509918213e-02,-2.927746996283531189e-02,-1.648960947990417480e+00,-1.470975428819656372e-01,-4.243659973144531250e-02,1.748628377914428711e+00,-9.974807500839233398e-02,-3.382188826799392700e-02
5.945886299014091492e-02,-8.295785635709762573e-02,2.143984138965606689e-01,2.743121385574340820e-01,-8.821856975555419922e-02,8.598269820213317871e-01,4.215067327022552490e-01,-2.178969234228134155e-02,7.389657497406005859e-01,9.122241735458374023e-01,-8.640245795249938965e-01,4.256965517997741699e-01,-9.972564578056335449e-01,9.932000041007995605e-01,7.473536133766174316e-01,3.057541847229003906e-01,1.159708499908447266e+00,-1.630442857742309570e+00,1.409076303243637085e-01,-3.256050869822502136e-02,1.765095114707946777e+00,1.131312828510999680e-02,-5.412112921476364136e-02,-1.652080297470092773e+00,-1.457396894693374634e-01,-4.374011978507041931e-02,1.721308350563049316e+00,-5.547924339771270752e-02,-1.762678287923336029e-02
5.875388532876968384e-02,-8.244521170854568481e-02,2.054294943809509277e-01,2.801340520381927490e-01,-9.134032577276229858e-02,8.586149811744689941e-01,4.194784164428710938e-01,-2.200156077742576599e-02,7.351557016372680664e-01,9.203082919120788574e-01,-8.494990468025207520e-01,4.088602066040039062e-01,-1.016428470611572266e+00,9.932000041007995605e-01,7.178893089294433594e-01,3.058515489101409912e-01,1.186770558357238770e+00,-1.639365315437316895e+00,1.375469267368316650e-01,-3.952166065573692322e-02,1.740979194641113281e+00,4.421570524573326111e-02,-7.500849664211273193e-02,-1.658830285072326660e+00,-1.406685262918472290e-01,-4.494798183441162109e-02,1.694204449653625488e+00,-1.720720902085304260e-02,-4.591170698404312134e-03
5.854304507374763489e-02,-8.193933218717575073e-02,1.958056241273880005e-01,2.871254384517669678e-01,-9.367172420024871826e-02,8.567335605621337891e-01,4.180816113948822021e-01,-1.994901336729526520e-02,7.313962578773498535e-01,9.266975522041320801e-01,-8.352847695350646973e-01,3.961896300315856934e-01,-1.038073897361755371e+00,9.932000041007995605e-01,6.884672641754150391e-01,3.053117394447326660e-01,1.218293190002441406e+00,-1.646882295608520508e+00,1.340632140636444092e-01,-4.611276835203170776e-02,1.717183828353881836e+00,8.061116933822631836e-02,-9.712121635675430298e-02,-1.665939927101135254e+00,-1.371957659721374512e-01,-4.600514099001884460e-02,1.667460799217224121e+00,2.392599172890186310e-02,1.025901455432176590e-02
5.765514820814132690e-02,-8.120954036712646484e-02,1.866070032119750977e-01,2.914966046810150146e-01,-9.543803334236145020e-02,8.555597066879272461e-01,4.170598089694976807e-01,-1.986792497336864471e-02,7.277077436447143555e-01,9.335854649543762207e-01,-8.228072524070739746e-01,3.852975666522979736e-01,-1.062587141990661621e+00,9.932000041007995605e-01,6.607263684272766113e-01,3.073236048221588135e-01,1.252449631690979004e+00,-1.658069014549255371e+00,1.318292468786239624e-01,-5.212281271815299988e-02,1.693837165832519531e+00,1.076322793960571289e-01,-1.162511929869651794e-01,-1.676320791244506836e+00,-1.319634616374969482e-01,-4.668566212058067322e-02,1.641221523284912109e+00,5.843641608953475952e-02,2.420198358595371246e-02
5.659982934594154358e-02,-8.023072034120559692e-02,1.776265799999237061e-01,2.954370081424713135e-01,-9.695935249328613281e-02,8.543010354042053223e-01,4.165160357952117920e-01,-2.187087200582027435e-02,7.241104245185852051e-01,9.408155083656311035e-01,-8.100931048393249512e-01,3.733407557010650635e-01,-1.087604999542236328e+00,9.932000041007995605e-01,6.343975067138671875e-01,3.114001452922821045e-01,1.288019657135009766e+00,-1.669704914093017578e+00,1.297214478254318237e-01,-5.871515348553657532e-02,1.671067595481872559e+00,1.312944889068603516e-01,-1.348189115524291992e-01,-1.686329364776611328e+00,-1.265966147184371948e-01,-4.793129861354827881e-02,1.615630745887756348e+00,9.030780941247940063e-02,3.900525718927383423e-02
5.441999435424804688e-02,-7.909920811653137207e-02,1.688513010740280151e-01,2.978050708770751953e-01,-9.970721602439880371e-02,8.530496358871459961e-01,4.167456030845642090e-01,-2.241212315857410431e-02,7.206244468688964844e-01,9.476628899574279785e-01,-7.976833581924438477e-01,3.619159460067749023e-01,-1.111677050590515137e+00,9.932000041007995605e-01,6.078801155090332031e-01,3.181193470954895020e-01,1.323675870895385742e+00,-1.688267707824707031e+00,1.245375648140907288e-01,-6.761145591735839844e-02,1.649003148078918457e+00,1.548784375190734863e-01,-1.552423685789108276e-01,-1.695648074150085449e+00,-1.190663874149322510e-01,-5.039627104997634888e-02,1.590832471847534180e+00,1.189883127808570862e-01,5.330327525734901428e-02
5.274916812777519226e-02,-7.784839719533920288e-02,1.600077897310256958e-01,3.003010451793670654e-01,-1.019885465502738953e-01,8.517740368843078613e-01,4.170114994049072266e-01,-2.446407265961170197e-02,7.172701954841613770e-01,9.528462290763854980e-01,-7.834643721580505371e-01,3.503943979740142822e-01,-1.134642124176025391e+00,9.932000041007995605e-01,5.814265012741088867e-01,3.252364099025726318e-01,1.357053637504577637e+00,-1.707754731178283691e+00,1.216802820563316345e-01,-8.050136268138885498e-02,1.627772092819213867e+00,1.874316632747650146e-01,-1.811858564615249634e-01,-1.705533742904663086e+00,-1.126024499535560608e-01,-5.362530797719955444e-02,1.566970944404602051e+00,1.452178657054901123e-01,6.827770173549652100e-02
5.145423114299774170e-02,-7.665497064590454102e-02,1.515717655420303345e-01,3.018139898777008057e-01,-1.031804978847503662e-01,8.509047627449035645e-01,4.174004793167114258e-01,-2.451153472065925598e-02,7.140678167343139648e-01,9.571142792701721191e-01,-7.685082554817199707e-01,3.438970148563385010e-01,-1.160604119300842285e+00,9.932000041007995605e-01,5.552350878715515137e-01,3.325409293174743652e-01,1.392047643661499023e+00,-1.721041560173034668e+00,1.205347403883934021e-01,-8.737231791019439697e-02,1.607502818107604980e+00,2.118705809116363525e-01,-1.997503042221069336e-01,-1.717516303062438965e+00,-1.063841506838798523e-01,-5.657055601477622986e-02,1.544190287590026855e+00,1.689159423112869263e-01,8.377969264984130859e-02
5.011929944157600403e-02,-7.512744516134262085e-02,1.443229168653488159e-01,3.020787835121154785e-01,-1.034671142697334290e-01,8.508114218711853027e-01,4.173282384872436523e-01,-2.491939626634120941e-02,7.110376954078674316e-01,9.621340632438659668e-01,-7.580221295356750488e-01,3.336579203605651855e-01,-1.182115674018859863e+00,9.932000041007995605e-01,5.341075658798217773e-01,3.393413722515106201e-01,1.423648238182067871e+00,-1.729669094085693359e+00,1.226484030485153198e-01,-9.238887578248977661e-02,1.588323354721069336e+00,2.273814231157302856e-01,-2.145026028156280518e-01,-1.729649901390075684e+00,-1.018464788794517517e-01,-5.877073481678962708e-02,1.522634387016296387e+00,1.865785717964172363e-01,9.991755336523056030e-02
4.939923435449600220e-02,-7.403200864791870117e-02,1.371712535619735718e-01,3.027139008045196533e-01,-1.026445925235748291e-01,8.508397936820983887e-01,4.170131981372833252e-01,-2.382002770900726318e-02,7.081999778747558594e-01,9.663599133491516113e-01,-7.490215897560119629e-01,3.259523808956146240e-01,-1.203686475753784180e+00,9.932000041007995605e-01,5.160653591156005859e-01,3.467459380626678467e-01,1.453802585601806641e+00,-1.734629869461059570e+00,1.246316954493522644e-01,-9.646413475275039673e-02,1.560509562492370605e+00,2.408868223428726196e-01,-2.260371297597885132e-01,-1.742632746696472168e+00,-9.830817580223083496e-02,-5.943299457430839539e-02,1.502447605133056641e+00,2.038950026035308838e-01,1.135760545730590820e-01
4.860604926943778992e-02,-7.313776016235351562e-02,1.304406374692916870e-01,3.031108677387237549e-01,-1.019902229309082031e-01,8.511183261871337891e-01,4.163164496421813965e-01,-2.223414927721023560e-02,7.055749297142028809e-01,9.696020483970642090e-01,-7.413098216056823730e-01,3.195948302745819092e-01,-1.224184751510620117e+00,9.932000041007995605e-01,4.987800121307373047e-01,3.550761640071868896e-01,1.481454253196716309e+00,-1.739115476608276367e+00,1.259800046682357788e-01,-9.986766427755355835e-02,1.535336971282958984e+00,2.528454959392547607e-01,-2.360447645187377930e-01,-1.754579305648803711e+00,-9.540373086929321289e-02,-5.918195098638534546e-02,1.483773946762084961e+00,2.207794636487960815e-01,1.269196271896362305e-01
4.803673177957534790e-02,-7.219302654266357422e-02,1.242973580956459045e-01,3.032884001731872559e-01,-1.010147631168365479e-01,8.512893319129943848e-01,4.160752892494201660e-01,-1.964106969535350800e-02,7.031828761100769043e-01,9.733415842056274414e-01,-7.340300083160400391e-01,3.160453736782073975e-01,-1.244451880455017090e+00,9.932000041007995605e-01,4.830055832862854004e-01,3.630639314651489258e-01,1.506226301193237305e+00,-1.743735313415527344e+00,1.265796273946762085e-01,-1.021155416965484619e-01,1.515125870704650879e+00,2.623890042304992676e-01,-2.447631359100341797e-01,-1.766186356544494629e+00,-9.285238385200500488e-02,-5.950054153800010681e-02,1.466757416725158691e+00,2.351392060518264771e-01,1.388163417577743530e-01
4.753676801919937134e-02,-7.131343334913253784e-02,1.188339963555335999e-01,3.030613958835601807e-01,-1.002184525132179260e-01,8.515810370445251465e-01,4.158362448215484619e-01,-1.817811653017997742e-02,7.010440826416015625e-01,9.778710603713989258e-01,-7.286469936370849609e-01,3.118850886821746826e-01,-1.261760234832763672e+00,9.932000041007995605e-01,4.696019291877746582e-01,3.699857592582702637e-01,1.527720808982849121e+00,-1.748464703559875488e+00,1.277105063199996948e-01,-1.040563210844993591e-01,1.501327395439147949e+00,2.688933908939361572e-01,-2.520199120044708252e-01,-1.776870012283325195e+00,-9.134067595005035400e-02,-6.026493757963180542e-02,1.451542258262634277e+00,2.465405613183975220e-01,1.495536714792251587e-01
4.711210355162620544e-02,-7.048343867063522339e-02,1.141145229339599609e-01,3.026845157146453857e-01,-9.935051947832107544e-02,8.519059419631958008e-01,4.156534671783447266e-01,-1.655307225883007050e-02,6.991786956787109375e-01,9.824685454368591309e-01,-7.241597175598144531e-01,3.090358972549438477e-01,-1.277610898017883301e+00,9.932000041007995605e-01,4.582661390304565430e-01,3.771720528602600098e-01,1.546145677566528320e+00,-1.754022598266601562e+00,1.286607086658477783e-01,-1.055683493614196777e-01,1.492460846900939941e+00,2.733038067817687988e-01,-2.578649818897247314e-01,-1.786409258842468262e+00,-9.040680527687072754e-02,-6.086010113358497620e-02,1.438272476196289062e+00,2.565252482891082764e-01,1.584788113832473755e-01
4.683801904320716858e-02,-6.976666301488876343e-02,1.101063266396522522e-01,3.024129271507263184e-01,-9.845856577157974243e-02,8.521993756294250488e-01,4.154618978500366211e-01,-1.529103331267833710e-02,6.976071000099182129e-01,9.862786531448364258e-01,-7.200820446014404297e-01,3.073765039443969727e-01,-1.291175246238708496e+00,9.932000041007995605e-01,4.488381743431091309e-01,3.836345374584197998e-01,1.561686277389526367e+00,-1.759547114372253418e+00,1.294522732496261597e-01,-1.070500388741493225e-01,1.487538456916809082e+00,2.764081358909606934e-01,-2.630942761898040771e-01,-1.794537186622619629e+00,-8.955509960651397705e-02,-6.130549684166908264e-02,1.427092313766479492e+00,2.645447850227355957e-01,1.653669476509094238e-01
4.666293784976005554e-02,-6.916114687919616699e-02,1.076165214180946350e-01,3.022311925888061523e-01,-9.767998754978179932e-02,8.524165153503417969e-01,4.153324365615844727e-01,-1.437275204807519913e-02,6.963494420051574707e-01,9.892609119415283203e-01,-7.167676091194152832e-01,3.067112267017364502e-01,-1.302357316017150879e+00,9.932000041007995605e-01,4.411904513835906982e-01,3.890963494777679443e-01,1.574569821357727051e+00,-1.764780044555664062e+00,1.300043761730194092e-01,-1.080207377672195435e-01,1.485194444656372070e+00,2.782753109931945801e-01,-2.671099007129669189e-01,-1.800865888595581055e+00,-8.924551308155059814e-02,-6.169176474213600159e-02,1.418145656585693359e+00,2.706106603145599365e-01,1.704340279102325439e-01
4.655001312494277954e-02,-6.871474534273147583e-02,1.063962727785110474e-01,3.021054267883300781e-01,-9.709046781063079834e-02,8.525972366333007812e-01,4.151912033557891846e-01,-1.383193861693143845e-02,6.954260468482971191e-01,9.914573431015014648e-01,-7.144519686698913574e-01,3.065039515495300293e-01,-1.310706377029418945e+00,9.932000041007995605e-01,4.356476962566375732e-01,3.932101726531982422e-01,1.584014177322387695e+00,-1.769148468971252441e+00,1.304483860731124878e-01,-1.087017133831977844e-01,1.484491586685180664e+00,2.791943550109863281e-01,-2.699564397335052490e-01,-1.805380582809448242e+00,-8.920368552207946777e-02,-6.192743405699729919e-02,1.411576867103576660e+00,2.747693061828613281e-01,1.739617437124252319e-01
4.648367315530776978e-02,-6.844017654657363892e-02,1.056555286049842834e-01,3.020307719707489014e-01,-9.670490771532058716e-02,8.527138829231262207e-01,4.150958657264709473e-01,-1.356915384531021118e-02,6.948571205139160156e-01,9.927838444709777832e-01,-7.130438685417175293e-01,3.066337704658508301e-01,-1.315974116325378418e+00,9.932000041007995605e-01,4.322553575038909912e-01,3.957402110099792480e-01,1.589852690696716309e+00,-1.772108316421508789e+00,1.307059079408645630e-01,-1.090908423066139221e-01,1.484555244445800781e+00,2.795453965663909912e-01,-2.717596292495727539e-01,-1.808079838752746582e+00,-8.924157172441482544e-02,-6.201853975653648376e-02,1.407529950141906738e+00,2.771410048007965088e-01,1.760597825050354004e-01
4.646285250782966614e-02,-6.834341585636138916e-02,1.054017096757888794e-01,3.020038306713104248e-01,-9.656402468681335449e-02,8.527555465698242188e-01,4.150627255439758301e-01,-1.349857077002525330e-02,6.946629881858825684e-01,9.932000041007995605e-01,-7.125540375709533691e-01,3.067405521869659424e-01,-1.317736744880676270e+00,9.932000041007995605e-01,4.310942888259887695e-01,3.966579735279083252e-01,1.591850161552429199e+00,-1.773189902305603027e+00,1.307985037565231323e-01,-1.092178672552108765e-01,1.484679222106933594e+00,2.796463668346405029e-01,-2.723964452743530273e-01,-1.808947086334228516e+00,-8.927232772111892700e-02,-6.204756349325180054e-02,1.406148910522460938e+00,2.778963446617126465e-01,1.767114698886871338e-01
4.646285250782966614e-02,-6.834341585636138916e-02,1.054017096757888794e-01,3.020038306713104248e-01,-9.656402468681335449e-02,8.527555465698242188e-01,4.150627255439758301e-01,-1.349857077002525330e-02,6.946629881858825684e-01,9.932000041007995605e-01,-7.125540375709533691e-01,3.067405521869659424e-01,-1.317736744880676270e+00,9.932000041007995605e-01,4.310942888259887695e-01,3.966579735279083252e-01,1.591850161552429199e+00,-1.773189902305603027e+00,1.307985037565231323e-01,-1.092178672552108765e-01,1.484679222106933594e+00,2.796463668346405029e-01,-2.723964452743530273e-01,-1.808947086334228516e+00,-8.927232772111892700e-02,-6.204756349325180054e-02,1.406148910522460938e+00,2.778963446617126465e-01,1.767114698886871338e-01
4.646285250782966614e-02,-6.834341585636138916e-02,1.054017096757888794e-01,3.020038306713104248e-01,-9.656402468681335449e-02,8.527555465698242188e-01,4.150627255439758301e-01,-1.349857077002525330e-02,6.946629881858825684e-01,9.932000041007995605e-01,-7.125540375709533691e-01,3.067405521869659424e-01,-1.317736744880676270e+00,9.932000041007995605e-01,4.310942888259887695e-01,3.966579735279083252e-01,1.591850161552429199e+00,-1.773189902305603027e+00,1.307985037565231323e-01,-1.092178672552108765e-01,1.484679222106933594e+00,2.796463668346405029e-01,-2.723964452743530273e-01,-1.808947086334228516e+00,-8.927232772111892700e-02,-6.204756349325180054e-02,1.406148910522460938e+00,2.778963446617126465e-01,1.767114698886871338e-01
4.646285250782966614e-02,-6.834341585636138916e-02,1.054017096757888794e-01,3.020038306713104248e-01,-9.656402468681335449e-02,8.527555465698242188e-01,4.150627255439758301e-01,-1.349857077002525330e-02,6.946629881858825684e-01,9.932000041007995605e-01,-7.125540375709533691e-01,3.067405521869659424e-01,-1.317736744880676270e+00,9.932000041007995605e-01,4.310942888259887695e-01,3.966579735279083252e-01,1.591850161552429199e+00,-1.773189902305603027e+00,1.307985037565231323e-01,-1.092178672552108765e-01,1.484679222106933594e+00,2.796463668346405029e-01,-2.723964452743530273e-01,-1.808947086334228516e+00,-8.927232772111892700e-02,-6.204756349325180054e-02,1.406148910522460938e+00,2.778963446617126465e-01,1.767114698886871338e-01
4.646285250782966614e-02,-6.834341585636138916e-02,1.054017096757888794e-01,3.020038306713104248e-01,-9.656402468681335449e-02,8.527555465698242188e-01,4.150627255439758301e-01,-1.349857077002525330e-02,6.946629881858825684e-01,9.932000041007995605e-01,-7.125540375709533691e-01,3.067405521869659424e-01,-1.317736744880676270e+00,9.932000041007995605e-01,4.310942888259887695e-01,3.966579735279083252e-01,1.591850161552429199e+00,-1.773189902305603027e+00,1.307985037565231323e-01,-1.092178672552108765e-01,1.484679222106933594e+00,2.796463668346405029e-01,-2.723964452743530273e-01,-1.808947086334228516e+00,-8.927232772111892700e-02,-6.204756349325180054e-02,1.406148910522460938e+00,2.778963446617126465e-01,1.767114698886871338e-01
4.646285250782966614e-02,-6.834341585636138916e-02,1.054017096757888794e-01,3.020038306713104248e-01,-9.656402468681335449e-02,8.527555465698242188e-01,4.150627255439758301e-01,-1.349857077002525330e-02,6.946629881858825684e-01,9.932000041007995605e-01,-7.125540375709533691e-01,3.067405521869659424e-01,-1.317736744880676270e+00,9.932000041007995605e-01,4.310942888259887695e-01,3.966579735279083252e-01,1.591850161552429199e+00,-1.773189902305603027e+00,1.307985037565231323e-01,-1.092178672552108765e-01,1.484679222106933594e+00,2.796463668346405029e-01,-2.723964452743530273e-01,-1.808947086334228516e+00,-8.927232772111892700e-02,-6.204756349325180054e-02,1.406148910522460938e+00,2.778963446617126465e-01,1.767114698886871338e-01
4.646285250782966614e-02,-6.834341585636138916e-02,1.054017096757888794e-01,3.020038306713104248e-01,-9.656402468681335449e-02,8.527555465698242188e-01,4.150627255439758301e-01,-1.349857077002525330e-02,6.946629881858825684e-01,9.932000041007995605e-01,-7.125540375709533691e-01,3.067405521869659424e-01,-1.317736744880676270e+00,9.932000041007995605e-01,4.310942888259887695e-01,3.966579735279083252e-01,1.591850161552429199e+00,-1.773189902305603027e+00,1.307985037565231323e-01,-1.092178672552108765e-01,1.484679222106933594e+00,2.796463668346405029e-01,-2.723964452743530273e-01,-1.808947086334228516e+00,-8.927232772111892700e-02,-6.204756349325180054e-02,1.406148910522460938e+00,2.778963446617126465e-01,1.767114698886871338e-01
4.646285250782966614e-02,-6.834341585636138916e-02,1.054017096757888794e-01,3.020038306713104248e-01,-9.656402468681335449e-02,8.527555465698242188e-01,4.150627255439758301e-01,-1.349857077002525330e-02,6.946629881858825684e-01,9.932000041007995605e-01,-7.125540375709533691e-01,3.067405521869659424e-01,-1.317736744880676270e+00,9.932000041007995605e-01,4.310942888259887695e-01,3.966579735279083252e-01,1.591850161552429199e+00,-1.773189902305603027e+00,1.307985037565231323e-01,-1.092178672552108765e-01,1.484679222106933594e+00,2.796463668346405029e-01,-2.723964452743530273e-01,-1.808947086334228516e+00,-8.927232772111892700e-02,-6.204756349325180054e-02,1.406148910522460938e+00,2.778963446617126465e-01,1.767114698886871338e-01
4.646285250782966614e-02,-6.834341585636138916e-02,1.054017096757888794e-01,3.020038306713104248e-01,-9.656402468681335449e-02,8.527555465698242188e-01,4.150627255439758301e-01,-1.349857077002525330e-02,6.946629881858825684e-01,9.932000041007995605e-01,-7.125540375709533691e-01,3.067405521869659424e-01,-1.317736744880676270e+00,9.932000041007995605e-01,4.310942888259887695e-01,3.966579735279083252e-01,1.591850161552429199e+00,-1.773189902305603027e+00,1.307985037565231323e-01,-1.092178672552108765e-01,1.484679222106933594e+00,2.796463668346405029e-01,-2.723964452743530273e-01,-1.808947086334228516e+00,-8.927232772111892700e-02,-6.204756349325180054e-02,1.406148910522460938e+00,2.778963446617126465e-01,1.767114698886871338e-01
4.646285250782966614e-02,-6.834341585636138916e-02,1.054017096757888794e-01,3.020038306713104248e-01,-9.656402468681335449e-02,8.527555465698242188e-01,4.150627255439758301e-01,-1.349857077002525330e-02,6.946629881858825684e-01,9.932000041007995605e-01,-7.125540375709533691e-01,3.067405521869659424e-01,-1.317736744880676270e+00,9.932000041007995605e-01,4.310942888259887695e-01,3.966579735279083252e-01,1.591850161552429199e+00,-1.773189902305603027e+00,1.307985037565231323e-01,-1.092178672552108765e-01,1.484679222106933594e+00,2.796463668346405029e-01,-2.723964452743530273e-01,-1.808947086334228516e+00,-8.927232772111892700e-02,-6.204756349325180054e-02,1.406148910522460938e+00,2.778963446617126465e-01,1.767114698886871338e-01
4.646285250782966614e-02,-6.834341585636138916e-02,1.054017096757888794e-01,3.020038306713104248e-01,-9.656402468681335449e-02,8.527555465698242188e-01,4.150627255439758301e-01,-1.349857077002525330e-02,6.946629881858825684e-01,9.932000041007995605e-01,-7.125540375709533691e-01,3.067405521869659424e-01,-1.317736744880676270e+00,9.932000041007995605e-01,4.310942888259887695e-01,3.966579735279083252e-01,1.591850161552429199e+00,-1.773189902305603027e+00,1.307985037565231323e-01,-1.092178672552108765e-01,1.484679222106933594e+00,2.796463668346405029e-01,-2.723964452743530273e-01,-1.808947086334228516e+00,-8.927232772111892700e-02,-6.204756349325180054e-02,1.406148910522460938e+00,2.778963446617126465e-01,1.767114698886871338e-01
4.646285250782966614e-02,-6.834341585636138916e-02,1.054017096757888794e-01,3.020038306713104248e-01,-9.656402468681335449e-02,8.527555465698242188e-01,4.150627255439758301e-01,-1.349857077002525330e-02,6.946629881858825684e-01,9.932000041007995605e-01,-7.125540375709533691e-01,3.067405521869659424e-01,-1.317736744880676270e+00,9.932000041007995605e-01,4.310942888259887695e-01,3.966579735279083252e-01,1.591850161552429199e+00,-1.773189902305603027e+00,1.307985037565231323e-01,-1.092178672552108765e-01,1.484679222106933594e+00,2.796463668346405029e-01,-2.723964452743530273e-01,-1.808947086334228516e+00,-8.927232772111892700e-02,-6.204756349325180054e-02,1.406148910522460938e+00,2.778963446617126465e-01,1.767114698886871338e-01
4.646285250782966614e-02,-6.834341585636138916e-02,1.054017096757888794e-01,3.020038306713104248e-01,-9.656402468681335449e-02,8.527555465698242188e-01,4.150627255439758301e-01,-1.349857077002525330e-02,6.946629881858825684e-01,9.932000041007995605e-01,-7.125540375709533691e-01,3.067405521869659424e-01,-1.317736744880676270e+00,9.932000041007995605e-01,4.310942888259887695e-01,3.966579735279083252e-01,1.591850161552429199e+00,-1.773189902305603027e+00,1.307985037565231323e-01,-1.092178672552108765e-01,1.484679222106933594e+00,2.796463668346405029e-01,-2.723964452743530273e-01,-1.808947086334228516e+00,-8.927232772111892700e-02,-6.204756349325180054e-02,1.406148910522460938e+00,2.778963446617126465e-01,1.767114698886871338e-01
4.646285250782966614e-02,-6.834341585636138916e-02,1.054017096757888794e-01,3.020038306713104248e-01,-9.656402468681335449e-02,8.527555465698242188e-01,4.150627255439758301e-01,-1.349857077002525330e-02,6.946629881858825684e-01,9.932000041007995605e-01,-7.125540375709533691e-01,3.067405521869659424e-01,-1.317736744880676270e+00,9.932000041007995605e-01,4.310942888259887695e-01,3.966579735279083252e-01,1.591850161552429199e+00,-1.773189902305603027e+00,1.307985037565231323e-01,-1.092178672552108765e-01,1.484679222106933594e+00,2.796463668346405029e-01,-2.723964452743530273e-01,-1.808947086334228516e+00,-8.927232772111892700e-02,-6.204756349325180054e-02,1.406148910522460938e+00,2.778963446617126465e-01,1.767114698886871338e-01
4.646285250782966614e-02,-6.834341585636138916e-02,1.054017096757888794e-01,3.020038306713104248e-01,-9.656402468681335449e-02,8.527555465698242188e-01,4.150627255439758301e-01,-1.349857077002525330e-02,6.946629881858825684e-01,9.932000041007995605e-01,-7.125540375709533691e-01,3.067405521869659424e-01,-1.317736744880676270e+00,9.932000041007995605e-01,4.310942888259887695e-01,3.966579735279083252e-01,1.591850161552429199e+00,-1.773189902305603027e+00,1.307985037565231323e-01,-1.092178672552108765e-01,1.484679222106933594e+00,2.796463668346405029e-01,-2.723964452743530273e-01,-1.808947086334228516e+00,-8.927232772111892700e-02,-6.204756349325180054e-02,1.406148910522460938e+00,2.778963446617126465e-01,1.767114698886871338e-01
4.646285250782966614e-02,-6.834341585636138916e-02,1.054017096757888794e-01,3.020038306713104248e-01,-9.656402468681335449e-02,8.527555465698242188e-01,4.150627255439758301e-01,-1.349857077002525330e-02,6.946629881858825684e-01,9.932000041007995605e-01,-7.125540375709533691e-01,3.067405521869659424e-01,-1.317736744880676270e+00,9.932000041007995605e-01,4.310942888259887695e-01,3.966579735279083252e-01,1.591850161552429199e+00,-1.773189902305603027e+00,1.307985037565231323e-01,-1.092178672552108765e-01,1.484679222106933594e+00,2.796463668346405029e-01,-2.723964452743530273e-01,-1.808947086334228516e+00,-8.927232772111892700e-02,-6.204756349325180054e-02,1.406148910522460938e+00,2.778963446617126465e-01,1.767114698886871338e-01
4.646285250782966614e-02,-6.834341585636138916e-02,1.054017096757888794e-01,3.020038306713104248e-01,-9.656402468681335449e-02,8.527555465698242188e-01,4.150627255439758301e-01,-1.349857077002525330e-02,6.946629881858825684e-01,9.932000041007995605e-01,-7.125540375709533691e-01,3.067405521869659424e-01,-1.317736744880676270e+00,9.932000041007995605e-01,4.310942888259887695e-01,3.966579735279083252e-01,1.591850161552429199e+00,-1.773189902305603027e+00,1.307985037565231323e-01,-1.092178672552108765e-01,1.484679222106933594e+00,2.796463668346405029e-01,-2.723964452743530273e-01,-1.808947086334228516e+00,-8.927232772111892700e-02,-6.204756349325180054e-02,1.406148910522460938e+00,2.778963446617126465e-01,1.767114698886871338e-01
4.646285250782966614e-02,-6.834341585636138916e-02,1.054017096757888794e-01,3.020038306713104248e-01,-9.656402468681335449e-02,8.527555465698242188e-01,4.150627255439758301e-01,-1.349857077002525330e-02,6.946629881858825684e-01,9.932000041007995605e-01,-7.125540375709533691e-01,3.067405521869659424e-01,-1.317736744880676270e+00,9.932000041007995605e-01,4.310942888259887695e-01,3.966579735279083252e-01,1.591850161552429199e+00,-1.773189902305603027e+00,1.307985037565231323e-01,-1.092178672552108765e-01,1.484679222106933594e+00,2.796463668346405029e-01,-2.723964452743530273e-01,-1.808947086334228516e+00,-8.927232772111892700e-02,-6.204756349325180054e-02,1.406148910522460938e+00,2.778963446617126465e-01,1.767114698886871338e-01
4.646285250782966614e-02,-6.834341585636138916e-02,1.054017096757888794e-01,3.020038306713104248e-01,-9.656402468681335449e-02,8.527555465698242188e-01,4.150627255439758301e-01,-1.349857077002525330e-02,6.946629881858825684e-01,9.932000041007995605e-01,-7.125540375709533691e-01,3.067405521869659424e-01,-1.317736744880676270e+00,9.932000041007995605e-01,4.310942888259887695e-01,3.966579735279083252e-01,1.591850161552429199e+00,-1.773189902305603027e+00,1.307985037565231323e-01,-1.092178672552108765e-01,1.484679222106933594e+00,2.796463668346405029e-01,-2.723964452743530273e-01,-1.808947086334228516e+00,-8.927232772111892700e-02,-6.204756349325180054e-02,1.406148910522460938e+00,2.778963446617126465e-01,1.767114698886871338e-01
4.646285250782966614e-02,-6.834341585636138916e-02,1.054017096757888794e-01,3.020038306713104248e-01,-9.656402468681335449e-02,8.527555465698242188e-01,4.150627255439758301e-01,-1.349857077002525330e-02,6.946629881858825684e-01,9.932000041007995605e-01,-7.125540375709533691e-01,3.067405521869659424e-01,-1.317736744880676270e+00,9.932000041007995605e-01,4.310942888259887695e-01,3.966579735279083252e-01,1.591850161552429199e+00,-1.773189902305603027e+00,1.307985037565231323e-01,-1.092178672552108765e-01,1.484679222106933594e+00,2.796463668346405029e-01,-2.723964452743530273e-01,-1.808947086334228516e+00,-8.927232772111892700e-02,-6.204756349325180054e-02,1.406148910522460938e+00,2.778963446617126465e-01,1.767114698886871338e-01
4.646285250782966614e-02,-6.834341585636138916e-02,1.054017096757888794e-01,3.020038306713104248e-01,-9.656402468681335449e-02,8.527555465698242188e-01,4.150627255439758301e-01,-1.349857077002525330e-02,6.946629881858825684e-01,9.932000041007995605e-01,-7.125540375709533691e-01,3.067405521869659424e-01,-1.317736744880676270e+00,9.932000041007995605e-01,4.310942888259887695e-01,3.966579735279083252e-01,1.591850161552429199e+00,-1.773189902305603027e+00,1.307985037565231323e-01,-1.092178672552108765e-01,1.484679222106933594e+00,2.796463668346405029e-01,-2.723964452743530273e-01,-1.808947086334228516e+00,-8.927232772111892700e-02,-6.204756349325180054e-02,1.406148910522460938e+00,2.778963446617126465e-01,1.767114698886871338e-01
4.646285250782966614e-02,-6.834341585636138916e-02,1.054017096757888794e-01,3.020038306713104248e-01,-9.656402468681335449e-02,8.527555465698242188e-01,4.150627255439758301e-01,-1.349857077002525330e-02,6.946629881858825684e-01,9.932000041007995605e-01,-7.125540375709533691e-01,3.067405521869659424e-01,-1.317736744880676270e+00,9.932000041007995605e-01,4.310942888259887695e-01,3.966579735279083252e-01,1.591850161552429199e+00,-1.773189902305603027e+00,1.307985037565231323e-01,-1.092178672552108765e-01,1.484679222106933594e+00,2.796463668346405029e-01,-2.723964452743530273e-01,-1.808947086334228516e+00,-8.927232772111892700e-02,-6.204756349325180054e-02,1.406148910522460938e+00,2.778963446617126465e-01,1.767114698886871338e-01
4.646285250782966614e-02,-6.834341585636138916e-02,1.054017096757888794e-01,3.020038306713104248e-01,-9.656402468681335449e-02,8.527555465698242188e-01,4.150627255439758301e-01,-1.349857077002525330e-02,6.946629881858825684e-01,9.932000041007995605e-01,-7.125540375709533691e-01,3.067405521869659424e-01,-1.317736744880676270e+00,9.932000041007995605e-01,4.310942888259887695e-01,3.966579735279083252e-01,1.591850161552429199e+00,-1.773189902305603027e+00,1.307985037565231323e-01,-1.092178672552108765e-01,1.484679222106933594e+00,2.796463668346405029e-01,-2.723964452743530273e-01,-1.808947086334228516e+00,-8.927232772111892700e-02,-6.204756349325180054e-02,1.406148910522460938e+00,2.778963446617126465e-01,1.767114698886871338e-01
4.646285250782966614e-02,-6.834341585636138916e-02,1.054017096757888794e-01,3.020038306713104248e-01,-9.656402468681335449e-02,8.527555465698242188e-01,4.150627255439758301e-01,-1.349857077002525330e-02,6.946629881858825684e-01,9.932000041007995605e-01,-7.125540375709533691e-01,3.067405521869659424e-01,-1.317736744880676270e+00,9.932000041007995605e-01,4.310942888259887695e-01,3.966579735279083252e-01,1.591850161552429199e+00,-1.773189902305603027e+00,1.307985037565231323e-01,-1.092178672552108765e-01,1.484679222106933594e+00,2.796463668346405029e-01,-2.723964452743530273e-01,-1.808947086334228516e+00,-8.927232772111892700e-02,-6.204756349325180054e-02,1.406148910522460938e+00,2.778963446617126465e-01,1.767114698886871338e-01
4.646285250782966614e-02,-6.834341585636138916e-02,1.054017096757888794e-01,3.020038306713104248e-01,-9.656402468681335449e-02,8.527555465698242188e-01,4.150627255439758301e-01,-1.349857077002525330e-02,6.946629881858825684e-01,9.932000041007995605e-01,-7.125540375709533691e-01,3.067405521869659424e-01,-1.317736744880676270e+00,9.932000041007995605e-01,4.310942888259887695e-01,3.966579735279083252e-01,1.591850161552429199e+00,-1.773189902305603027e+00,1.307985037565231323e-01,-1.092178672552108765e-01,1.484679222106933594e+00,2.796463668346405029e-01,-2.723964452743530273e-01,-1.808947086334228516e+00,-8.927232772111892700e-02,-6.204756349325180054e-02,1.406148910522460938e+00,2.778963446617126465e-01,1.767114698886871338e-01
4.646285250782966614e-02,-6.834341585636138916e-02,1.054017096757888794e-01,3.020038306713104248e-01,-9.656402468681335449e-02,8.527555465698242188e-01,4.150627255439758301e-01,-1.349857077002525330e-02,6.946629881858825684e-01,9.932000041007995605e-01,-7.125540375709533691e-01,3.067405521869659424e-01,-1.317736744880676270e+00,9.932000041007995605e-01,4.310942888259887695e-01,3.966579735279083252e-01,1.591850161552429199e+00,-1.773189902305603027e+00,1.307985037565231323e-01,-1.092178672552108765e-01,1.484679222106933594e+00,2.796463668346405029e-01,-2.723964452743530273e-01,-1.808947086334228516e+00,-8.927232772111892700e-02,-6.204756349325180054e-02,1.406148910522460938e+00,2.778963446617126465e-01,1.767114698886871338e-01
4.646285250782966614e-02,-6.834341585636138916e-02,1.054017096757888794e-01,3.020038306713104248e-01,-9.656402468681335449e-02,8.527555465698242188e-01,4.150627255439758301e-01,-1.349857077002525330e-02,6.946629881858825684e-01,9.932000041007995605e-01,-7.125540375709533691e-01,3.067405521869659424e-01,-1.317736744880676270e+00,9.932000041007995605e-01,4.310942888259887695e-01,3.966579735279083252e-01,1.591850161552429199e+00,-1.773189902305603027e+00,1.307985037565231323e-01,-1.092178672552108765e-01,1.484679222106933594e+00,2.796463668346405029e-01,-2.723964452743530273e-01,-1.808947086334228516e+00,-8.927232772111892700e-02,-6.204756349325180054e-02,1.406148910522460938e+00,2.778963446617126465e-01,1.767114698886871338e-01
4.646285250782966614e-02,-6.834341585636138916e-02,1.054017096757888794e-01,3.020038306713104248e-01,-9.656402468681335449e-02,8.527555465698242188e-01,4.150627255439758301e-01,-1.349857077002525330e-02,6.946629881858825684e-01,9.932000041007995605e-01,-7.125540375709533691e-01,3.067405521869659424e-01,-1.317736744880676270e+00,9.932000041007995605e-01,4.310942888259887695e-01,3.966579735279083252e-01,1.591850161552429199e+00,-1.773189902305603027e+00,1.307985037565231323e-01,-1.092178672552108765e-01,1.484679222106933594e+00,2.796463668346405029e-01,-2.723964452743530273e-01,-1.808947086334228516e+00,-8.927232772111892700e-02,-6.204756349325180054e-02,1.406148910522460938e+00,2.778963446617126465e-01,1.767114698886871338e-01
4.646285250782966614e-02,-6.834341585636138916e-02,1.054017096757888794e-01,3.020038306713104248e-01,-9.656402468681335449e-02,8.527555465698242188e-01,4.150627255439758301e-01,-1.349857077002525330e-02,6.946629881858825684e-01,9.932000041007995605e-01,-7.125540375709533691e-01,3.067405521869659424e-01,-1.317736744880676270e+00,9.932000041007995605e-01,4.310942888259887695e-01,3.966579735279083252e-01,1.591850161552429199e+00,-1.773189902305603027e+00,1.307985037565231323e-01,-1.092178672552108765e-01,1.484679222106933594e+00,2.796463668346405029e-01,-2.723964452743530273e-01,-1.808947086334228516e+00,-8.927232772111892700e-02,-6.204756349325180054e-02,1.406148910522460938e+00,2.778963446617126465e-01,1.767114698886871338e-01
4.646285250782966614e-02,-6.834341585636138916e-02,1.054017096757888794e-01,3.020038306713104248e-01,-9.656402468681335449e-02,8.527555465698242188e-01,4.150627255439758301e-01,-1.349857077002525330e-02,6.946629881858825684e-01,9.932000041007995605e-01,-7.125540375709533691e-01,3.067405521869659424e-01,-1.317736744880676270e+00,9.932000041007995605e-01,4.310942888259887695e-01,3.966579735279083252e-01,1.591850161552429199e+00,-1.773189902305603027e+00,1.307985037565231323e-01,-1.092178672552108765e-01,1.484679222106933594e+00,2.796463668346405029e-01,-2.723964452743530273e-01,-1.808947086334228516e+00,-8.927232772111892700e-02,-6.204756349325180054e-02,1.406148910522460938e+00,2.778963446617126465e-01,1.767114698886871338e-01
4.646285250782966614e-02,-6.834341585636138916e-02,1.054017096757888794e-01,3.020038306713104248e-01,-9.656402468681335449e-02,8.527555465698242188e-01,4.150627255439758301e-01,-1.349857077002525330e-02,6.946629881858825684e-01,9.932000041007995605e-01,-7.125540375709533691e-01,3.067405521869659424e-01,-1.317736744880676270e+00,9.932000041007995605e-01,4.310942888259887695e-01,3.966579735279083252e-01,1.591850161552429199e+00,-1.773189902305603027e+00,1.307985037565231323e-01,-1.092178672552108765e-01,1.484679222106933594e+00,2.796463668346405029e-01,-2.723964452743530273e-01,-1.808947086334228516e+00,-8.927232772111892700e-02,-6.204756349325180054e-02,1.406148910522460938e+00,2.778963446617126465e-01,1.767114698886871338e-01
4.646285250782966614e-02,-6.834341585636138916e-02,1.054017096757888794e-01,3.020038306713104248e-01,-9.656402468681335449e-02,8.527555465698242188e-01,4.150627255439758301e-01,-1.349857077002525330e-02,6.946629881858825684e-01,9.932000041007995605e-01,-7.125540375709533691e-01,3.067405521869659424e-01,-1.317736744880676270e+00,9.932000041007995605e-01,4.310942888259887695e-01,3.966579735279083252e-01,1.591850161552429199e+00,-1.773189902305603027e+00,1.307985037565231323e-01,-1.092178672552108765e-01,1.484679222106933594e+00,2.796463668346405029e-01,-2.723964452743530273e-01,-1.808947086334228516e+00,-8.927232772111892700e-02,-6.204756349325180054e-02,1.406148910522460938e+00,2.778963446617126465e-01,1.767114698886871338e-01
4.646285250782966614e-02,-6.834341585636138916e-02,1.054017096757888794e-01,3.020038306713104248e-01,-9.656402468681335449e-02,8.527555465698242188e-01,4.150627255439758301e-01,-1.349857077002525330e-02,6.946629881858825684e-01,9.932000041007995605e-01,-7.125540375709533691e-01,3.067405521869659424e-01,-1.317736744880676270e+00,9.932000041007995605e-01,4.310942888259887695e-01,3.966579735279083252e-01,1.591850161552429199e+00,-1.773189902305603027e+00,1.307985037565231323e-01,-1.092178672552108765e-01,1.484679222106933594e+00,2.796463668346405029e-01,-2.723964452743530273e-01,-1.808947086334228516e+00,-8.927232772111892700e-02,-6.204756349325180054e-02,1.406148910522460938e+00,2.778963446617126465e-01,1.767114698886871338e-01
4.646285250782966614e-02,-6.834341585636138916e-02,1.054017096757888794e-01,3.020038306713104248e-01,-9.656402468681335449e-02,8.527555465698242188e-01,4.150627255439758301e-01,-1.349857077002525330e-02,6.946629881858825684e-01,9.932000041007995605e-01,-7.125540375709533691e-01,3.067405521869659424e-01,-1.317736744880676270e+00,9.932000041007995605e-01,4.310942888259887695e-01,3.966579735279083252e-01,1.591850161552429199e+00,-1.773189902305603027e+00,1.307985037565231323e-01,-1.092178672552108765e-01,1.484679222106933594e+00,2.796463668346405029e-01,-2.723964452743530273e-01,-1.808947086334228516e+00,-8.927232772111892700e-02,-6.204756349325180054e-02,1.406148910522460938e+00,2.778963446617126465e-01,1.767114698886871338e-01
4.646285250782966614e-02,-6.834341585636138916e-02,1.054017096757888794e-01,3.020038306713104248e-01,-9.656402468681335449e-02,8.527555465698242188e-01,4.150627255439758301e-01,-1.349857077002525330e-02,6.946629881858825684e-01,9.932000041007995605e-01,-7.125540375709533691e-01,3.067405521869659424e-01,-1.317736744880676270e+00,9.932000041007995605e-01,4.310942888259887695e-01,3.966579735279083252e-01,1.591850161552429199e+00,-1.773189902305603027e+00,1.307985037565231323e-01,-1.092178672552108765e-01,1.484679222106933594e+00,2.796463668346405029e-01,-2.723964452743530273e-01,-1.808947086334228516e+00,-8.927232772111892700e-02,-6.204756349325180054e-02,1.406148910522460938e+00,2.778963446617126465e-01,1.767114698886871338e-01
4.646285250782966614e-02,-6.834341585636138916e-02,1.054017096757888794e-01,3.020038306713104248e-01,-9.656402468681335449e-02,8.527555465698242188e-01,4.150627255439758301e-01,-1.349857077002525330e-02,6.946629881858825684e-01,9.932000041007995605e-01,-7.125540375709533691e-01,3.067405521869659424e-01,-1.317736744880676270e+00,9.932000041007995605e-01,4.310942888259887695e-01,3.966579735279083252e-01,1.591850161552429199e+00,-1.773189902305603027e+00,1.307985037565231323e-01,-1.092178672552108765e-01,1.484679222106933594e+00,2.796463668346405029e-01,-2.723964452743530273e-01,-1.808947086334228516e+00,-8.927232772111892700e-02,-6.204756349325180054e-02,1.406148910522460938e+00,2.778963446617126465e-01,1.767114698886871338e-01
4.646285250782966614e-02,-6.834341585636138916e-02,1.054017096757888794e-01,3.020038306713104248e-01,-9.656402468681335449e-02,8.527555465698242188e-01,4.150627255439758301e-01,-1.349857077002525330e-02,6.946629881858825684e-01,9.932000041007995605e-01,-7.125540375709533691e-01,3.067405521869659424e-01,-1.317736744880676270e+00,9.932000041007995605e-01,4.310942888259887695e-01,3.966579735279083252e-01,1.591850161552429199e+00,-1.773189902305603027e+00,1.307985037565231323e-01,-1.092178672552108765e-01,1.484679222106933594e+00,2.796463668346405029e-01,-2.723964452743530273e-01,-1.808947086334228516e+00,-8.927232772111892700e-02,-6.204756349325180054e-02,1.406148910522460938e+00,2.778963446617126465e-01,1.767114698886871338e-01
4.646285250782966614e-02,-6.834341585636138916e-02,1.054017096757888794e-01,3.020038306713104248e-01,-9.656402468681335449e-02,8.527555465698242188e-01,4.150627255439758301e-01,-1.349857077002525330e-02,6.946629881858825684e-01,9.932000041007995605e-01,-7.125540375709533691e-01,3.067405521869659424e-01,-1.317736744880676270e+00,9.932000041007995605e-01,4.310942888259887695e-01,3.966579735279083252e-01,1.591850161552429199e+00,-1.773189902305603027e+00,1.307985037565231323e-01,-1.092178672552108765e-01,1.484679222106933594e+00,2.796463668346405029e-01,-2.723964452743530273e-01,-1.808947086334228516e+00,-8.927232772111892700e-02,-6.204756349325180054e-02,1.406148910522460938e+00,2.778963446617126465e-01,1.767114698886871338e-01
4.646285250782966614e-02,-6.834341585636138916e-02,1.054017096757888794e-01,3.020038306713104248e-01,-9.656402468681335449e-02,8.527555465698242188e-01,4.150627255439758301e-01,-1.349857077002525330e-02,6.946629881858825684e-01,9.932000041007995605e-01,-7.125540375709533691e-01,3.067405521869659424e-01,-1.317736744880676270e+00,9.932000041007995605e-01,4.310942888259887695e-01,3.966579735279083252e-01,1.591850161552429199e+00,-1.773189902305603027e+00,1.307985037565231323e-01,-1.092178672552108765e-01,1.484679222106933594e+00,2.796463668346405029e-01,-2.723964452743530273e-01,-1.808947086334228516e+00,-8.927232772111892700e-02,-6.204756349325180054e-02,1.406148910522460938e+00,2.778963446617126465e-01,1.767114698886871338e-01
4.646285250782966614e-02,-6.834341585636138916e-02,1.054017096757888794e-01,3.020038306713104248e-01,-9.656402468681335449e-02,8.527555465698242188e-01,4.150627255439758301e-01,-1.349857077002525330e-02,6.946629881858825684e-01,9.932000041007995605e-01,-7.125540375709533691e-01,3.067405521869659424e-01,-1.317736744880676270e+00,9.932000041007995605e-01,4.310942888259887695e-01,3.966579735279083252e-01,1.591850161552429199e+00,-1.773189902305603027e+00,1.307985037565231323e-01,-1.092178672552108765e-01,1.484679222106933594e+00,2.796463668346405029e-01,-2.723964452743530273e-01,-1.808947086334228516e+00,-8.927232772111892700e-02,-6.204756349325180054e-02,1.406148910522460938e+00,2.778963446617126465e-01,1.767114698886871338e-01
4.646285250782966614e-02,-6.834341585636138916e-02,1.054017096757888794e-01,3.020038306713104248e-01,-9.656402468681335449e-02,8.527555465698242188e-01,4.150627255439758301e-01,-1.349857077002525330e-02,6.946629881858825684e-01,9.932000041007995605e-01,-7.125540375709533691e-01,3.067405521869659424e-01,-1.317736744880676270e+00,9.932000041007995605e-01,4.310942888259887695e-01,3.966579735279083252e-01,1.591850161552429199e+00,-1.773189902305603027e+00,1.307985037565231323e-01,-1.092178672552108765e-01,1.484679222106933594e+00,2.796463668346405029e-01,-2.723964452743530273e-01,-1.808947086334228516e+00,-8.927232772111892700e-02,-6.204756349325180054e-02,1.406148910522460938e+00,2.778963446617126465e-01,1.767114698886871338e-01
4.646285250782966614e-02,-6.834341585636138916e-02,1.054017096757888794e-01,3.020038306713104248e-01,-9.656402468681335449e-02,8.527555465698242188e-01,4.150627255439758301e-01,-1.349857077002525330e-02,6.946629881858825684e-01,9.932000041007995605e-01,-7.125540375709533691e-01,3.067405521869659424e-01,-1.317736744880676270e+00,9.932000041007995605e-01,4.310942888259887695e-01,3.966579735279083252e-01,1.591850161552429199e+00,-1.773189902305603027e+00,1.307985037565231323e-01,-1.092178672552108765e-01,1.484679222106933594e+00,2.796463668346405029e-01,-2.723964452743530273e-01,-1.808947086334228516e+00,-8.927232772111892700e-02,-6.204756349325180054e-02,1.406148910522460938e+00,2.778963446617126465e-01,1.767114698886871338e-01
4.646285250782966614e-02,-6.834341585636138916e-02,1.054017096757888794e-01,3.020038306713104248e-01,-9.656402468681335449e-02,8.527555465698242188e-01,4.150627255439758301e-01,-1.349857077002525330e-02,6.946629881858825684e-01,9.932000041007995605e-01,-7.125540375709533691e-01,3.067405521869659424e-01,-1.317736744880676270e+00,9.932000041007995605e-01,4.310942888259887695e-01,3.966579735279083252e-01,1.591850161552429199e+00,-1.773189902305603027e+00,1.307985037565231323e-01,-1.092178672552108765e-01,1.484679222106933594e+00,2.796463668346405029e-01,-2.723964452743530273e-01,-1.808947086334228516e+00,-8.927232772111892700e-02,-6.204756349325180054e-02,1.406148910522460938e+00,2.778963446617126465e-01,1.767114698886871338e-01
4.646285250782966614e-02,-6.834341585636138916e-02,1.054017096757888794e-01,3.020038306713104248e-01,-9.656402468681335449e-02,8.527555465698242188e-01,4.150627255439758301e-01,-1.349857077002525330e-02,6.946629881858825684e-01,9.932000041007995605e-01,-7.125540375709533691e-01,3.067405521869659424e-01,-1.317736744880676270e+00,9.932000041007995605e-01,4.310942888259887695e-01,3.966579735279083252e-01,1.591850161552429199e+00,-1.773189902305603027e+00,1.307985037565231323e-01,-1.092178672552108765e-01,1.484679222106933594e+00,2.796463668346405029e-01,-2.723964452743530273e-01,-1.808947086334228516e+00,-8.927232772111892700e-02,-6.204756349325180054e-02,1.406148910522460938e+00,2.778963446617126465e-01,1.767114698886871338e-01
4.646285250782966614e-02,-6.834341585636138916e-02,1.054017096757888794e-01,3.020038306713104248e-01,-9.656402468681335449e-02,8.527555465698242188e-01,4.150627255439758301e-01,-1.349857077002525330e-02,6.946629881858825684e-01,9.932000041007995605e-01,-7.125540375709533691e-01,3.067405521869659424e-01,-1.317736744880676270e+00,9.932000041007995605e-01,4.310942888259887695e-01,3.966579735279083252e-01,1.591850161552429199e+00,-1.773189902305603027e+00,1.307985037565231323e-01,-1.092178672552108765e-01,1.484679222106933594e+00,2.796463668346405029e-01,-2.723964452743530273e-01,-1.808947086334228516e+00,-8.927232772111892700e-02,-6.204756349325180054e-02,1.406148910522460938e+00,2.778963446617126465e-01,1.767114698886871338e-01
4.646285250782966614e-02,-6.834341585636138916e-02,1.054017096757888794e-01,3.020038306713104248e-01,-9.656402468681335449e-02,8.527555465698242188e-01,4.150627255439758301e-01,-1.349857077002525330e-02,6.946629881858825684e-01,9.932000041007995605e-01,-7.125540375709533691e-01,3.067405521869659424e-01,-1.317736744880676270e+00,9.932000041007995605e-01,4.310942888259887695e-01,3.966579735279083252e-01,1.591850161552429199e+00,-1.773189902305603027e+00,1.307985037565231323e-01,-1.092178672552108765e-01,1.484679222106933594e+00,2.796463668346405029e-01,-2.723964452743530273e-01,-1.808947086334228516e+00,-8.927232772111892700e-02,-6.204756349325180054e-02,1.406148910522460938e+00,2.778963446617126465e-01,1.767114698886871338e-01
4.646285250782966614e-02,-6.834341585636138916e-02,1.054017096757888794e-01,3.020038306713104248e-01,-9.656402468681335449e-02,8.527555465698242188e-01,4.150627255439758301e-01,-1.349857077002525330e-02,6.946629881858825684e-01,9.932000041007995605e-01,-7.125540375709533691e-01,3.067405521869659424e-01,-1.317736744880676270e+00,9.932000041007995605e-01,4.310942888259887695e-01,3.966579735279083252e-01,1.591850161552429199e+00,-1.773189902305603027e+00,1.307985037565231323e-01,-1.092178672552108765e-01,1.484679222106933594e+00,2.796463668346405029e-01,-2.723964452743530273e-01,-1.808947086334228516e+00,-8.927232772111892700e-02,-6.204756349325180054e-02,1.406148910522460938e+00,2.778963446617126465e-01,1.767114698886871338e-01
4.646285250782966614e-02,-6.834341585636138916e-02,1.054017096757888794e-01,3.020038306713104248e-01,-9.656402468681335449e-02,8.527555465698242188e-01,4.150627255439758301e-01,-1.349857077002525330e-02,6.946629881858825684e-01,9.932000041007995605e-01,-7.125540375709533691e-01,3.067405521869659424e-01,-1.317736744880676270e+00,9.932000041007995605e-01,4.310942888259887695e-01,3.966579735279083252e-01,1.591850161552429199e+00,-1.773189902305603027e+00,1.307985037565231323e-01,-1.092178672552108765e-01,1.484679222106933594e+00,2.796463668346405029e-01,-2.723964452743530273e-01,-1.808947086334228516e+00,-8.927232772111892700e-02,-6.204756349325180054e-02,1.406148910522460938e+00,2.778963446617126465e-01,1.767114698886871338e-01
4.646285250782966614e-02,-6.834341585636138916e-02,1.054017096757888794e-01,3.020038306713104248e-01,-9.656402468681335449e-02,8.527555465698242188e-01,4.150627255439758301e-01,-1.349857077002525330e-02,6.946629881858825684e-01,9.932000041007995605e-01,-7.125540375709533691e-01,3.067405521869659424e-01,-1.317736744880676270e+00,9.932000041007995605e-01,4.310942888259887695e-01,3.966579735279083252e-01,1.591850161552429199e+00,-1.773189902305603027e+00,1.307985037565231323e-01,-1.092178672552108765e-01,1.484679222106933594e+00,2.796463668346405029e-01,-2.723964452743530273e-01,-1.808947086334228516e+00,-8.927232772111892700e-02,-6.204756349325180054e-02,1.406148910522460938e+00,2.778963446617126465e-01,1.767114698886871338e-01
4.646285250782966614e-02,-6.834341585636138916e-02,1.054017096757888794e-01,3.020038306713104248e-01,-9.656402468681335449e-02,8.527555465698242188e-01,4.150627255439758301e-01,-1.349857077002525330e-02,6.946629881858825684e-01,9.932000041007995605e-01,-7.125540375709533691e-01,3.067405521869659424e-01,-1.317736744880676270e+00,9.932000041007995605e-01,4.310942888259887695e-01,3.966579735279083252e-01,1.591850161552429199e+00,-1.773189902305603027e+00,1.307985037565231323e-01,-1.092178672552108765e-01,1.484679222106933594e+00,2.796463668346405029e-01,-2.723964452743530273e-01,-1.808947086334228516e+00,-8.927232772111892700e-02,-6.204756349325180054e-02,1.406148910522460938e+00,2.778963446617126465e-01,1.767114698886871338e-01
4.646285250782966614e-02,-6.834341585636138916e-02,1.054017096757888794e-01,3.020038306713104248e-01,-9.656402468681335449e-02,8.527555465698242188e-01,4.150627255439758301e-01,-1.349857077002525330e-02,6.946629881858825684e-01,9.932000041007995605e-01,-7.125540375709533691e-01,3.067405521869659424e-01,-1.317736744880676270e+00,9.932000041007995605e-01,4.310942888259887695e-01,3.966579735279083252e-01,1.591850161552429199e+00,-1.773189902305603027e+00,1.307985037565231323e-01,-1.092178672552108765e-01,1.484679222106933594e+00,2.796463668346405029e-01,-2.723964452743530273e-01,-1.808947086334228516e+00,-8.927232772111892700e-02,-6.204756349325180054e-02,1.406148910522460938e+00,2.778963446617126465e-01,1.767114698886871338e-01
4.646285250782966614e-02,-6.834341585636138916e-02,1.054017096757888794e-01,3.020038306713104248e-01,-9.656402468681335449e-02,8.527555465698242188e-01,4.150627255439758301e-01,-1.349857077002525330e-02,6.946629881858825684e-01,9.932000041007995605e-01,-7.125540375709533691e-01,3.067405521869659424e-01,-1.317736744880676270e+00,9.932000041007995605e-01,4.310942888259887695e-01,3.966579735279083252e-01,1.591850161552429199e+00,-1.773189902305603027e+00,1.307985037565231323e-01,-1.092178672552108765e-01,1.484679222106933594e+00,2.796463668346405029e-01,-2.723964452743530273e-01,-1.808947086334228516e+00,-8.927232772111892700e-02,-6.204756349325180054e-02,1.406148910522460938e+00,2.778963446617126465e-01,1.767114698886871338e-01
4.646285250782966614e-02,-6.834341585636138916e-02,1.054017096757888794e-01,3.020038306713104248e-01,-9.656402468681335449e-02,8.527555465698242188e-01,4.150627255439758301e-01,-1.349857077002525330e-02,6.946629881858825684e-01,9.932000041007995605e-01,-7.125540375709533691e-01,3.067405521869659424e-01,-1.317736744880676270e+00,9.932000041007995605e-01,4.310942888259887695e-01,3.966579735279083252e-01,1.591850161552429199e+00,-1.773189902305603027e+00,1.307985037565231323e-01,-1.092178672552108765e-01,1.484679222106933594e+00,2.796463668346405029e-01,-2.723964452743530273e-01,-1.808947086334228516e+00,-8.927232772111892700e-02,-6.204756349325180054e-02,1.406148910522460938e+00,2.778963446617126465e-01,1.767114698886871338e-01
4.646285250782966614e-02,-6.834341585636138916e-02,1.054017096757888794e-01,3.020038306713104248e-01,-9.656402468681335449e-02,8.527555465698242188e-01,4.150627255439758301e-01,-1.349857077002525330e-02,6.946629881858825684e-01,9.932000041007995605e-01,-7.125540375709533691e-01,3.067405521869659424e-01,-1.317736744880676270e+00,9.932000041007995605e-01,4.310942888259887695e-01,3.966579735279083252e-01,1.591850161552429199e+00,-1.773189902305603027e+00,1.307985037565231323e-01,-1.092178672552108765e-01,1.484679222106933594e+00,2.796463668346405029e-01,-2.723964452743530273e-01,-1.808947086334228516e+00,-8.927232772111892700e-02,-6.204756349325180054e-02,1.406148910522460938e+00,2.778963446617126465e-01,1.767114698886871338e-01
4.646285250782966614e-02,-6.834341585636138916e-02,1.054017096757888794e-01,3.020038306713104248e-01,-9.656402468681335449e-02,8.527555465698242188e-01,4.150627255439758301e-01,-1.349857077002525330e-02,6.946629881858825684e-01,9.932000041007995605e-01,-7.125540375709533691e-01,3.067405521869659424e-01,-1.317736744880676270e+00,9.932000041007995605e-01,4.310942888259887695e-01,3.966579735279083252e-01,1.591850161552429199e+00,-1.773189902305603027e+00,1.307985037565231323e-01,-1.092178672552108765e-01,1.484679222106933594e+00,2.796463668346405029e-01,-2.723964452743530273e-01,-1.808947086334228516e+00,-8.927232772111892700e-02,-6.204756349325180054e-02,1.406148910522460938e+00,2.778963446617126465e-01,1.767114698886871338e-01
4.646285250782966614e-02,-6.834341585636138916e-02,1.054017096757888794e-01,3.020038306713104248e-01,-9.656402468681335449e-02,8.527555465698242188e-01,4.150627255439758301e-01,-1.349857077002525330e-02,6.946629881858825684e-01,9.932000041007995605e-01,-7.125540375709533691e-01,3.067405521869659424e-01,-1.317736744880676270e+00,9.932000041007995605e-01,4.310942888259887695e-01,3.966579735279083252e-01,1.591850161552429199e+00,-1.773189902305603027e+00,1.307985037565231323e-01,-1.092178672552108765e-01,1.484679222106933594e+00,2.796463668346405029e-01,-2.723964452743530273e-01,-1.808947086334228516e+00,-8.927232772111892700e-02,-6.204756349325180054e-02,1.406148910522460938e+00,2.778963446617126465e-01,1.767114698886871338e-01
4.646285250782966614e-02,-6.834341585636138916e-02,1.054017096757888794e-01,3.020038306713104248e-01,-9.656402468681335449e-02,8.527555465698242188e-01,4.150627255439758301e-01,-1.349857077002525330e-02,6.946629881858825684e-01,9.932000041007995605e-01,-7.125540375709533691e-01,3.067405521869659424e-01,-1.317736744880676270e+00,9.932000041007995605e-01,4.310942888259887695e-01,3.966579735279083252e-01,1.591850161552429199e+00,-1.773189902305603027e+00,1.307985037565231323e-01,-1.092178672552108765e-01,1.484679222106933594e+00,2.796463668346405029e-01,-2.723964452743530273e-01,-1.808947086334228516e+00,-8.927232772111892700e-02,-6.204756349325180054e-02,1.406148910522460938e+00,2.778963446617126465e-01,1.767114698886871338e-01
4.646285250782966614e-02,-6.834341585636138916e-02,1.054017096757888794e-01,3.020038306713104248e-01,-9.656402468681335449e-02,8.527555465698242188e-01,4.150627255439758301e-01,-1.349857077002525330e-02,6.946629881858825684e-01,9.932000041007995605e-01,-7.125540375709533691e-01,3.067405521869659424e-01,-1.317736744880676270e+00,9.932000041007995605e-01,4.310942888259887695e-01,3.966579735279083252e-01,1.591850161552429199e+00,-1.773189902305603027e+00,1.307985037565231323e-01,-1.092178672552108765e-01,1.484679222106933594e+00,2.796463668346405029e-01,-2.723964452743530273e-01,-1.808947086334228516e+00,-8.927232772111892700e-02,-6.204756349325180054e-02,1.406148910522460938e+00,2.778963446617126465e-01,1.767114698886871338e-01
4.646285250782966614e-02,-6.834341585636138916e-02,1.054017096757888794e-01,3.020038306713104248e-01,-9.656402468681335449e-02,8.527555465698242188e-01,4.150627255439758301e-01,-1.349857077002525330e-02,6.946629881858825684e-01,9.932000041007995605e-01,-7.125540375709533691e-01,3.067405521869659424e-01,-1.317736744880676270e+00,9.932000041007995605e-01,4.310942888259887695e-01,3.966579735279083252e-01,1.591850161552429199e+00,-1.773189902305603027e+00,1.307985037565231323e-01,-1.092178672552108765e-01,1.484679222106933594e+00,2.796463668346405029e-01,-2.723964452743530273e-01,-1.808947086334228516e+00,-8.927232772111892700e-02,-6.204756349325180054e-02,1.406148910522460938e+00,2.778963446617126465e-01,1.767114698886871338e-01
4.646285250782966614e-02,-6.834341585636138916e-02,1.054017096757888794e-01,3.020038306713104248e-01,-9.656402468681335449e-02,8.527555465698242188e-01,4.150627255439758301e-01,-1.349857077002525330e-02,6.946629881858825684e-01,9.932000041007995605e-01,-7.125540375709533691e-01,3.067405521869659424e-01,-1.317736744880676270e+00,9.932000041007995605e-01,4.310942888259887695e-01,3.966579735279083252e-01,1.591850161552429199e+00,-1.773189902305603027e+00,1.307985037565231323e-01,-1.092178672552108765e-01,1.484679222106933594e+00,2.796463668346405029e-01,-2.723964452743530273e-01,-1.808947086334228516e+00,-8.927232772111892700e-02,-6.204756349325180054e-02,1.406148910522460938e+00,2.778963446617126465e-01,1.767114698886871338e-01
4.646285250782966614e-02,-6.834341585636138916e-02,1.054017096757888794e-01,3.020038306713104248e-01,-9.656402468681335449e-02,8.527555465698242188e-01,4.150627255439758301e-01,-1.349857077002525330e-02,6.946629881858825684e-01,9.932000041007995605e-01,-7.125540375709533691e-01,3.067405521869659424e-01,-1.317736744880676270e+00,9.932000041007995605e-01,4.310942888259887695e-01,3.966579735279083252e-01,1.591850161552429199e+00,-1.773189902305603027e+00,1.307985037565231323e-01,-1.092178672552108765e-01,1.484679222106933594e+00,2.796463668346405029e-01,-2.723964452743530273e-01,-1.808947086334228516e+00,-8.927232772111892700e-02,-6.204756349325180054e-02,1.406148910522460938e+00,2.778963446617126465e-01,1.767114698886871338e-01
4.646285250782966614e-02,-6.834341585636138916e-02,1.054017096757888794e-01,3.020038306713104248e-01,-9.656402468681335449e-02,8.527555465698242188e-01,4.150627255439758301e-01,-1.349857077002525330e-02,6.946629881858825684e-01,9.932000041007995605e-01,-7.125540375709533691e-01,3.067405521869659424e-01,-1.317736744880676270e+00,9.932000041007995605e-01,4.310942888259887695e-01,3.966579735279083252e-01,1.591850161552429199e+00,-1.773189902305603027e+00,1.307985037565231323e-01,-1.092178672552108765e-01,1.484679222106933594e+00,2.796463668346405029e-01,-2.723964452743530273e-01,-1.808947086334228516e+00,-8.927232772111892700e-02,-6.204756349325180054e-02,1.406148910522460938e+00,2.778963446617126465e-01,1.767114698886871338e-01
4.646285250782966614e-02,-6.834341585636138916e-02,1.054017096757888794e-01,3.020038306713104248e-01,-9.656402468681335449e-02,8.527555465698242188e-01,4.150627255439758301e-01,-1.349857077002525330e-02,6.946629881858825684e-01,9.932000041007995605e-01,-7.125540375709533691e-01,3.067405521869659424e-01,-1.317736744880676270e+00,9.932000041007995605e-01,4.310942888259887695e-01,3.966579735279083252e-01,1.591850161552429199e+00,-1.773189902305603027e+00,1.307985037565231323e-01,-1.092178672552108765e-01,1.484679222106933594e+00,2.796463668346405029e-01,-2.723964452743530273e-01,-1.808947086334228516e+00,-8.927232772111892700e-02,-6.204756349325180054e-02,1.406148910522460938e+00,2.778963446617126465e-01,1.767114698886871338e-01
4.646285250782966614e-02,-6.834341585636138916e-02,1.054017096757888794e-01,3.020038306713104248e-01,-9.656402468681335449e-02,8.527555465698242188e-01,4.150627255439758301e-01,-1.349857077002525330e-02,6.946629881858825684e-01,9.932000041007995605e-01,-7.125540375709533691e-01,3.067405521869659424e-01,-1.317736744880676270e+00,9.932000041007995605e-01,4.310942888259887695e-01,3.966579735279083252e-01,1.591850161552429199e+00,-1.773189902305603027e+00,1.307985037565231323e-01,-1.092178672552108765e-01,1.484679222106933594e+00,2.796463668346405029e-01,-2.723964452743530273e-01,-1.808947086334228516e+00,-8.927232772111892700e-02,-6.204756349325180054e-02,1.406148910522460938e+00,2.778963446617126465e-01,1.767114698886871338e-01
4.646285250782966614e-02,-6.834341585636138916e-02,1.054017096757888794e-01,3.020038306713104248e-01,-9.656402468681335449e-02,8.527555465698242188e-01,4.150627255439758301e-01,-1.349857077002525330e-02,6.946629881858825684e-01,9.932000041007995605e-01,-7.125540375709533691e-01,3.067405521869659424e-01,-1.317736744880676270e+00,9.932000041007995605e-01,4.310942888259887695e-01,3.966579735279083252e-01,1.591850161552429199e+00,-1.773189902305603027e+00,1.307985037565231323e-01,-1.092178672552108765e-01,1.484679222106933594e+00,2.796463668346405029e-01,-2.723964452743530273e-01,-1.808947086334228516e+00,-8.927232772111892700e-02,-6.204756349325180054e-02,1.406148910522460938e+00,2.778963446617126465e-01,1.767114698886871338e-01
4.646285250782966614e-02,-6.834341585636138916e-02,1.054017096757888794e-01,3.020038306713104248e-01,-9.656402468681335449e-02,8.527555465698242188e-01,4.150627255439758301e-01,-1.349857077002525330e-02,6.946629881858825684e-01,9.932000041007995605e-01,-7.125540375709533691e-01,3.067405521869659424e-01,-1.317736744880676270e+00,9.932000041007995605e-01,4.310942888259887695e-01,3.966579735279083252e-01,1.591850161552429199e+00,-1.773189902305603027e+00,1.307985037565231323e-01,-1.092178672552108765e-01,1.484679222106933594e+00,2.796463668346405029e-01,-2.723964452743530273e-01,-1.808947086334228516e+00,-8.927232772111892700e-02,-6.204756349325180054e-02,1.406148910522460938e+00,2.778963446617126465e-01,1.767114698886871338e-01
4.646285250782966614e-02,-6.834341585636138916e-02,1.054017096757888794e-01,3.020038306713104248e-01,-9.656402468681335449e-02,8.527555465698242188e-01,4.150627255439758301e-01,-1.349857077002525330e-02,6.946629881858825684e-01,9.932000041007995605e-01,-7.125540375709533691e-01,3.067405521869659424e-01,-1.317736744880676270e+00,9.932000041007995605e-01,4.310942888259887695e-01,3.966579735279083252e-01,1.591850161552429199e+00,-1.773189902305603027e+00,1.307985037565231323e-01,-1.092178672552108765e-01,1.484679222106933594e+00,2.796463668346405029e-01,-2.723964452743530273e-01,-1.808947086334228516e+00,-8.927232772111892700e-02,-6.204756349325180054e-02,1.406148910522460938e+00,2.778963446617126465e-01,1.767114698886871338e-01
4.646285250782966614e-02,-6.834341585636138916e-02,1.054017096757888794e-01,3.020038306713104248e-01,-9.656402468681335449e-02,8.527555465698242188e-01,4.150627255439758301e-01,-1.349857077002525330e-02,6.946629881858825684e-01,9.932000041007995605e-01,-7.125540375709533691e-01,3.067405521869659424e-01,-1.317736744880676270e+00,9.932000041007995605e-01,4.310942888259887695e-01,3.966579735279083252e-01,1.591850161552429199e+00,-1.773189902305603027e+00,1.307985037565231323e-01,-1.092178672552108765e-01,1.484679222106933594e+00,2.796463668346405029e-01,-2.723964452743530273e-01,-1.808947086334228516e+00,-8.927232772111892700e-02,-6.204756349325180054e-02,1.406148910522460938e+00,2.778963446617126465e-01,1.767114698886871338e-01
4.646285250782966614e-02,-6.834341585636138916e-02,1.054017096757888794e-01,3.020038306713104248e-01,-9.656402468681335449e-02,8.527555465698242188e-01,4.150627255439758301e-01,-1.349857077002525330e-02,6.946629881858825684e-01,9.932000041007995605e-01,-7.125540375709533691e-01,3.067405521869659424e-01,-1.317736744880676270e+00,9.932000041007995605e-01,4.310942888259887695e-01,3.966579735279083252e-01,1.591850161552429199e+00,-1.773189902305603027e+00,1.307985037565231323e-01,-1.092178672552108765e-01,1.484679222106933594e+00,2.796463668346405029e-01,-2.723964452743530273e-01,-1.808947086334228516e+00,-8.927232772111892700e-02,-6.204756349325180054e-02,1.406148910522460938e+00,2.778963446617126465e-01,1.767114698886871338e-01
4.646285250782966614e-02,-6.834341585636138916e-02,1.054017096757888794e-01,3.020038306713104248e-01,-9.656402468681335449e-02,8.527555465698242188e-01,4.150627255439758301e-01,-1.349857077002525330e-02,6.946629881858825684e-01,9.932000041007995605e-01,-7.125540375709533691e-01,3.067405521869659424e-01,-1.317736744880676270e+00,9.932000041007995605e-01,4.310942888259887695e-01,3.966579735279083252e-01,1.591850161552429199e+00,-1.773189902305603027e+00,1.307985037565231323e-01,-1.092178672552108765e-01,1.484679222106933594e+00,2.796463668346405029e-01,-2.723964452743530273e-01,-1.808947086334228516e+00,-8.927232772111892700e-02,-6.204756349325180054e-02,1.406148910522460938e+00,2.778963446617126465e-01,1.767114698886871338e-01
4.646285250782966614e-02,-6.834341585636138916e-02,1.054017096757888794e-01,3.020038306713104248e-01,-9.656402468681335449e-02,8.527555465698242188e-01,4.150627255439758301e-01,-1.349857077002525330e-02,6.946629881858825684e-01,9.932000041007995605e-01,-7.125540375709533691e-01,3.067405521869659424e-01,-1.317736744880676270e+00,9.932000041007995605e-01,4.310942888259887695e-01,3.966579735279083252e-01,1.591850161552429199e+00,-1.773189902305603027e+00,1.307985037565231323e-01,-1.092178672552108765e-01,1.484679222106933594e+00,2.796463668346405029e-01,-2.723964452743530273e-01,-1.808947086334228516e+00,-8.927232772111892700e-02,-6.204756349325180054e-02,1.406148910522460938e+00,2.778963446617126465e-01,1.767114698886871338e-01
4.646285250782966614e-02,-6.834341585636138916e-02,1.054017096757888794e-01,3.020038306713104248e-01,-9.656402468681335449e-02,8.527555465698242188e-01,4.150627255439758301e-01,-1.349857077002525330e-02,6.946629881858825684e-01,9.932000041007995605e-01,-7.125540375709533691e-01,3.067405521869659424e-01,-1.317736744880676270e+00,9.932000041007995605e-01,4.310942888259887695e-01,3.966579735279083252e-01,1.591850161552429199e+00,-1.773189902305603027e+00,1.307985037565231323e-01,-1.092178672552108765e-01,1.484679222106933594e+00,2.796463668346405029e-01,-2.723964452743530273e-01,-1.808947086334228516e+00,-8.927232772111892700e-02,-6.204756349325180054e-02,1.406148910522460938e+00,2.778963446617126465e-01,1.767114698886871338e-01
4.646285250782966614e-02,-6.834341585636138916e-02,1.054017096757888794e-01,3.020038306713104248e-01,-9.656402468681335449e-02,8.527555465698242188e-01,4.150627255439758301e-01,-1.349857077002525330e-02,6.946629881858825684e-01,9.932000041007995605e-01,-7.125540375709533691e-01,3.067405521869659424e-01,-1.317736744880676270e+00,9.932000041007995605e-01,4.310942888259887695e-01,3.966579735279083252e-01,1.591850161552429199e+00,-1.773189902305603027e+00,1.307985037565231323e-01,-1.092178672552108765e-01,1.484679222106933594e+00,2.796463668346405029e-01,-2.723964452743530273e-01,-1.808947086334228516e+00,-8.927232772111892700e-02,-6.204756349325180054e-02,1.406148910522460938e+00,2.778963446617126465e-01,1.767114698886871338e-01
4.646285250782966614e-02,-6.834341585636138916e-02,1.054017096757888794e-01,3.020038306713104248e-01,-9.656402468681335449e-02,8.527555465698242188e-01,4.150627255439758301e-01,-1.349857077002525330e-02,6.946629881858825684e-01,9.932000041007995605e-01,-7.125540375709533691e-01,3.067405521869659424e-01,-1.317736744880676270e+00,9.932000041007995605e-01,4.310942888259887695e-01,3.966579735279083252e-01,1.591850161552429199e+00,-1.773189902305603027e+00,1.307985037565231323e-01,-1.092178672552108765e-01,1.484679222106933594e+00,2.796463668346405029e-01,-2.723964452743530273e-01,-1.808947086334228516e+00,-8.927232772111892700e-02,-6.204756349325180054e-02,1.406148910522460938e+00,2.778963446617126465e-01,1.767114698886871338e-01
4.646285250782966614e-02,-6.834341585636138916e-02,1.054017096757888794e-01,3.020038306713104248e-01,-9.656402468681335449e-02,8.527555465698242188e-01,4.150627255439758301e-01,-1.349857077002525330e-02,6.946629881858825684e-01,9.932000041007995605e-01,-7.125540375709533691e-01,3.067405521869659424e-01,-1.317736744880676270e+00,9.932000041007995605e-01,4.310942888259887695e-01,3.966579735279083252e-01,1.591850161552429199e+00,-1.773189902305603027e+00,1.307985037565231323e-01,-1.092178672552108765e-01,1.484679222106933594e+00,2.796463668346405029e-01,-2.723964452743530273e-01,-1.808947086334228516e+00,-8.927232772111892700e-02,-6.204756349325180054e-02,1.406148910522460938e+00,2.778963446617126465e-01,1.767114698886871338e-01
4.646285250782966614e-02,-6.834341585636138916e-02,1.054017096757888794e-01,3.020038306713104248e-01,-9.656402468681335449e-02,8.527555465698242188e-01,4.150627255439758301e-01,-1.349857077002525330e-02,6.946629881858825684e-01,9.932000041007995605e-01,-7.125540375709533691e-01,3.067405521869659424e-01,-1.317736744880676270e+00,9.932000041007995605e-01,4.310942888259887695e-01,3.966579735279083252e-01,1.591850161552429199e+00,-1.773189902305603027e+00,1.307985037565231323e-01,-1.092178672552108765e-01,1.484679222106933594e+00,2.796463668346405029e-01,-2.723964452743530273e-01,-1.808947086334228516e+00,-8.927232772111892700e-02,-6.204756349325180054e-02,1.406148910522460938e+00,2.778963446617126465e-01,1.767114698886871338e-01
4.646285250782966614e-02,-6.834341585636138916e-02,1.054017096757888794e-01,3.020038306713104248e-01,-9.656402468681335449e-02,8.527555465698242188e-01,4.150627255439758301e-01,-1.349857077002525330e-02,6.946629881858825684e-01,9.932000041007995605e-01,-7.125540375709533691e-01,3.067405521869659424e-01,-1.317736744880676270e+00,9.932000041007995605e-01,4.310942888259887695e-01,3.966579735279083252e-01,1.591850161552429199e+00,-1.773189902305603027e+00,1.307985037565231323e-01,-1.092178672552108765e-01,1.484679222106933594e+00,2.796463668346405029e-01,-2.723964452743530273e-01,-1.808947086334228516e+00,-8.927232772111892700e-02,-6.204756349325180054e-02,1.406148910522460938e+00,2.778963446617126465e-01,1.767114698886871338e-01
4.646285250782966614e-02,-6.834341585636138916e-02,1.054017096757888794e-01,3.020038306713104248e-01,-9.656402468681335449e-02,8.527555465698242188e-01,4.150627255439758301e-01,-1.349857077002525330e-02,6.946629881858825684e-01,9.932000041007995605e-01,-7.125540375709533691e-01,3.067405521869659424e-01,-1.317736744880676270e+00,9.932000041007995605e-01,4.310942888259887695e-01,3.966579735279083252e-01,1.591850161552429199e+00,-1.773189902305603027e+00,1.307985037565231323e-01,-1.092178672552108765e-01,1.484679222106933594e+00,2.796463668346405029e-01,-2.723964452743530273e-01,-1.808947086334228516e+00,-8.927232772111892700e-02,-6.204756349325180054e-02,1.406148910522460938e+00,2.778963446617126465e-01,1.767114698886871338e-01
4.646285250782966614e-02,-6.834341585636138916e-02,1.054017096757888794e-01,3.020038306713104248e-01,-9.656402468681335449e-02,8.527555465698242188e-01,4.150627255439758301e-01,-1.349857077002525330e-02,6.946629881858825684e-01,9.932000041007995605e-01,-7.125540375709533691e-01,3.067405521869659424e-01,-1.317736744880676270e+00,9.932000041007995605e-01,4.310942888259887695e-01,3.966579735279083252e-01,1.591850161552429199e+00,-1.773189902305603027e+00,1.307985037565231323e-01,-1.092178672552108765e-01,1.484679222106933594e+00,2.796463668346405029e-01,-2.723964452743530273e-01,-1.808947086334228516e+00,-8.927232772111892700e-02,-6.204756349325180054e-02,1.406148910522460938e+00,2.778963446617126465e-01,1.767114698886871338e-01
4.646285250782966614e-02,-6.834341585636138916e-02,1.054017096757888794e-01,3.020038306713104248e-01,-9.656402468681335449e-02,8.527555465698242188e-01,4.150627255439758301e-01,-1.349857077002525330e-02,6.946629881858825684e-01,9.932000041007995605e-01,-7.125540375709533691e-01,3.067405521869659424e-01,-1.317736744880676270e+00,9.932000041007995605e-01,4.310942888259887695e-01,3.966579735279083252e-01,1.591850161552429199e+00,-1.773189902305603027e+00,1.307985037565231323e-01,-1.092178672552108765e-01,1.484679222106933594e+00,2.796463668346405029e-01,-2.723964452743530273e-01,-1.808947086334228516e+00,-8.927232772111892700e-02,-6.204756349325180054e-02,1.406148910522460938e+00,2.778963446617126465e-01,1.767114698886871338e-01
4.646285250782966614e-02,-6.834341585636138916e-02,1.054017096757888794e-01,3.020038306713104248e-01,-9.656402468681335449e-02,8.527555465698242188e-01,4.150627255439758301e-01,-1.349857077002525330e-02,6.946629881858825684e-01,9.932000041007995605e-01,-7.125540375709533691e-01,3.067405521869659424e-01,-1.317736744880676270e+00,9.932000041007995605e-01,4.310942888259887695e-01,3.966579735279083252e-01,1.591850161552429199e+00,-1.773189902305603027e+00,1.307985037565231323e-01,-1.092178672552108765e-01,1.484679222106933594e+00,2.796463668346405029e-01,-2.723964452743530273e-01,-1.808947086334228516e+00,-8.927232772111892700e-02,-6.204756349325180054e-02,1.406148910522460938e+00,2.778963446617126465e-01,1.767114698886871338e-01
4.646285250782966614e-02,-6.834341585636138916e-02,1.054017096757888794e-01,3.020038306713104248e-01,-9.656402468681335449e-02,8.527555465698242188e-01,4.150627255439758301e-01,-1.349857077002525330e-02,6.946629881858825684e-01,9.932000041007995605e-01,-7.125540375709533691e-01,3.067405521869659424e-01,-1.317736744880676270e+00,9.932000041007995605e-01,4.310942888259887695e-01,3.966579735279083252e-01,1.591850161552429199e+00,-1.773189902305603027e+00,1.307985037565231323e-01,-1.092178672552108765e-01,1.484679222106933594e+00,2.796463668346405029e-01,-2.723964452743530273e-01,-1.808947086334228516e+00,-8.927232772111892700e-02,-6.204756349325180054e-02,1.406148910522460938e+00,2.778963446617126465e-01,1.767114698886871338e-01
4.646285250782966614e-02,-6.834341585636138916e-02,1.054017096757888794e-01,3.020038306713104248e-01,-9.656402468681335449e-02,8.527555465698242188e-01,4.150627255439758301e-01,-1.349857077002525330e-02,6.946629881858825684e-01,9.932000041007995605e-01,-7.125540375709533691e-01,3.067405521869659424e-01,-1.317736744880676270e+00,9.932000041007995605e-01,4.310942888259887695e-01,3.966579735279083252e-01,1.591850161552429199e+00,-1.773189902305603027e+00,1.307985037565231323e-01,-1.092178672552108765e-01,1.484679222106933594e+00,2.796463668346405029e-01,-2.723964452743530273e-01,-1.808947086334228516e+00,-8.927232772111892700e-02,-6.204756349325180054e-02,1.406148910522460938e+00,2.778963446617126465e-01,1.767114698886871338e-01
4.646285250782966614e-02,-6.834341585636138916e-02,1.054017096757888794e-01,3.020038306713104248e-01,-9.656402468681335449e-02,8.527555465698242188e-01,4.150627255439758301e-01,-1.349857077002525330e-02,6.946629881858825684e-01,9.932000041007995605e-01,-7.125540375709533691e-01,3.067405521869659424e-01,-1.317736744880676270e+00,9.932000041007995605e-01,4.310942888259887695e-01,3.966579735279083252e-01,1.591850161552429199e+00,-1.773189902305603027e+00,1.307985037565231323e-01,-1.092178672552108765e-01,1.484679222106933594e+00,2.796463668346405029e-01,-2.723964452743530273e-01,-1.808947086334228516e+00,-8.927232772111892700e-02,-6.204756349325180054e-02,1.406148910522460938e+00,2.778963446617126465e-01,1.767114698886871338e-01
4.646285250782966614e-02,-6.834341585636138916e-02,1.054017096757888794e-01,3.020038306713104248e-01,-9.656402468681335449e-02,8.527555465698242188e-01,4.150627255439758301e-01,-1.349857077002525330e-02,6.946629881858825684e-01,9.932000041007995605e-01,-7.125540375709533691e-01,3.067405521869659424e-01,-1.317736744880676270e+00,9.932000041007995605e-01,4.310942888259887695e-01,3.966579735279083252e-01,1.591850161552429199e+00,-1.773189902305603027e+00,1.307985037565231323e-01,-1.092178672552108765e-01,1.484679222106933594e+00,2.796463668346405029e-01,-2.723964452743530273e-01,-1.808947086334228516e+00,-8.927232772111892700e-02,-6.204756349325180054e-02,1.406148910522460938e+00,2.778963446617126465e-01,1.767114698886871338e-01
4.646285250782966614e-02,-6.834341585636138916e-02,1.054017096757888794e-01,3.020038306713104248e-01,-9.656402468681335449e-02,8.527555465698242188e-01,4.150627255439758301e-01,-1.349857077002525330e-02,6.946629881858825684e-01,9.932000041007995605e-01,-7.125540375709533691e-01,3.067405521869659424e-01,-1.317736744880676270e+00,9.932000041007995605e-01,4.310942888259887695e-01,3.966579735279083252e-01,1.591850161552429199e+00,-1.773189902305603027e+00,1.307985037565231323e-01,-1.092178672552108765e-01,1.484679222106933594e+00,2.796463668346405029e-01,-2.723964452743530273e-01,-1.808947086334228516e+00,-8.927232772111892700e-02,-6.204756349325180054e-02,1.406148910522460938e+00,2.778963446617126465e-01,1.767114698886871338e-01
4.646285250782966614e-02,-6.834341585636138916e-02,1.054017096757888794e-01,3.020038306713104248e-01,-9.656402468681335449e-02,8.527555465698242188e-01,4.150627255439758301e-01,-1.349857077002525330e-02,6.946629881858825684e-01,9.932000041007995605e-01,-7.125540375709533691e-01,3.067405521869659424e-01,-1.317736744880676270e+00,9.932000041007995605e-01,4.310942888259887695e-01,3.966579735279083252e-01,1.591850161552429199e+00,-1.773189902305603027e+00,1.307985037565231323e-01,-1.092178672552108765e-01,1.484679222106933594e+00,2.796463668346405029e-01,-2.723964452743530273e-01,-1.808947086334228516e+00,-8.927232772111892700e-02,-6.204756349325180054e-02,1.406148910522460938e+00,2.778963446617126465e-01,1.767114698886871338e-01
4.646285250782966614e-02,-6.834341585636138916e-02,1.054017096757888794e-01,3.020038306713104248e-01,-9.656402468681335449e-02,8.527555465698242188e-01,4.150627255439758301e-01,-1.349857077002525330e-02,6.946629881858825684e-01,9.932000041007995605e-01,-7.125540375709533691e-01,3.067405521869659424e-01,-1.317736744880676270e+00,9.932000041007995605e-01,4.310942888259887695e-01,3.966579735279083252e-01,1.591850161552429199e+00,-1.773189902305603027e+00,1.307985037565231323e-01,-1.092178672552108765e-01,1.484679222106933594e+00,2.796463668346405029e-01,-2.723964452743530273e-01,-1.808947086334228516e+00,-8.927232772111892700e-02,-6.204756349325180054e-02,1.406148910522460938e+00,2.778963446617126465e-01,1.767114698886871338e-01
4.646285250782966614e-02,-6.834341585636138916e-02,1.054017096757888794e-01,3.020038306713104248e-01,-9.656402468681335449e-02,8.527555465698242188e-01,4.150627255439758301e-01,-1.349857077002525330e-02,6.946629881858825684e-01,9.932000041007995605e-01,-7.125540375709533691e-01,3.067405521869659424e-01,-1.317736744880676270e+00,9.932000041007995605e-01,4.310942888259887695e-01,3.966579735279083252e-01,1.591850161552429199e+00,-1.773189902305603027e+00,1.307985037565231323e-01,-1.092178672552108765e-01,1.484679222106933594e+00,2.796463668346405029e-01,-2.723964452743530273e-01,-1.808947086334228516e+00,-8.927232772111892700e-02,-6.204756349325180054e-02,1.406148910522460938e+00,2.778963446617126465e-01,1.767114698886871338e-01
4.646285250782966614e-02,-6.834341585636138916e-02,1.054017096757888794e-01,3.020038306713104248e-01,-9.656402468681335449e-02,8.527555465698242188e-01,4.150627255439758301e-01,-1.349857077002525330e-02,6.946629881858825684e-01,9.932000041007995605e-01,-7.125540375709533691e-01,3.067405521869659424e-01,-1.317736744880676270e+00,9.932000041007995605e-01,4.310942888259887695e-01,3.966579735279083252e-01,1.591850161552429199e+00,-1.773189902305603027e+00,1.307985037565231323e-01,-1.092178672552108765e-01,1.484679222106933594e+00,2.796463668346405029e-01,-2.723964452743530273e-01,-1.808947086334228516e+00,-8.927232772111892700e-02,-6.204756349325180054e-02,1.406148910522460938e+00,2.778963446617126465e-01,1.767114698886871338e-01
4.646285250782966614e-02,-6.834341585636138916e-02,1.054017096757888794e-01,3.020038306713104248e-01,-9.656402468681335449e-02,8.527555465698242188e-01,4.150627255439758301e-01,-1.349857077002525330e-02,6.946629881858825684e-01,9.932000041007995605e-01,-7.125540375709533691e-01,3.067405521869659424e-01,-1.317736744880676270e+00,9.932000041007995605e-01,4.310942888259887695e-01,3.966579735279083252e-01,1.591850161552429199e+00,-1.773189902305603027e+00,1.307985037565231323e-01,-1.092178672552108765e-01,1.484679222106933594e+00,2.796463668346405029e-01,-2.723964452743530273e-01,-1.808947086334228516e+00,-8.927232772111892700e-02,-6.204756349325180054e-02,1.406148910522460938e+00,2.778963446617126465e-01,1.767114698886871338e-01
4.646285250782966614e-02,-6.834341585636138916e-02,1.054017096757888794e-01,3.020038306713104248e-01,-9.656402468681335449e-02,8.527555465698242188e-01,4.150627255439758301e-01,-1.349857077002525330e-02,6.946629881858825684e-01,9.932000041007995605e-01,-7.125540375709533691e-01,3.067405521869659424e-01,-1.317736744880676270e+00,9.932000041007995605e-01,4.310942888259887695e-01,3.966579735279083252e-01,1.591850161552429199e+00,-1.773189902305603027e+00,1.307985037565231323e-01,-1.092178672552108765e-01,1.484679222106933594e+00,2.796463668346405029e-01,-2.723964452743530273e-01,-1.808947086334228516e+00,-8.927232772111892700e-02,-6.204756349325180054e-02,1.406148910522460938e+00,2.778963446617126465e-01,1.767114698886871338e-01
4.646285250782966614e-02,-6.834341585636138916e-02,1.054017096757888794e-01,3.020038306713104248e-01,-9.656402468681335449e-02,8.527555465698242188e-01,4.150627255439758301e-01,-1.349857077002525330e-02,6.946629881858825684e-01,9.932000041007995605e-01,-7.125540375709533691e-01,3.067405521869659424e-01,-1.317736744880676270e+00,9.932000041007995605e-01,4.310942888259887695e-01,3.966579735279083252e-01,1.591850161552429199e+00,-1.773189902305603027e+00,1.307985037565231323e-01,-1.092178672552108765e-01,1.484679222106933594e+00,2.796463668346405029e-01,-2.723964452743530273e-01,-1.808947086334228516e+00,-8.927232772111892700e-02,-6.204756349325180054e-02,1.406148910522460938e+00,2.778963446617126465e-01,1.767114698886871338e-01
4.646285250782966614e-02,-6.834341585636138916e-02,1.054017096757888794e-01,3.020038306713104248e-01,-9.656402468681335449e-02,8.527555465698242188e-01,4.150627255439758301e-01,-1.349857077002525330e-02,6.946629881858825684e-01,9.932000041007995605e-01,-7.125540375709533691e-01,3.067405521869659424e-01,-1.317736744880676270e+00,9.932000041007995605e-01,4.310942888259887695e-01,3.966579735279083252e-01,1.591850161552429199e+00,-1.773189902305603027e+00,1.307985037565231323e-01,-1.092178672552108765e-01,1.484679222106933594e+00,2.796463668346405029e-01,-2.723964452743530273e-01,-1.808947086334228516e+00,-8.927232772111892700e-02,-6.204756349325180054e-02,1.406148910522460938e+00,2.778963446617126465e-01,1.767114698886871338e-01
4.646285250782966614e-02,-6.834341585636138916e-02,1.054017096757888794e-01,3.020038306713104248e-01,-9.656402468681335449e-02,8.527555465698242188e-01,4.150627255439758301e-01,-1.349857077002525330e-02,6.946629881858825684e-01,9.932000041007995605e-01,-7.125540375709533691e-01,3.067405521869659424e-01,-1.317736744880676270e+00,9.932000041007995605e-01,4.310942888259887695e-01,3.966579735279083252e-01,1.591850161552429199e+00,-1.773189902305603027e+00,1.307985037565231323e-01,-1.092178672552108765e-01,1.484679222106933594e+00,2.796463668346405029e-01,-2.723964452743530273e-01,-1.808947086334228516e+00,-8.927232772111892700e-02,-6.204756349325180054e-02,1.406148910522460938e+00,2.778963446617126465e-01,1.767114698886871338e-01
4.646285250782966614e-02,-6.834341585636138916e-02,1.054017096757888794e-01,3.020038306713104248e-01,-9.656402468681335449e-02,8.527555465698242188e-01,4.150627255439758301e-01,-1.349857077002525330e-02,6.946629881858825684e-01,9.932000041007995605e-01,-7.125540375709533691e-01,3.067405521869659424e-01,-1.317736744880676270e+00,9.932000041007995605e-01,4.310942888259887695e-01,3.966579735279083252e-01,1.591850161552429199e+00,-1.773189902305603027e+00,1.307985037565231323e-01,-1.092178672552108765e-01,1.484679222106933594e+00,2.796463668346405029e-01,-2.723964452743530273e-01,-1.808947086334228516e+00,-8.927232772111892700e-02,-6.204756349325180054e-02,1.406148910522460938e+00,2.778963446617126465e-01,1.767114698886871338e-01
4.646285250782966614e-02,-6.834341585636138916e-02,1.054017096757888794e-01,3.020038306713104248e-01,-9.656402468681335449e-02,8.527555465698242188e-01,4.150627255439758301e-01,-1.349857077002525330e-02,6.946629881858825684e-01,9.932000041007995605e-01,-7.125540375709533691e-01,3.067405521869659424e-01,-1.317736744880676270e+00,9.932000041007995605e-01,4.310942888259887695e-01,3.966579735279083252e-01,1.591850161552429199e+00,-1.773189902305603027e+00,1.307985037565231323e-01,-1.092178672552108765e-01,1.484679222106933594e+00,2.796463668346405029e-01,-2.723964452743530273e-01,-1.808947086334228516e+00,-8.927232772111892700e-02,-6.204756349325180054e-02,1.406148910522460938e+00,2.778963446617126465e-01,1.767114698886871338e-01
4.646285250782966614e-02,-6.834341585636138916e-02,1.054017096757888794e-01,3.020038306713104248e-01,-9.656402468681335449e-02,8.527555465698242188e-01,4.150627255439758301e-01,-1.349857077002525330e-02,6.946629881858825684e-01,9.932000041007995605e-01,-7.125540375709533691e-01,3.067405521869659424e-01,-1.317736744880676270e+00,9.932000041007995605e-01,4.310942888259887695e-01,3.966579735279083252e-01,1.591850161552429199e+00,-1.773189902305603027e+00,1.307985037565231323e-01,-1.092178672552108765e-01,1.484679222106933594e+00,2.796463668346405029e-01,-2.723964452743530273e-01,-1.808947086334228516e+00,-8.927232772111892700e-02,-6.204756349325180054e-02,1.406148910522460938e+00,2.778963446617126465e-01,1.767114698886871338e-01
4.646285250782966614e-02,-6.834341585636138916e-02,1.054017096757888794e-01,3.020038306713104248e-01,-9.656402468681335449e-02,8.527555465698242188e-01,4.150627255439758301e-01,-1.349857077002525330e-02,6.946629881858825684e-01,9.932000041007995605e-01,-7.125540375709533691e-01,3.067405521869659424e-01,-1.317736744880676270e+00,9.932000041007995605e-01,4.310942888259887695e-01,3.966579735279083252e-01,1.591850161552429199e+00,-1.773189902305603027e+00,1.307985037565231323e-01,-1.092178672552108765e-01,1.484679222106933594e+00,2.796463668346405029e-01,-2.723964452743530273e-01,-1.808947086334228516e+00,-8.927232772111892700e-02,-6.204756349325180054e-02,1.406148910522460938e+00,2.778963446617126465e-01,1.767114698886871338e-01
4.646285250782966614e-02,-6.834341585636138916e-02,1.054017096757888794e-01,3.020038306713104248e-01,-9.656402468681335449e-02,8.527555465698242188e-01,4.150627255439758301e-01,-1.349857077002525330e-02,6.946629881858825684e-01,9.932000041007995605e-01,-7.125540375709533691e-01,3.067405521869659424e-01,-1.317736744880676270e+00,9.932000041007995605e-01,4.310942888259887695e-01,3.966579735279083252e-01,1.591850161552429199e+00,-1.773189902305603027e+00,1.307985037565231323e-01,-1.092178672552108765e-01,1.484679222106933594e+00,2.796463668346405029e-01,-2.723964452743530273e-01,-1.808947086334228516e+00,-8.927232772111892700e-02,-6.204756349325180054e-02,1.406148910522460938e+00,2.778963446617126465e-01,1.767114698886871338e-01
4.646285250782966614e-02,-6.834341585636138916e-02,1.054017096757888794e-01,3.020038306713104248e-01,-9.656402468681335449e-02,8.527555465698242188e-01,4.150627255439758301e-01,-1.349857077002525330e-02,6.946629881858825684e-01,9.932000041007995605e-01,-7.125540375709533691e-01,3.067405521869659424e-01,-1.317736744880676270e+00,9.932000041007995605e-01,4.310942888259887695e-01,3.966579735279083252e-01,1.591850161552429199e+00,-1.773189902305603027e+00,1.307985037565231323e-01,-1.092178672552108765e-01,1.484679222106933594e+00,2.796463668346405029e-01,-2.723964452743530273e-01,-1.808947086334228516e+00,-8.927232772111892700e-02,-6.204756349325180054e-02,1.406148910522460938e+00,2.778963446617126465e-01,1.767114698886871338e-01
4.646285250782966614e-02,-6.834341585636138916e-02,1.054017096757888794e-01,3.020038306713104248e-01,-9.656402468681335449e-02,8.527555465698242188e-01,4.150627255439758301e-01,-1.349857077002525330e-02,6.946629881858825684e-01,9.932000041007995605e-01,-7.125540375709533691e-01,3.067405521869659424e-01,-1.317736744880676270e+00,9.932000041007995605e-01,4.310942888259887695e-01,3.966579735279083252e-01,1.591850161552429199e+00,-1.773189902305603027e+00,1.307985037565231323e-01,-1.092178672552108765e-01,1.484679222106933594e+00,2.796463668346405029e-01,-2.723964452743530273e-01,-1.808947086334228516e+00,-8.927232772111892700e-02,-6.204756349325180054e-02,1.406148910522460938e+00,2.778963446617126465e-01,1.767114698886871338e-01
4.646285250782966614e-02,-6.834341585636138916e-02,1.054017096757888794e-01,3.020038306713104248e-01,-9.656402468681335449e-02,8.527555465698242188e-01,4.150627255439758301e-01,-1.349857077002525330e-02,6.946629881858825684e-01,9.932000041007995605e-01,-7.125540375709533691e-01,3.067405521869659424e-01,-1.317736744880676270e+00,9.932000041007995605e-01,4.310942888259887695e-01,3.966579735279083252e-01,1.591850161552429199e+00,-1.773189902305603027e+00,1.307985037565231323e-01,-1.092178672552108765e-01,1.484679222106933594e+00,2.796463668346405029e-01,-2.723964452743530273e-01,-1.808947086334228516e+00,-8.927232772111892700e-02,-6.204756349325180054e-02,1.406148910522460938e+00,2.778963446617126465e-01,1.767114698886871338e-01
4.646285250782966614e-02,-6.834341585636138916e-02,1.054017096757888794e-01,3.020038306713104248e-01,-9.656402468681335449e-02,8.527555465698242188e-01,4.150627255439758301e-01,-1.349857077002525330e-02,6.946629881858825684e-01,9.932000041007995605e-01,-7.125540375709533691e-01,3.067405521869659424e-01,-1.317736744880676270e+00,9.932000041007995605e-01,4.310942888259887695e-01,3.966579735279083252e-01,1.591850161552429199e+00,-1.773189902305603027e+00,1.307985037565231323e-01,-1.092178672552108765e-01,1.484679222106933594e+00,2.796463668346405029e-01,-2.723964452743530273e-01,-1.808947086334228516e+00,-8.927232772111892700e-02,-6.204756349325180054e-02,1.406148910522460938e+00,2.778963446617126465e-01,1.767114698886871338e-01
4.646285250782966614e-02,-6.834341585636138916e-02,1.054017096757888794e-01,3.020038306713104248e-01,-9.656402468681335449e-02,8.527555465698242188e-01,4.150627255439758301e-01,-1.349857077002525330e-02,6.946629881858825684e-01,9.932000041007995605e-01,-7.125540375709533691e-01,3.067405521869659424e-01,-1.317736744880676270e+00,9.932000041007995605e-01,4.310942888259887695e-01,3.966579735279083252e-01,1.591850161552429199e+00,-1.773189902305603027e+00,1.307985037565231323e-01,-1.092178672552108765e-01,1.484679222106933594e+00,2.796463668346405029e-01,-2.723964452743530273e-01,-1.808947086334228516e+00,-8.927232772111892700e-02,-6.204756349325180054e-02,1.406148910522460938e+00,2.778963446617126465e-01,1.767114698886871338e-01
4.646285250782966614e-02,-6.834341585636138916e-02,1.054017096757888794e-01,3.020038306713104248e-01,-9.656402468681335449e-02,8.527555465698242188e-01,4.150627255439758301e-01,-1.349857077002525330e-02,6.946629881858825684e-01,9.932000041007995605e-01,-7.125540375709533691e-01,3.067405521869659424e-01,-1.317736744880676270e+00,9.932000041007995605e-01,4.310942888259887695e-01,3.966579735279083252e-01,1.591850161552429199e+00,-1.773189902305603027e+00,1.307985037565231323e-01,-1.092178672552108765e-01,1.484679222106933594e+00,2.796463668346405029e-01,-2.723964452743530273e-01,-1.808947086334228516e+00,-8.927232772111892700e-02,-6.204756349325180054e-02,1.406148910522460938e+00,2.778963446617126465e-01,1.767114698886871338e-01
4.646285250782966614e-02,-6.834341585636138916e-02,1.054017096757888794e-01,3.020038306713104248e-01,-9.656402468681335449e-02,8.527555465698242188e-01,4.150627255439758301e-01,-1.349857077002525330e-02,6.946629881858825684e-01,9.932000041007995605e-01,-7.125540375709533691e-01,3.067405521869659424e-01,-1.317736744880676270e+00,9.932000041007995605e-01,4.310942888259887695e-01,3.966579735279083252e-01,1.591850161552429199e+00,-1.773189902305603027e+00,1.307985037565231323e-01,-1.092178672552108765e-01,1.484679222106933594e+00,2.796463668346405029e-01,-2.723964452743530273e-01,-1.808947086334228516e+00,-8.927232772111892700e-02,-6.204756349325180054e-02,1.406148910522460938e+00,2.778963446617126465e-01,1.767114698886871338e-01
4.646285250782966614e-02,-6.834341585636138916e-02,1.054017096757888794e-01,3.020038306713104248e-01,-9.656402468681335449e-02,8.527555465698242188e-01,4.150627255439758301e-01,-1.349857077002525330e-02,6.946629881858825684e-01,9.932000041007995605e-01,-7.125540375709533691e-01,3.067405521869659424e-01,-1.317736744880676270e+00,9.932000041007995605e-01,4.310942888259887695e-01,3.966579735279083252e-01,1.591850161552429199e+00,-1.773189902305603027e+00,1.307985037565231323e-01,-1.092178672552108765e-01,1.484679222106933594e+00,2.796463668346405029e-01,-2.723964452743530273e-01,-1.808947086334228516e+00,-8.927232772111892700e-02,-6.204756349325180054e-02,1.406148910522460938e+00,2.778963446617126465e-01,1.767114698886871338e-01
4.646285250782966614e-02,-6.834341585636138916e-02,1.054017096757888794e-01,3.020038306713104248e-01,-9.656402468681335449e-02,8.527555465698242188e-01,4.150627255439758301e-01,-1.349857077002525330e-02,6.946629881858825684e-01,9.932000041007995605e-01,-7.125540375709533691e-01,3.067405521869659424e-01,-1.317736744880676270e+00,9.932000041007995605e-01,4.310942888259887695e-01,3.966579735279083252e-01,1.591850161552429199e+00,-1.773189902305603027e+00,1.307985037565231323e-01,-1.092178672552108765e-01,1.484679222106933594e+00,2.796463668346405029e-01,-2.723964452743530273e-01,-1.808947086334228516e+00,-8.927232772111892700e-02,-6.204756349325180054e-02,1.406148910522460938e+00,2.778963446617126465e-01,1.767114698886871338e-01
4.646285250782966614e-02,-6.834341585636138916e-02,1.054017096757888794e-01,3.020038306713104248e-01,-9.656402468681335449e-02,8.527555465698242188e-01,4.150627255439758301e-01,-1.349857077002525330e-02,6.946629881858825684e-01,9.932000041007995605e-01,-7.125540375709533691e-01,3.067405521869659424e-01,-1.317736744880676270e+00,9.932000041007995605e-01,4.310942888259887695e-01,3.966579735279083252e-01,1.591850161552429199e+00,-1.773189902305603027e+00,1.307985037565231323e-01,-1.092178672552108765e-01,1.484679222106933594e+00,2.796463668346405029e-01,-2.723964452743530273e-01,-1.808947086334228516e+00,-8.927232772111892700e-02,-6.204756349325180054e-02,1.406148910522460938e+00,2.778963446617126465e-01,1.767114698886871338e-01
4.646285250782966614e-02,-6.834341585636138916e-02,1.054017096757888794e-01,3.020038306713104248e-01,-9.656402468681335449e-02,8.527555465698242188e-01,4.150627255439758301e-01,-1.349857077002525330e-02,6.946629881858825684e-01,9.932000041007995605e-01,-7.125540375709533691e-01,3.067405521869659424e-01,-1.317736744880676270e+00,9.932000041007995605e-01,4.310942888259887695e-01,3.966579735279083252e-01,1.591850161552429199e+00,-1.773189902305603027e+00,1.307985037565231323e-01,-1.092178672552108765e-01,1.484679222106933594e+00,2.796463668346405029e-01,-2.723964452743530273e-01,-1.808947086334228516e+00,-8.927232772111892700e-02,-6.204756349325180054e-02,1.406148910522460938e+00,2.778963446617126465e-01,1.767114698886871338e-01
4.646285250782966614e-02,-6.834341585636138916e-02,1.054017096757888794e-01,3.020038306713104248e-01,-9.656402468681335449e-02,8.527555465698242188e-01,4.150627255439758301e-01,-1.349857077002525330e-02,6.946629881858825684e-01,9.932000041007995605e-01,-7.125540375709533691e-01,3.067405521869659424e-01,-1.317736744880676270e+00,9.932000041007995605e-01,4.310942888259887695e-01,3.966579735279083252e-01,1.591850161552429199e+00,-1.773189902305603027e+00,1.307985037565231323e-01,-1.092178672552108765e-01,1.484679222106933594e+00,2.796463668346405029e-01,-2.723964452743530273e-01,-1.808947086334228516e+00,-8.927232772111892700e-02,-6.204756349325180054e-02,1.406148910522460938e+00,2.778963446617126465e-01,1.767114698886871338e-01
4.646285250782966614e-02,-6.834341585636138916e-02,1.054017096757888794e-01,3.020038306713104248e-01,-9.656402468681335449e-02,8.527555465698242188e-01,4.150627255439758301e-01,-1.349857077002525330e-02,6.946629881858825684e-01,9.932000041007995605e-01,-7.125540375709533691e-01,3.067405521869659424e-01,-1.317736744880676270e+00,9.932000041007995605e-01,4.310942888259887695e-01,3.966579735279083252e-01,1.591850161552429199e+00,-1.773189902305603027e+00,1.307985037565231323e-01,-1.092178672552108765e-01,1.484679222106933594e+00,2.796463668346405029e-01,-2.723964452743530273e-01,-1.808947086334228516e+00,-8.927232772111892700e-02,-6.204756349325180054e-02,1.406148910522460938e+00,2.778963446617126465e-01,1.767114698886871338e-01
4.646285250782966614e-02,-6.834341585636138916e-02,1.054017096757888794e-01,3.020038306713104248e-01,-9.656402468681335449e-02,8.527555465698242188e-01,4.150627255439758301e-01,-1.349857077002525330e-02,6.946629881858825684e-01,9.932000041007995605e-01,-7.125540375709533691e-01,3.067405521869659424e-01,-1.317736744880676270e+00,9.932000041007995605e-01,4.310942888259887695e-01,3.966579735279083252e-01,1.591850161552429199e+00,-1.773189902305603027e+00,1.307985037565231323e-01,-1.092178672552108765e-01,1.484679222106933594e+00,2.796463668346405029e-01,-2.723964452743530273e-01,-1.808947086334228516e+00,-8.927232772111892700e-02,-6.204756349325180054e-02,1.406148910522460938e+00,2.778963446617126465e-01,1.767114698886871338e-01
4.646285250782966614e-02,-6.834341585636138916e-02,1.054017096757888794e-01,3.020038306713104248e-01,-9.656402468681335449e-02,8.527555465698242188e-01,4.150627255439758301e-01,-1.349857077002525330e-02,6.946629881858825684e-01,9.932000041007995605e-01,-7.125540375709533691e-01,3.067405521869659424e-01,-1.317736744880676270e+00,9.932000041007995605e-01,4.310942888259887695e-01,3.966579735279083252e-01,1.591850161552429199e+00,-1.773189902305603027e+00,1.307985037565231323e-01,-1.092178672552108765e-01,1.484679222106933594e+00,2.796463668346405029e-01,-2.723964452743530273e-01,-1.808947086334228516e+00,-8.927232772111892700e-02,-6.204756349325180054e-02,1.406148910522460938e+00,2.778963446617126465e-01,1.767114698886871338e-01
4.646285250782966614e-02,-6.834341585636138916e-02,1.054017096757888794e-01,3.020038306713104248e-01,-9.656402468681335449e-02,8.527555465698242188e-01,4.150627255439758301e-01,-1.349857077002525330e-02,6.946629881858825684e-01,9.932000041007995605e-01,-7.125540375709533691e-01,3.067405521869659424e-01,-1.317736744880676270e+00,9.932000041007995605e-01,4.310942888259887695e-01,3.966579735279083252e-01,1.591850161552429199e+00,-1.773189902305603027e+00,1.307985037565231323e-01,-1.092178672552108765e-01,1.484679222106933594e+00,2.796463668346405029e-01,-2.723964452743530273e-01,-1.808947086334228516e+00,-8.927232772111892700e-02,-6.204756349325180054e-02,1.406148910522460938e+00,2.778963446617126465e-01,1.767114698886871338e-01
4.646285250782966614e-02,-6.834341585636138916e-02,1.054017096757888794e-01,3.020038306713104248e-01,-9.656402468681335449e-02,8.527555465698242188e-01,4.150627255439758301e-01,-1.349857077002525330e-02,6.946629881858825684e-01,9.932000041007995605e-01,-7.125540375709533691e-01,3.067405521869659424e-01,-1.317736744880676270e+00,9.932000041007995605e-01,4.310942888259887695e-01,3.966579735279083252e-01,1.591850161552429199e+00,-1.773189902305603027e+00,1.307985037565231323e-01,-1.092178672552108765e-01,1.484679222106933594e+00,2.796463668346405029e-01,-2.723964452743530273e-01,-1.808947086334228516e+00,-8.927232772111892700e-02,-6.204756349325180054e-02,1.406148910522460938e+00,2.778963446617126465e-01,1.767114698886871338e-01
4.646285250782966614e-02,-6.834341585636138916e-02,1.054017096757888794e-01,3.020038306713104248e-01,-9.656402468681335449e-02,8.527555465698242188e-01,4.150627255439758301e-01,-1.349857077002525330e-02,6.946629881858825684e-01,9.932000041007995605e-01,-7.125540375709533691e-01,3.067405521869659424e-01,-1.317736744880676270e+00,9.932000041007995605e-01,4.310942888259887695e-01,3.966579735279083252e-01,1.591850161552429199e+00,-1.773189902305603027e+00,1.307985037565231323e-01,-1.092178672552108765e-01,1.484679222106933594e+00,2.796463668346405029e-01,-2.723964452743530273e-01,-1.808947086334228516e+00,-8.927232772111892700e-02,-6.204756349325180054e-02,1.406148910522460938e+00,2.778963446617126465e-01,1.767114698886871338e-01
4.646285250782966614e-02,-6.834341585636138916e-02,1.054017096757888794e-01,3.020038306713104248e-01,-9.656402468681335449e-02,8.527555465698242188e-01,4.150627255439758301e-01,-1.349857077002525330e-02,6.946629881858825684e-01,9.932000041007995605e-01,-7.125540375709533691e-01,3.067405521869659424e-01,-1.317736744880676270e+00,9.932000041007995605e-01,4.310942888259887695e-01,3.966579735279083252e-01,1.591850161552429199e+00,-1.773189902305603027e+00,1.307985037565231323e-01,-1.092178672552108765e-01,1.484679222106933594e+00,2.796463668346405029e-01,-2.723964452743530273e-01,-1.808947086334228516e+00,-8.927232772111892700e-02,-6.204756349325180054e-02,1.406148910522460938e+00,2.778963446617126465e-01,1.767114698886871338e-01
4.646285250782966614e-02,-6.834341585636138916e-02,1.054017096757888794e-01,3.020038306713104248e-01,-9.656402468681335449e-02,8.527555465698242188e-01,4.150627255439758301e-01,-1.349857077002525330e-02,6.946629881858825684e-01,9.932000041007995605e-01,-7.125540375709533691e-01,3.067405521869659424e-01,-1.317736744880676270e+00,9.932000041007995605e-01,4.310942888259887695e-01,3.966579735279083252e-01,1.591850161552429199e+00,-1.773189902305603027e+00,1.307985037565231323e-01,-1.092178672552108765e-01,1.484679222106933594e+00,2.796463668346405029e-01,-2.723964452743530273e-01,-1.808947086334228516e+00,-8.927232772111892700e-02,-6.204756349325180054e-02,1.406148910522460938e+00,2.778963446617126465e-01,1.767114698886871338e-01
4.646285250782966614e-02,-6.834341585636138916e-02,1.054017096757888794e-01,3.020038306713104248e-01,-9.656402468681335449e-02,8.527555465698242188e-01,4.150627255439758301e-01,-1.349857077002525330e-02,6.946629881858825684e-01,9.932000041007995605e-01,-7.125540375709533691e-01,3.067405521869659424e-01,-1.317736744880676270e+00,9.932000041007995605e-01,4.310942888259887695e-01,3.966579735279083252e-01,1.591850161552429199e+00,-1.773189902305603027e+00,1.307985037565231323e-01,-1.092178672552108765e-01,1.484679222106933594e+00,2.796463668346405029e-01,-2.723964452743530273e-01,-1.808947086334228516e+00,-8.927232772111892700e-02,-6.204756349325180054e-02,1.406148910522460938e+00,2.778963446617126465e-01,1.767114698886871338e-01
4.646285250782966614e-02,-6.834341585636138916e-02,1.054017096757888794e-01,3.020038306713104248e-01,-9.656402468681335449e-02,8.527555465698242188e-01,4.150627255439758301e-01,-1.349857077002525330e-02,6.946629881858825684e-01,9.932000041007995605e-01,-7.125540375709533691e-01,3.067405521869659424e-01,-1.317736744880676270e+00,9.932000041007995605e-01,4.310942888259887695e-01,3.966579735279083252e-01,1.591850161552429199e+00,-1.773189902305603027e+00,1.307985037565231323e-01,-1.092178672552108765e-01,1.484679222106933594e+00,2.796463668346405029e-01,-2.723964452743530273e-01,-1.808947086334228516e+00,-8.927232772111892700e-02,-6.204756349325180054e-02,1.406148910522460938e+00,2.778963446617126465e-01,1.767114698886871338e-01
4.646285250782966614e-02,-6.834341585636138916e-02,1.054017096757888794e-01,3.020038306713104248e-01,-9.656402468681335449e-02,8.527555465698242188e-01,4.150627255439758301e-01,-1.349857077002525330e-02,6.946629881858825684e-01,9.932000041007995605e-01,-7.125540375709533691e-01,3.067405521869659424e-01,-1.317736744880676270e+00,9.932000041007995605e-01,4.310942888259887695e-01,3.966579735279083252e-01,1.591850161552429199e+00,-1.773189902305603027e+00,1.307985037565231323e-01,-1.092178672552108765e-01,1.484679222106933594e+00,2.796463668346405029e-01,-2.723964452743530273e-01,-1.808947086334228516e+00,-8.927232772111892700e-02,-6.204756349325180054e-02,1.406148910522460938e+00,2.778963446617126465e-01,1.767114698886871338e-01
4.646285250782966614e-02,-6.834341585636138916e-02,1.054017096757888794e-01,3.020038306713104248e-01,-9.656402468681335449e-02,8.527555465698242188e-01,4.150627255439758301e-01,-1.349857077002525330e-02,6.946629881858825684e-01,9.932000041007995605e-01,-7.125540375709533691e-01,3.067405521869659424e-01,-1.317736744880676270e+00,9.932000041007995605e-01,4.310942888259887695e-01,3.966579735279083252e-01,1.591850161552429199e+00,-1.773189902305603027e+00,1.307985037565231323e-01,-1.092178672552108765e-01,1.484679222106933594e+00,2.796463668346405029e-01,-2.723964452743530273e-01,-1.808947086334228516e+00,-8.927232772111892700e-02,-6.204756349325180054e-02,1.406148910522460938e+00,2.778963446617126465e-01,1.767114698886871338e-01
4.646285250782966614e-02,-6.834341585636138916e-02,1.054017096757888794e-01,3.020038306713104248e-01,-9.656402468681335449e-02,8.527555465698242188e-01,4.150627255439758301e-01,-1.349857077002525330e-02,6.946629881858825684e-01,9.932000041007995605e-01,-7.125540375709533691e-01,3.067405521869659424e-01,-1.317736744880676270e+00,9.932000041007995605e-01,4.310942888259887695e-01,3.966579735279083252e-01,1.591850161552429199e+00,-1.773189902305603027e+00,1.307985037565231323e-01,-1.092178672552108765e-01,1.484679222106933594e+00,2.796463668346405029e-01,-2.723964452743530273e-01,-1.808947086334228516e+00,-8.927232772111892700e-02,-6.204756349325180054e-02,1.406148910522460938e+00,2.778963446617126465e-01,1.767114698886871338e-01
4.646285250782966614e-02,-6.834341585636138916e-02,1.054017096757888794e-01,3.020038306713104248e-01,-9.656402468681335449e-02,8.527555465698242188e-01,4.150627255439758301e-01,-1.349857077002525330e-02,6.946629881858825684e-01,9.932000041007995605e-01,-7.125540375709533691e-01,3.067405521869659424e-01,-1.317736744880676270e+00,9.932000041007995605e-01,4.310942888259887695e-01,3.966579735279083252e-01,1.591850161552429199e+00,-1.773189902305603027e+00,1.307985037565231323e-01,-1.092178672552108765e-01,1.484679222106933594e+00,2.796463668346405029e-01,-2.723964452743530273e-01,-1.808947086334228516e+00,-8.927232772111892700e-02,-6.204756349325180054e-02,1.406148910522460938e+00,2.778963446617126465e-01,1.767114698886871338e-01
4.646285250782966614e-02,-6.834341585636138916e-02,1.054017096757888794e-01,3.020038306713104248e-01,-9.656402468681335449e-02,8.527555465698242188e-01,4.150627255439758301e-01,-1.349857077002525330e-02,6.946629881858825684e-01,9.932000041007995605e-01,-7.125540375709533691e-01,3.067405521869659424e-01,-1.317736744880676270e+00,9.932000041007995605e-01,4.310942888259887695e-01,3.966579735279083252e-01,1.591850161552429199e+00,-1.773189902305603027e+00,1.307985037565231323e-01,-1.092178672552108765e-01,1.484679222106933594e+00,2.796463668346405029e-01,-2.723964452743530273e-01,-1.808947086334228516e+00,-8.927232772111892700e-02,-6.204756349325180054e-02,1.406148910522460938e+00,2.778963446617126465e-01,1.767114698886871338e-01
4.646285250782966614e-02,-6.834341585636138916e-02,1.054017096757888794e-01,3.020038306713104248e-01,-9.656402468681335449e-02,8.527555465698242188e-01,4.150627255439758301e-01,-1.349857077002525330e-02,6.946629881858825684e-01,9.932000041007995605e-01,-7.125540375709533691e-01,3.067405521869659424e-01,-1.317736744880676270e+00,9.932000041007995605e-01,4.310942888259887695e-01,3.966579735279083252e-01,1.591850161552429199e+00,-1.773189902305603027e+00,1.307985037565231323e-01,-1.092178672552108765e-01,1.484679222106933594e+00,2.796463668346405029e-01,-2.723964452743530273e-01,-1.808947086334228516e+00,-8.927232772111892700e-02,-6.204756349325180054e-02,1.406148910522460938e+00,2.778963446617126465e-01,1.767114698886871338e-01
4.646285250782966614e-02,-6.834341585636138916e-02,1.054017096757888794e-01,3.020038306713104248e-01,-9.656402468681335449e-02,8.527555465698242188e-01,4.150627255439758301e-01,-1.349857077002525330e-02,6.946629881858825684e-01,9.932000041007995605e-01,-7.125540375709533691e-01,3.067405521869659424e-01,-1.317736744880676270e+00,9.932000041007995605e-01,4.310942888259887695e-01,3.966579735279083252e-01,1.591850161552429199e+00,-1.773189902305603027e+00,1.307985037565231323e-01,-1.092178672552108765e-01,1.484679222106933594e+00,2.796463668346405029e-01,-2.723964452743530273e-01,-1.808947086334228516e+00,-8.927232772111892700e-02,-6.204756349325180054e-02,1.406148910522460938e+00,2.778963446617126465e-01,1.767114698886871338e-01
4.646285250782966614e-02,-6.834341585636138916e-02,1.054017096757888794e-01,3.020038306713104248e-01,-9.656402468681335449e-02,8.527555465698242188e-01,4.150627255439758301e-01,-1.349857077002525330e-02,6.946629881858825684e-01,9.932000041007995605e-01,-7.125540375709533691e-01,3.067405521869659424e-01,-1.317736744880676270e+00,9.932000041007995605e-01,4.310942888259887695e-01,3.966579735279083252e-01,1.591850161552429199e+00,-1.773189902305603027e+00,1.307985037565231323e-01,-1.092178672552108765e-01,1.484679222106933594e+00,2.796463668346405029e-01,-2.723964452743530273e-01,-1.808947086334228516e+00,-8.927232772111892700e-02,-6.204756349325180054e-02,1.406148910522460938e+00,2.778963446617126465e-01,1.767114698886871338e-01
4.646285250782966614e-02,-6.834341585636138916e-02,1.054017096757888794e-01,3.020038306713104248e-01,-9.656402468681335449e-02,8.527555465698242188e-01,4.150627255439758301e-01,-1.349857077002525330e-02,6.946629881858825684e-01,9.932000041007995605e-01,-7.125540375709533691e-01,3.067405521869659424e-01,-1.317736744880676270e+00,9.932000041007995605e-01,4.310942888259887695e-01,3.966579735279083252e-01,1.591850161552429199e+00,-1.773189902305603027e+00,1.307985037565231323e-01,-1.092178672552108765e-01,1.484679222106933594e+00,2.796463668346405029e-01,-2.723964452743530273e-01,-1.808947086334228516e+00,-8.927232772111892700e-02,-6.204756349325180054e-02,1.406148910522460938e+00,2.778963446617126465e-01,1.767114698886871338e-01
4.646285250782966614e-02,-6.834341585636138916e-02,1.054017096757888794e-01,3.020038306713104248e-01,-9.656402468681335449e-02,8.527555465698242188e-01,4.150627255439758301e-01,-1.349857077002525330e-02,6.946629881858825684e-01,9.932000041007995605e-01,-7.125540375709533691e-01,3.067405521869659424e-01,-1.317736744880676270e+00,9.932000041007995605e-01,4.310942888259887695e-01,3.966579735279083252e-01,1.591850161552429199e+00,-1.773189902305603027e+00,1.307985037565231323e-01,-1.092178672552108765e-01,1.484679222106933594e+00,2.796463668346405029e-01,-2.723964452743530273e-01,-1.808947086334228516e+00,-8.927232772111892700e-02,-6.204756349325180054e-02,1.406148910522460938e+00,2.778963446617126465e-01,1.767114698886871338e-01
4.646285250782966614e-02,-6.834341585636138916e-02,1.054017096757888794e-01,3.020038306713104248e-01,-9.656402468681335449e-02,8.527555465698242188e-01,4.150627255439758301e-01,-1.349857077002525330e-02,6.946629881858825684e-01,9.932000041007995605e-01,-7.125540375709533691e-01,3.067405521869659424e-01,-1.317736744880676270e+00,9.932000041007995605e-01,4.310942888259887695e-01,3.966579735279083252e-01,1.591850161552429199e+00,-1.773189902305603027e+00,1.307985037565231323e-01,-1.092178672552108765e-01,1.484679222106933594e+00,2.796463668346405029e-01,-2.723964452743530273e-01,-1.808947086334228516e+00,-8.927232772111892700e-02,-6.204756349325180054e-02,1.406148910522460938e+00,2.778963446617126465e-01,1.767114698886871338e-01
4.646285250782966614e-02,-6.834341585636138916e-02,1.054017096757888794e-01,3.020038306713104248e-01,-9.656402468681335449e-02,8.527555465698242188e-01,4.150627255439758301e-01,-1.349857077002525330e-02,6.946629881858825684e-01,9.932000041007995605e-01,-7.125540375709533691e-01,3.067405521869659424e-01,-1.317736744880676270e+00,9.932000041007995605e-01,4.310942888259887695e-01,3.966579735279083252e-01,1.591850161552429199e+00,-1.773189902305603027e+00,1.307985037565231323e-01,-1.092178672552108765e-01,1.484679222106933594e+00,2.796463668346405029e-01,-2.723964452743530273e-01,-1.808947086334228516e+00,-8.927232772111892700e-02,-6.204756349325180054e-02,1.406148910522460938e+00,2.778963446617126465e-01,1.767114698886871338e-01
4.646285250782966614e-02,-6.834341585636138916e-02,1.054017096757888794e-01,3.020038306713104248e-01,-9.656402468681335449e-02,8.527555465698242188e-01,4.150627255439758301e-01,-1.349857077002525330e-02,6.946629881858825684e-01,9.932000041007995605e-01,-7.125540375709533691e-01,3.067405521869659424e-01,-1.317736744880676270e+00,9.932000041007995605e-01,4.310942888259887695e-01,3.966579735279083252e-01,1.591850161552429199e+00,-1.773189902305603027e+00,1.307985037565231323e-01,-1.092178672552108765e-01,1.484679222106933594e+00,2.796463668346405029e-01,-2.723964452743530273e-01,-1.808947086334228516e+00,-8.927232772111892700e-02,-6.204756349325180054e-02,1.406148910522460938e+00,2.778963446617126465e-01,1.767114698886871338e-01
4.646285250782966614e-02,-6.834341585636138916e-02,1.054017096757888794e-01,3.020038306713104248e-01,-9.656402468681335449e-02,8.527555465698242188e-01,4.150627255439758301e-01,-1.349857077002525330e-02,6.946629881858825684e-01,9.932000041007995605e-01,-7.125540375709533691e-01,3.067405521869659424e-01,-1.317736744880676270e+00,9.932000041007995605e-01,4.310942888259887695e-01,3.966579735279083252e-01,1.591850161552429199e+00,-1.773189902305603027e+00,1.307985037565231323e-01,-1.092178672552108765e-01,1.484679222106933594e+00,2.796463668346405029e-01,-2.723964452743530273e-01,-1.808947086334228516e+00,-8.927232772111892700e-02,-6.204756349325180054e-02,1.406148910522460938e+00,2.778963446617126465e-01,1.767114698886871338e-01
4.646285250782966614e-02,-6.834341585636138916e-02,1.054017096757888794e-01,3.020038306713104248e-01,-9.656402468681335449e-02,8.527555465698242188e-01,4.150627255439758301e-01,-1.349857077002525330e-02,6.946629881858825684e-01,9.932000041007995605e-01,-7.125540375709533691e-01,3.067405521869659424e-01,-1.317736744880676270e+00,9.932000041007995605e-01,4.310942888259887695e-01,3.966579735279083252e-01,1.591850161552429199e+00,-1.773189902305603027e+00,1.307985037565231323e-01,-1.092178672552108765e-01,1.484679222106933594e+00,2.796463668346405029e-01,-2.723964452743530273e-01,-1.808947086334228516e+00,-8.927232772111892700e-02,-6.204756349325180054e-02,1.406148910522460938e+00,2.778963446617126465e-01,1.767114698886871338e-01
4.646285250782966614e-02,-6.834341585636138916e-02,1.054017096757888794e-01,3.020038306713104248e-01,-9.656402468681335449e-02,8.527555465698242188e-01,4.150627255439758301e-01,-1.349857077002525330e-02,6.946629881858825684e-01,9.932000041007995605e-01,-7.125540375709533691e-01,3.067405521869659424e-01,-1.317736744880676270e+00,9.932000041007995605e-01,4.310942888259887695e-01,3.966579735279083252e-01,1.591850161552429199e+00,-1.773189902305603027e+00,1.307985037565231323e-01,-1.092178672552108765e-01,1.484679222106933594e+00,2.796463668346405029e-01,-2.723964452743530273e-01,-1.808947086334228516e+00,-8.927232772111892700e-02,-6.204756349325180054e-02,1.406148910522460938e+00,2.778963446617126465e-01,1.767114698886871338e-01
4.646285250782966614e-02,-6.834341585636138916e-02,1.054017096757888794e-01,3.020038306713104248e-01,-9.656402468681335449e-02,8.527555465698242188e-01,4.150627255439758301e-01,-1.349857077002525330e-02,6.946629881858825684e-01,9.932000041007995605e-01,-7.125540375709533691e-01,3.067405521869659424e-01,-1.317736744880676270e+00,9.932000041007995605e-01,4.310942888259887695e-01,3.966579735279083252e-01,1.591850161552429199e+00,-1.773189902305603027e+00,1.307985037565231323e-01,-1.092178672552108765e-01,1.484679222106933594e+00,2.796463668346405029e-01,-2.723964452743530273e-01,-1.808947086334228516e+00,-8.927232772111892700e-02,-6.204756349325180054e-02,1.406148910522460938e+00,2.778963446617126465e-01,1.767114698886871338e-01
4.646285250782966614e-02,-6.834341585636138916e-02,1.054017096757888794e-01,3.020038306713104248e-01,-9.656402468681335449e-02,8.527555465698242188e-01,4.150627255439758301e-01,-1.349857077002525330e-02,6.946629881858825684e-01,9.932000041007995605e-01,-7.125540375709533691e-01,3.067405521869659424e-01,-1.317736744880676270e+00,9.932000041007995605e-01,4.310942888259887695e-01,3.966579735279083252e-01,1.591850161552429199e+00,-1.773189902305603027e+00,1.307985037565231323e-01,-1.092178672552108765e-01,1.484679222106933594e+00,2.796463668346405029e-01,-2.723964452743530273e-01,-1.808947086334228516e+00,-8.927232772111892700e-02,-6.204756349325180054e-02,1.406148910522460938e+00,2.778963446617126465e-01,1.767114698886871338e-01
4.646285250782966614e-02,-6.834341585636138916e-02,1.054017096757888794e-01,3.020038306713104248e-01,-9.656402468681335449e-02,8.527555465698242188e-01,4.150627255439758301e-01,-1.349857077002525330e-02,6.946629881858825684e-01,9.932000041007995605e-01,-7.125540375709533691e-01,3.067405521869659424e-01,-1.317736744880676270e+00,9.932000041007995605e-01,4.310942888259887695e-01,3.966579735279083252e-01,1.591850161552429199e+00,-1.773189902305603027e+00,1.307985037565231323e-01,-1.092178672552108765e-01,1.484679222106933594e+00,2.796463668346405029e-01,-2.723964452743530273e-01,-1.808947086334228516e+00,-8.927232772111892700e-02,-6.204756349325180054e-02,1.406148910522460938e+00,2.778963446617126465e-01,1.767114698886871338e-01
4.646285250782966614e-02,-6.834341585636138916e-02,1.054017096757888794e-01,3.020038306713104248e-01,-9.656402468681335449e-02,8.527555465698242188e-01,4.150627255439758301e-01,-1.349857077002525330e-02,6.946629881858825684e-01,9.932000041007995605e-01,-7.125540375709533691e-01,3.067405521869659424e-01,-1.317736744880676270e+00,9.932000041007995605e-01,4.310942888259887695e-01,3.966579735279083252e-01,1.591850161552429199e+00,-1.773189902305603027e+00,1.307985037565231323e-01,-1.092178672552108765e-01,1.484679222106933594e+00,2.796463668346405029e-01,-2.723964452743530273e-01,-1.808947086334228516e+00,-8.927232772111892700e-02,-6.204756349325180054e-02,1.406148910522460938e+00,2.778963446617126465e-01,1.767114698886871338e-01
4.646285250782966614e-02,-6.834341585636138916e-02,1.054017096757888794e-01,3.020038306713104248e-01,-9.656402468681335449e-02,8.527555465698242188e-01,4.150627255439758301e-01,-1.349857077002525330e-02,6.946629881858825684e-01,9.932000041007995605e-01,-7.125540375709533691e-01,3.067405521869659424e-01,-1.317736744880676270e+00,9.932000041007995605e-01,4.310942888259887695e-01,3.966579735279083252e-01,1.591850161552429199e+00,-1.773189902305603027e+00,1.307985037565231323e-01,-1.092178672552108765e-01,1.484679222106933594e+00,2.796463668346405029e-01,-2.723964452743530273e-01,-1.808947086334228516e+00,-8.927232772111892700e-02,-6.204756349325180054e-02,1.406148910522460938e+00,2.778963446617126465e-01,1.767114698886871338e-01
4.646285250782966614e-02,-6.834341585636138916e-02,1.054017096757888794e-01,3.020038306713104248e-01,-9.656402468681335449e-02,8.527555465698242188e-01,4.150627255439758301e-01,-1.349857077002525330e-02,6.946629881858825684e-01,9.932000041007995605e-01,-7.125540375709533691e-01,3.067405521869659424e-01,-1.317736744880676270e+00,9.932000041007995605e-01,4.310942888259887695e-01,3.966579735279083252e-01,1.591850161552429199e+00,-1.773189902305603027e+00,1.307985037565231323e-01,-1.092178672552108765e-01,1.484679222106933594e+00,2.796463668346405029e-01,-2.723964452743530273e-01,-1.808947086334228516e+00,-8.927232772111892700e-02,-6.204756349325180054e-02,1.406148910522460938e+00,2.778963446617126465e-01,1.767114698886871338e-01
4.646285250782966614e-02,-6.834341585636138916e-02,1.054017096757888794e-01,3.020038306713104248e-01,-9.656402468681335449e-02,8.527555465698242188e-01,4.150627255439758301e-01,-1.349857077002525330e-02,6.946629881858825684e-01,9.932000041007995605e-01,-7.125540375709533691e-01,3.067405521869659424e-01,-1.317736744880676270e+00,9.932000041007995605e-01,4.310942888259887695e-01,3.966579735279083252e-01,1.591850161552429199e+00,-1.773189902305603027e+00,1.307985037565231323e-01,-1.092178672552108765e-01,1.484679222106933594e+00,2.796463668346405029e-01,-2.723964452743530273e-01,-1.808947086334228516e+00,-8.927232772111892700e-02,-6.204756349325180054e-02,1.406148910522460938e+00,2.778963446617126465e-01,1.767114698886871338e-01
4.646285250782966614e-02,-6.834341585636138916e-02,1.054017096757888794e-01,3.020038306713104248e-01,-9.656402468681335449e-02,8.527555465698242188e-01,4.150627255439758301e-01,-1.349857077002525330e-02,6.946629881858825684e-01,9.932000041007995605e-01,-7.125540375709533691e-01,3.067405521869659424e-01,-1.317736744880676270e+00,9.932000041007995605e-01,4.310942888259887695e-01,3.966579735279083252e-01,1.591850161552429199e+00,-1.773189902305603027e+00,1.307985037565231323e-01,-1.092178672552108765e-01,1.484679222106933594e+00,2.796463668346405029e-01,-2.723964452743530273e-01,-1.808947086334228516e+00,-8.927232772111892700e-02,-6.204756349325180054e-02,1.406148910522460938e+00,2.778963446617126465e-01,1.767114698886871338e-01
4.646285250782966614e-02,-6.834341585636138916e-02,1.054017096757888794e-01,3.020038306713104248e-01,-9.656402468681335449e-02,8.527555465698242188e-01,4.150627255439758301e-01,-1.349857077002525330e-02,6.946629881858825684e-01,9.932000041007995605e-01,-7.125540375709533691e-01,3.067405521869659424e-01,-1.317736744880676270e+00,9.932000041007995605e-01,4.310942888259887695e-01,3.966579735279083252e-01,1.591850161552429199e+00,-1.773189902305603027e+00,1.307985037565231323e-01,-1.092178672552108765e-01,1.484679222106933594e+00,2.796463668346405029e-01,-2.723964452743530273e-01,-1.808947086334228516e+00,-8.927232772111892700e-02,-6.204756349325180054e-02,1.406148910522460938e+00,2.778963446617126465e-01,1.767114698886871338e-01
4.646285250782966614e-02,-6.834341585636138916e-02,1.054017096757888794e-01,3.020038306713104248e-01,-9.656402468681335449e-02,8.527555465698242188e-01,4.150627255439758301e-01,-1.349857077002525330e-02,6.946629881858825684e-01,9.932000041007995605e-01,-7.125540375709533691e-01,3.067405521869659424e-01,-1.317736744880676270e+00,9.932000041007995605e-01,4.310942888259887695e-01,3.966579735279083252e-01,1.591850161552429199e+00,-1.773189902305603027e+00,1.307985037565231323e-01,-1.092178672552108765e-01,1.484679222106933594e+00,2.796463668346405029e-01,-2.723964452743530273e-01,-1.808947086334228516e+00,-8.927232772111892700e-02,-6.204756349325180054e-02,1.406148910522460938e+00,2.778963446617126465e-01,1.767114698886871338e-01
4.646285250782966614e-02,-6.834341585636138916e-02,1.054017096757888794e-01,3.020038306713104248e-01,-9.656402468681335449e-02,8.527555465698242188e-01,4.150627255439758301e-01,-1.349857077002525330e-02,6.946629881858825684e-01,9.932000041007995605e-01,-7.125540375709533691e-01,3.067405521869659424e-01,-1.317736744880676270e+00,9.932000041007995605e-01,4.310942888259887695e-01,3.966579735279083252e-01,1.591850161552429199e+00,-1.773189902305603027e+00,1.307985037565231323e-01,-1.092178672552108765e-01,1.484679222106933594e+00,2.796463668346405029e-01,-2.723964452743530273e-01,-1.808947086334228516e+00,-8.927232772111892700e-02,-6.204756349325180054e-02,1.406148910522460938e+00,2.778963446617126465e-01,1.767114698886871338e-01
4.646285250782966614e-02,-6.834341585636138916e-02,1.054017096757888794e-01,3.020038306713104248e-01,-9.656402468681335449e-02,8.527555465698242188e-01,4.150627255439758301e-01,-1.349857077002525330e-02,6.946629881858825684e-01,9.932000041007995605e-01,-7.125540375709533691e-01,3.067405521869659424e-01,-1.317736744880676270e+00,9.932000041007995605e-01,4.310942888259887695e-01,3.966579735279083252e-01,1.591850161552429199e+00,-1.773189902305603027e+00,1.307985037565231323e-01,-1.092178672552108765e-01,1.484679222106933594e+00,2.796463668346405029e-01,-2.723964452743530273e-01,-1.808947086334228516e+00,-8.927232772111892700e-02,-6.204756349325180054e-02,1.406148910522460938e+00,2.778963446617126465e-01,1.767114698886871338e-01
4.646285250782966614e-02,-6.834341585636138916e-02,1.054017096757888794e-01,3.020038306713104248e-01,-9.656402468681335449e-02,8.527555465698242188e-01,4.150627255439758301e-01,-1.349857077002525330e-02,6.946629881858825684e-01,9.932000041007995605e-01,-7.125540375709533691e-01,3.067405521869659424e-01,-1.317736744880676270e+00,9.932000041007995605e-01,4.310942888259887695e-01,3.966579735279083252e-01,1.591850161552429199e+00,-1.773189902305603027e+00,1.307985037565231323e-01,-1.092178672552108765e-01,1.484679222106933594e+00,2.796463668346405029e-01,-2.723964452743530273e-01,-1.808947086334228516e+00,-8.927232772111892700e-02,-6.204756349325180054e-02,1.406148910522460938e+00,2.778963446617126465e-01,1.767114698886871338e-01
4.646285250782966614e-02,-6.834341585636138916e-02,1.054017096757888794e-01,3.020038306713104248e-01,-9.656402468681335449e-02,8.527555465698242188e-01,4.150627255439758301e-01,-1.349857077002525330e-02,6.946629881858825684e-01,9.932000041007995605e-01,-7.125540375709533691e-01,3.067405521869659424e-01,-1.317736744880676270e+00,9.932000041007995605e-01,4.310942888259887695e-01,3.966579735279083252e-01,1.591850161552429199e+00,-1.773189902305603027e+00,1.307985037565231323e-01,-1.092178672552108765e-01,1.484679222106933594e+00,2.796463668346405029e-01,-2.723964452743530273e-01,-1.808947086334228516e+00,-8.927232772111892700e-02,-6.204756349325180054e-02,1.406148910522460938e+00,2.778963446617126465e-01,1.767114698886871338e-01
4.646285250782966614e-02,-6.834341585636138916e-02,1.054017096757888794e-01,3.020038306713104248e-01,-9.656402468681335449e-02,8.527555465698242188e-01,4.150627255439758301e-01,-1.349857077002525330e-02,6.946629881858825684e-01,9.932000041007995605e-01,-7.125540375709533691e-01,3.067405521869659424e-01,-1.317736744880676270e+00,9.932000041007995605e-01,4.310942888259887695e-01,3.966579735279083252e-01,1.591850161552429199e+00,-1.773189902305603027e+00,1.307985037565231323e-01,-1.092178672552108765e-01,1.484679222106933594e+00,2.796463668346405029e-01,-2.723964452743530273e-01,-1.808947086334228516e+00,-8.927232772111892700e-02,-6.204756349325180054e-02,1.406148910522460938e+00,2.778963446617126465e-01,1.767114698886871338e-01
4.646285250782966614e-02,-6.834341585636138916e-02,1.054017096757888794e-01,3.020038306713104248e-01,-9.656402468681335449e-02,8.527555465698242188e-01,4.150627255439758301e-01,-1.349857077002525330e-02,6.946629881858825684e-01,9.932000041007995605e-01,-7.125540375709533691e-01,3.067405521869659424e-01,-1.317736744880676270e+00,9.932000041007995605e-01,4.310942888259887695e-01,3.966579735279083252e-01,1.591850161552429199e+00,-1.773189902305603027e+00,1.307985037565231323e-01,-1.092178672552108765e-01,1.484679222106933594e+00,2.796463668346405029e-01,-2.723964452743530273e-01,-1.808947086334228516e+00,-8.927232772111892700e-02,-6.204756349325180054e-02,1.406148910522460938e+00,2.778963446617126465e-01,1.767114698886871338e-01
4.646285250782966614e-02,-6.834341585636138916e-02,1.054017096757888794e-01,3.020038306713104248e-01,-9.656402468681335449e-02,8.527555465698242188e-01,4.150627255439758301e-01,-1.349857077002525330e-02,6.946629881858825684e-01,9.932000041007995605e-01,-7.125540375709533691e-01,3.067405521869659424e-01,-1.317736744880676270e+00,9.932000041007995605e-01,4.310942888259887695e-01,3.966579735279083252e-01,1.591850161552429199e+00,-1.773189902305603027e+00,1.307985037565231323e-01,-1.092178672552108765e-01,1.484679222106933594e+00,2.796463668346405029e-01,-2.723964452743530273e-01,-1.808947086334228516e+00,-8.927232772111892700e-02,-6.204756349325180054e-02,1.406148910522460938e+00,2.778963446617126465e-01,1.767114698886871338e-01
4.646285250782966614e-02,-6.834341585636138916e-02,1.054017096757888794e-01,3.020038306713104248e-01,-9.656402468681335449e-02,8.527555465698242188e-01,4.150627255439758301e-01,-1.349857077002525330e-02,6.946629881858825684e-01,9.932000041007995605e-01,-7.125540375709533691e-01,3.067405521869659424e-01,-1.317736744880676270e+00,9.932000041007995605e-01,4.310942888259887695e-01,3.966579735279083252e-01,1.591850161552429199e+00,-1.773189902305603027e+00,1.307985037565231323e-01,-1.092178672552108765e-01,1.484679222106933594e+00,2.796463668346405029e-01,-2.723964452743530273e-01,-1.808947086334228516e+00,-8.927232772111892700e-02,-6.204756349325180054e-02,1.406148910522460938e+00,2.778963446617126465e-01,1.767114698886871338e-01
4.646285250782966614e-02,-6.834341585636138916e-02,1.054017096757888794e-01,3.020038306713104248e-01,-9.656402468681335449e-02,8.527555465698242188e-01,4.150627255439758301e-01,-1.349857077002525330e-02,6.946629881858825684e-01,9.932000041007995605e-01,-7.125540375709533691e-01,3.067405521869659424e-01,-1.317736744880676270e+00,9.932000041007995605e-01,4.310942888259887695e-01,3.966579735279083252e-01,1.591850161552429199e+00,-1.773189902305603027e+00,1.307985037565231323e-01,-1.092178672552108765e-01,1.484679222106933594e+00,2.796463668346405029e-01,-2.723964452743530273e-01,-1.808947086334228516e+00,-8.927232772111892700e-02,-6.204756349325180054e-02,1.406148910522460938e+00,2.778963446617126465e-01,1.767114698886871338e-01
4.646285250782966614e-02,-6.834341585636138916e-02,1.054017096757888794e-01,3.020038306713104248e-01,-9.656402468681335449e-02,8.527555465698242188e-01,4.150627255439758301e-01,-1.349857077002525330e-02,6.946629881858825684e-01,9.932000041007995605e-01,-7.125540375709533691e-01,3.067405521869659424e-01,-1.317736744880676270e+00,9.932000041007995605e-01,4.310942888259887695e-01,3.966579735279083252e-01,1.591850161552429199e+00,-1.773189902305603027e+00,1.307985037565231323e-01,-1.092178672552108765e-01,1.484679222106933594e+00,2.796463668346405029e-01,-2.723964452743530273e-01,-1.808947086334228516e+00,-8.927232772111892700e-02,-6.204756349325180054e-02,1.406148910522460938e+00,2.778963446617126465e-01,1.767114698886871338e-01
4.646285250782966614e-02,-6.834341585636138916e-02,1.054017096757888794e-01,3.020038306713104248e-01,-9.656402468681335449e-02,8.527555465698242188e-01,4.150627255439758301e-01,-1.349857077002525330e-02,6.946629881858825684e-01,9.932000041007995605e-01,-7.125540375709533691e-01,3.067405521869659424e-01,-1.317736744880676270e+00,9.932000041007995605e-01,4.310942888259887695e-01,3.966579735279083252e-01,1.591850161552429199e+00,-1.773189902305603027e+00,1.307985037565231323e-01,-1.092178672552108765e-01,1.484679222106933594e+00,2.796463668346405029e-01,-2.723964452743530273e-01,-1.808947086334228516e+00,-8.927232772111892700e-02,-6.204756349325180054e-02,1.406148910522460938e+00,2.778963446617126465e-01,1.767114698886871338e-01
4.646285250782966614e-02,-6.834341585636138916e-02,1.054017096757888794e-01,3.020038306713104248e-01,-9.656402468681335449e-02,8.527555465698242188e-01,4.150627255439758301e-01,-1.349857077002525330e-02,6.946629881858825684e-01,9.932000041007995605e-01,-7.125540375709533691e-01,3.067405521869659424e-01,-1.317736744880676270e+00,9.932000041007995605e-01,4.310942888259887695e-01,3.966579735279083252e-01,1.591850161552429199e+00,-1.773189902305603027e+00,1.307985037565231323e-01,-1.092178672552108765e-01,1.484679222106933594e+00,2.796463668346405029e-01,-2.723964452743530273e-01,-1.808947086334228516e+00,-8.927232772111892700e-02,-6.204756349325180054e-02,1.406148910522460938e+00,2.778963446617126465e-01,1.767114698886871338e-01
4.646285250782966614e-02,-6.834341585636138916e-02,1.054017096757888794e-01,3.020038306713104248e-01,-9.656402468681335449e-02,8.527555465698242188e-01,4.150627255439758301e-01,-1.349857077002525330e-02,6.946629881858825684e-01,9.932000041007995605e-01,-7.125540375709533691e-01,3.067405521869659424e-01,-1.317736744880676270e+00,9.932000041007995605e-01,4.310942888259887695e-01,3.966579735279083252e-01,1.591850161552429199e+00,-1.773189902305603027e+00,1.307985037565231323e-01,-1.092178672552108765e-01,1.484679222106933594e+00,2.796463668346405029e-01,-2.723964452743530273e-01,-1.808947086334228516e+00,-8.927232772111892700e-02,-6.204756349325180054e-02,1.406148910522460938e+00,2.778963446617126465e-01,1.767114698886871338e-01
4.646285250782966614e-02,-6.834341585636138916e-02,1.054017096757888794e-01,3.020038306713104248e-01,-9.656402468681335449e-02,8.527555465698242188e-01,4.150627255439758301e-01,-1.349857077002525330e-02,6.946629881858825684e-01,9.932000041007995605e-01,-7.125540375709533691e-01,3.067405521869659424e-01,-1.317736744880676270e+00,9.932000041007995605e-01,4.310942888259887695e-01,3.966579735279083252e-01,1.591850161552429199e+00,-1.773189902305603027e+00,1.307985037565231323e-01,-1.092178672552108765e-01,1.484679222106933594e+00,2.796463668346405029e-01,-2.723964452743530273e-01,-1.808947086334228516e+00,-8.927232772111892700e-02,-6.204756349325180054e-02,1.406148910522460938e+00,2.778963446617126465e-01,1.767114698886871338e-01
4.646285250782966614e-02,-6.834341585636138916e-02,1.054017096757888794e-01,3.020038306713104248e-01,-9.656402468681335449e-02,8.527555465698242188e-01,4.150627255439758301e-01,-1.349857077002525330e-02,6.946629881858825684e-01,9.932000041007995605e-01,-7.125540375709533691e-01,3.067405521869659424e-01,-1.317736744880676270e+00,9.932000041007995605e-01,4.310942888259887695e-01,3.966579735279083252e-01,1.591850161552429199e+00,-1.773189902305603027e+00,1.307985037565231323e-01,-1.092178672552108765e-01,1.484679222106933594e+00,2.796463668346405029e-01,-2.723964452743530273e-01,-1.808947086334228516e+00,-8.927232772111892700e-02,-6.204756349325180054e-02,1.406148910522460938e+00,2.778963446617126465e-01,1.767114698886871338e-01
4.646285250782966614e-02,-6.834341585636138916e-02,1.054017096757888794e-01,3.020038306713104248e-01,-9.656402468681335449e-02,8.527555465698242188e-01,4.150627255439758301e-01,-1.349857077002525330e-02,6.946629881858825684e-01,9.932000041007995605e-01,-7.125540375709533691e-01,3.067405521869659424e-01,-1.317736744880676270e+00,9.932000041007995605e-01,4.310942888259887695e-01,3.966579735279083252e-01,1.591850161552429199e+00,-1.773189902305603027e+00,1.307985037565231323e-01,-1.092178672552108765e-01,1.484679222106933594e+00,2.796463668346405029e-01,-2.723964452743530273e-01,-1.808947086334228516e+00,-8.927232772111892700e-02,-6.204756349325180054e-02,1.406148910522460938e+00,2.778963446617126465e-01,1.767114698886871338e-01
4.646285250782966614e-02,-6.834341585636138916e-02,1.054017096757888794e-01,3.020038306713104248e-01,-9.656402468681335449e-02,8.527555465698242188e-01,4.150627255439758301e-01,-1.349857077002525330e-02,6.946629881858825684e-01,9.932000041007995605e-01,-7.125540375709533691e-01,3.067405521869659424e-01,-1.317736744880676270e+00,9.932000041007995605e-01,4.310942888259887695e-01,3.966579735279083252e-01,1.591850161552429199e+00,-1.773189902305603027e+00,1.307985037565231323e-01,-1.092178672552108765e-01,1.484679222106933594e+00,2.796463668346405029e-01,-2.723964452743530273e-01,-1.808947086334228516e+00,-8.927232772111892700e-02,-6.204756349325180054e-02,1.406148910522460938e+00,2.778963446617126465e-01,1.767114698886871338e-01
4.646285250782966614e-02,-6.834341585636138916e-02,1.054017096757888794e-01,3.020038306713104248e-01,-9.656402468681335449e-02,8.527555465698242188e-01,4.150627255439758301e-01,-1.349857077002525330e-02,6.946629881858825684e-01,9.932000041007995605e-01,-7.125540375709533691e-01,3.067405521869659424e-01,-1.317736744880676270e+00,9.932000041007995605e-01,4.310942888259887695e-01,3.966579735279083252e-01,1.591850161552429199e+00,-1.773189902305603027e+00,1.307985037565231323e-01,-1.092178672552108765e-01,1.484679222106933594e+00,2.796463668346405029e-01,-2.723964452743530273e-01,-1.808947086334228516e+00,-8.927232772111892700e-02,-6.204756349325180054e-02,1.406148910522460938e+00,2.778963446617126465e-01,1.767114698886871338e-01
4.646285250782966614e-02,-6.834341585636138916e-02,1.054017096757888794e-01,3.020038306713104248e-01,-9.656402468681335449e-02,8.527555465698242188e-01,4.150627255439758301e-01,-1.349857077002525330e-02,6.946629881858825684e-01,9.932000041007995605e-01,-7.125540375709533691e-01,3.067405521869659424e-01,-1.317736744880676270e+00,9.932000041007995605e-01,4.310942888259887695e-01,3.966579735279083252e-01,1.591850161552429199e+00,-1.773189902305603027e+00,1.307985037565231323e-01,-1.092178672552108765e-01,1.484679222106933594e+00,2.796463668346405029e-01,-2.723964452743530273e-01,-1.808947086334228516e+00,-8.927232772111892700e-02,-6.204756349325180054e-02,1.406148910522460938e+00,2.778963446617126465e-01,1.767114698886871338e-01
4.646285250782966614e-02,-6.834341585636138916e-02,1.054017096757888794e-01,3.020038306713104248e-01,-9.656402468681335449e-02,8.527555465698242188e-01,4.150627255439758301e-01,-1.349857077002525330e-02,6.946629881858825684e-01,9.932000041007995605e-01,-7.125540375709533691e-01,3.067405521869659424e-01,-1.317736744880676270e+00,9.932000041007995605e-01,4.310942888259887695e-01,3.966579735279083252e-01,1.591850161552429199e+00,-1.773189902305603027e+00,1.307985037565231323e-01,-1.092178672552108765e-01,1.484679222106933594e+00,2.796463668346405029e-01,-2.723964452743530273e-01,-1.808947086334228516e+00,-8.927232772111892700e-02,-6.204756349325180054e-02,1.406148910522460938e+00,2.778963446617126465e-01,1.767114698886871338e-01
4.646285250782966614e-02,-6.834341585636138916e-02,1.054017096757888794e-01,3.020038306713104248e-01,-9.656402468681335449e-02,8.527555465698242188e-01,4.150627255439758301e-01,-1.349857077002525330e-02,6.946629881858825684e-01,9.932000041007995605e-01,-7.125540375709533691e-01,3.067405521869659424e-01,-1.317736744880676270e+00,9.932000041007995605e-01,4.310942888259887695e-01,3.966579735279083252e-01,1.591850161552429199e+00,-1.773189902305603027e+00,1.307985037565231323e-01,-1.092178672552108765e-01,1.484679222106933594e+00,2.796463668346405029e-01,-2.723964452743530273e-01,-1.808947086334228516e+00,-8.927232772111892700e-02,-6.204756349325180054e-02,1.406148910522460938e+00,2.778963446617126465e-01,1.767114698886871338e-01
4.646285250782966614e-02,-6.834341585636138916e-02,1.054017096757888794e-01,3.020038306713104248e-01,-9.656402468681335449e-02,8.527555465698242188e-01,4.150627255439758301e-01,-1.349857077002525330e-02,6.946629881858825684e-01,9.932000041007995605e-01,-7.125540375709533691e-01,3.067405521869659424e-01,-1.317736744880676270e+00,9.932000041007995605e-01,4.310942888259887695e-01,3.966579735279083252e-01,1.591850161552429199e+00,-1.773189902305603027e+00,1.307985037565231323e-01,-1.092178672552108765e-01,1.484679222106933594e+00,2.796463668346405029e-01,-2.723964452743530273e-01,-1.808947086334228516e+00,-8.927232772111892700e-02,-6.204756349325180054e-02,1.406148910522460938e+00,2.778963446617126465e-01,1.767114698886871338e-01
4.646285250782966614e-02,-6.834341585636138916e-02,1.054017096757888794e-01,3.020038306713104248e-01,-9.656402468681335449e-02,8.527555465698242188e-01,4.150627255439758301e-01,-1.349857077002525330e-02,6.946629881858825684e-01,9.932000041007995605e-01,-7.125540375709533691e-01,3.067405521869659424e-01,-1.317736744880676270e+00,9.932000041007995605e-01,4.310942888259887695e-01,3.966579735279083252e-01,1.591850161552429199e+00,-1.773189902305603027e+00,1.307985037565231323e-01,-1.092178672552108765e-01,1.484679222106933594e+00,2.796463668346405029e-01,-2.723964452743530273e-01,-1.808947086334228516e+00,-8.927232772111892700e-02,-6.204756349325180054e-02,1.406148910522460938e+00,2.778963446617126465e-01,1.767114698886871338e-01
4.646285250782966614e-02,-6.834341585636138916e-02,1.054017096757888794e-01,3.020038306713104248e-01,-9.656402468681335449e-02,8.527555465698242188e-01,4.150627255439758301e-01,-1.349857077002525330e-02,6.946629881858825684e-01,9.932000041007995605e-01,-7.125540375709533691e-01,3.067405521869659424e-01,-1.317736744880676270e+00,9.932000041007995605e-01,4.310942888259887695e-01,3.966579735279083252e-01,1.591850161552429199e+00,-1.773189902305603027e+00,1.307985037565231323e-01,-1.092178672552108765e-01,1.484679222106933594e+00,2.796463668346405029e-01,-2.723964452743530273e-01,-1.808947086334228516e+00,-8.927232772111892700e-02,-6.204756349325180054e-02,1.406148910522460938e+00,2.778963446617126465e-01,1.767114698886871338e-01
4.646285250782966614e-02,-6.834341585636138916e-02,1.054017096757888794e-01,3.020038306713104248e-01,-9.656402468681335449e-02,8.527555465698242188e-01,4.150627255439758301e-01,-1.349857077002525330e-02,6.946629881858825684e-01,9.932000041007995605e-01,-7.125540375709533691e-01,3.067405521869659424e-01,-1.317736744880676270e+00,9.932000041007995605e-01,4.310942888259887695e-01,3.966579735279083252e-01,1.591850161552429199e+00,-1.773189902305603027e+00,1.307985037565231323e-01,-1.092178672552108765e-01,1.484679222106933594e+00,2.796463668346405029e-01,-2.723964452743530273e-01,-1.808947086334228516e+00,-8.927232772111892700e-02,-6.204756349325180054e-02,1.406148910522460938e+00,2.778963446617126465e-01,1.767114698886871338e-01
4.646285250782966614e-02,-6.834341585636138916e-02,1.054017096757888794e-01,3.020038306713104248e-01,-9.656402468681335449e-02,8.527555465698242188e-01,4.150627255439758301e-01,-1.349857077002525330e-02,6.946629881858825684e-01,9.932000041007995605e-01,-7.125540375709533691e-01,3.067405521869659424e-01,-1.317736744880676270e+00,9.932000041007995605e-01,4.310942888259887695e-01,3.966579735279083252e-01,1.591850161552429199e+00,-1.773189902305603027e+00,1.307985037565231323e-01,-1.092178672552108765e-01,1.484679222106933594e+00,2.796463668346405029e-01,-2.723964452743530273e-01,-1.808947086334228516e+00,-8.927232772111892700e-02,-6.204756349325180054e-02,1.406148910522460938e+00,2.778963446617126465e-01,1.767114698886871338e-01
4.646285250782966614e-02,-6.834341585636138916e-02,1.054017096757888794e-01,3.020038306713104248e-01,-9.656402468681335449e-02,8.527555465698242188e-01,4.150627255439758301e-01,-1.349857077002525330e-02,6.946629881858825684e-01,9.932000041007995605e-01,-7.125540375709533691e-01,3.067405521869659424e-01,-1.317736744880676270e+00,9.932000041007995605e-01,4.310942888259887695e-01,3.966579735279083252e-01,1.591850161552429199e+00,-1.773189902305603027e+00,1.307985037565231323e-01,-1.092178672552108765e-01,1.484679222106933594e+00,2.796463668346405029e-01,-2.723964452743530273e-01,-1.808947086334228516e+00,-8.927232772111892700e-02,-6.204756349325180054e-02,1.406148910522460938e+00,2.778963446617126465e-01,1.767114698886871338e-01
4.646285250782966614e-02,-6.834341585636138916e-02,1.054017096757888794e-01,3.020038306713104248e-01,-9.656402468681335449e-02,8.527555465698242188e-01,4.150627255439758301e-01,-1.349857077002525330e-02,6.946629881858825684e-01,9.932000041007995605e-01,-7.125540375709533691e-01,3.067405521869659424e-01,-1.317736744880676270e+00,9.932000041007995605e-01,4.310942888259887695e-01,3.966579735279083252e-01,1.591850161552429199e+00,-1.773189902305603027e+00,1.307985037565231323e-01,-1.092178672552108765e-01,1.484679222106933594e+00,2.796463668346405029e-01,-2.723964452743530273e-01,-1.808947086334228516e+00,-8.927232772111892700e-02,-6.204756349325180054e-02,1.406148910522460938e+00,2.778963446617126465e-01,1.767114698886871338e-01
4.646285250782966614e-02,-6.834341585636138916e-02,1.054017096757888794e-01,3.020038306713104248e-01,-9.656402468681335449e-02,8.527555465698242188e-01,4.150627255439758301e-01,-1.349857077002525330e-02,6.946629881858825684e-01,9.932000041007995605e-01,-7.125540375709533691e-01,3.067405521869659424e-01,-1.317736744880676270e+00,9.932000041007995605e-01,4.310942888259887695e-01,3.966579735279083252e-01,1.591850161552429199e+00,-1.773189902305603027e+00,1.307985037565231323e-01,-1.092178672552108765e-01,1.484679222106933594e+00,2.796463668346405029e-01,-2.723964452743530273e-01,-1.808947086334228516e+00,-8.927232772111892700e-02,-6.204756349325180054e-02,1.406148910522460938e+00,2.778963446617126465e-01,1.767114698886871338e-01
4.646285250782966614e-02,-6.834341585636138916e-02,1.054017096757888794e-01,3.020038306713104248e-01,-9.656402468681335449e-02,8.527555465698242188e-01,4.150627255439758301e-01,-1.349857077002525330e-02,6.946629881858825684e-01,9.932000041007995605e-01,-7.125540375709533691e-01,3.067405521869659424e-01,-1.317736744880676270e+00,9.932000041007995605e-01,4.310942888259887695e-01,3.966579735279083252e-01,1.591850161552429199e+00,-1.773189902305603027e+00,1.307985037565231323e-01,-1.092178672552108765e-01,1.484679222106933594e+00,2.796463668346405029e-01,-2.723964452743530273e-01,-1.808947086334228516e+00,-8.927232772111892700e-02,-6.204756349325180054e-02,1.406148910522460938e+00,2.778963446617126465e-01,1.767114698886871338e-01
4.646285250782966614e-02,-6.834341585636138916e-02,1.054017096757888794e-01,3.020038306713104248e-01,-9.656402468681335449e-02,8.527555465698242188e-01,4.150627255439758301e-01,-1.349857077002525330e-02,6.946629881858825684e-01,9.932000041007995605e-01,-7.125540375709533691e-01,3.067405521869659424e-01,-1.317736744880676270e+00,9.932000041007995605e-01,4.310942888259887695e-01,3.966579735279083252e-01,1.591850161552429199e+00,-1.773189902305603027e+00,1.307985037565231323e-01,-1.092178672552108765e-01,1.484679222106933594e+00,2.796463668346405029e-01,-2.723964452743530273e-01,-1.808947086334228516e+00,-8.927232772111892700e-02,-6.204756349325180054e-02,1.406148910522460938e+00,2.778963446617126465e-01,1.767114698886871338e-01
4.646285250782966614e-02,-6.834341585636138916e-02,1.054017096757888794e-01,3.020038306713104248e-01,-9.656402468681335449e-02,8.527555465698242188e-01,4.150627255439758301e-01,-1.349857077002525330e-02,6.946629881858825684e-01,9.932000041007995605e-01,-7.125540375709533691e-01,3.067405521869659424e-01,-1.317736744880676270e+00,9.932000041007995605e-01,4.310942888259887695e-01,3.966579735279083252e-01,1.591850161552429199e+00,-1.773189902305603027e+00,1.307985037565231323e-01,-1.092178672552108765e-01,1.484679222106933594e+00,2.796463668346405029e-01,-2.723964452743530273e-01,-1.808947086334228516e+00,-8.927232772111892700e-02,-6.204756349325180054e-02,1.406148910522460938e+00,2.778963446617126465e-01,1.767114698886871338e-01
4.646285250782966614e-02,-6.834341585636138916e-02,1.054017096757888794e-01,3.020038306713104248e-01,-9.656402468681335449e-02,8.527555465698242188e-01,4.150627255439758301e-01,-1.349857077002525330e-02,6.946629881858825684e-01,9.932000041007995605e-01,-7.125540375709533691e-01,3.067405521869659424e-01,-1.317736744880676270e+00,9.932000041007995605e-01,4.310942888259887695e-01,3.966579735279083252e-01,1.591850161552429199e+00,-1.773189902305603027e+00,1.307985037565231323e-01,-1.092178672552108765e-01,1.484679222106933594e+00,2.796463668346405029e-01,-2.723964452743530273e-01,-1.808947086334228516e+00,-8.927232772111892700e-02,-6.204756349325180054e-02,1.406148910522460938e+00,2.778963446617126465e-01,1.767114698886871338e-01
4.646285250782966614e-02,-6.834341585636138916e-02,1.054017096757888794e-01,3.020038306713104248e-01,-9.656402468681335449e-02,8.527555465698242188e-01,4.150627255439758301e-01,-1.349857077002525330e-02,6.946629881858825684e-01,9.932000041007995605e-01,-7.125540375709533691e-01,3.067405521869659424e-01,-1.317736744880676270e+00,9.932000041007995605e-01,4.310942888259887695e-01,3.966579735279083252e-01,1.591850161552429199e+00,-1.773189902305603027e+00,1.307985037565231323e-01,-1.092178672552108765e-01,1.484679222106933594e+00,2.796463668346405029e-01,-2.723964452743530273e-01,-1.808947086334228516e+00,-8.927232772111892700e-02,-6.204756349325180054e-02,1.406148910522460938e+00,2.778963446617126465e-01,1.767114698886871338e-01
4.646285250782966614e-02,-6.834341585636138916e-02,1.054017096757888794e-01,3.020038306713104248e-01,-9.656402468681335449e-02,8.527555465698242188e-01,4.150627255439758301e-01,-1.349857077002525330e-02,6.946629881858825684e-01,9.932000041007995605e-01,-7.125540375709533691e-01,3.067405521869659424e-01,-1.317736744880676270e+00,9.932000041007995605e-01,4.310942888259887695e-01,3.966579735279083252e-01,1.591850161552429199e+00,-1.773189902305603027e+00,1.307985037565231323e-01,-1.092178672552108765e-01,1.484679222106933594e+00,2.796463668346405029e-01,-2.723964452743530273e-01,-1.808947086334228516e+00,-8.927232772111892700e-02,-6.204756349325180054e-02,1.406148910522460938e+00,2.778963446617126465e-01,1.767114698886871338e-01
4.646285250782966614e-02,-6.834341585636138916e-02,1.054017096757888794e-01,3.020038306713104248e-01,-9.656402468681335449e-02,8.527555465698242188e-01,4.150627255439758301e-01,-1.349857077002525330e-02,6.946629881858825684e-01,9.932000041007995605e-01,-7.125540375709533691e-01,3.067405521869659424e-01,-1.317736744880676270e+00,9.932000041007995605e-01,4.310942888259887695e-01,3.966579735279083252e-01,1.591850161552429199e+00,-1.773189902305603027e+00,1.307985037565231323e-01,-1.092178672552108765e-01,1.484679222106933594e+00,2.796463668346405029e-01,-2.723964452743530273e-01,-1.808947086334228516e+00,-8.927232772111892700e-02,-6.204756349325180054e-02,1.406148910522460938e+00,2.778963446617126465e-01,1.767114698886871338e-01
4.646285250782966614e-02,-6.834341585636138916e-02,1.054017096757888794e-01,3.020038306713104248e-01,-9.656402468681335449e-02,8.527555465698242188e-01,4.150627255439758301e-01,-1.349857077002525330e-02,6.946629881858825684e-01,9.932000041007995605e-01,-7.125540375709533691e-01,3.067405521869659424e-01,-1.317736744880676270e+00,9.932000041007995605e-01,4.310942888259887695e-01,3.966579735279083252e-01,1.591850161552429199e+00,-1.773189902305603027e+00,1.307985037565231323e-01,-1.092178672552108765e-01,1.484679222106933594e+00,2.796463668346405029e-01,-2.723964452743530273e-01,-1.808947086334228516e+00,-8.927232772111892700e-02,-6.204756349325180054e-02,1.406148910522460938e+00,2.778963446617126465e-01,1.767114698886871338e-01
4.646285250782966614e-02,-6.834341585636138916e-02,1.054017096757888794e-01,3.020038306713104248e-01,-9.656402468681335449e-02,8.527555465698242188e-01,4.150627255439758301e-01,-1.349857077002525330e-02,6.946629881858825684e-01,9.932000041007995605e-01,-7.125540375709533691e-01,3.067405521869659424e-01,-1.317736744880676270e+00,9.932000041007995605e-01,4.310942888259887695e-01,3.966579735279083252e-01,1.591850161552429199e+00,-1.773189902305603027e+00,1.307985037565231323e-01,-1.092178672552108765e-01,1.484679222106933594e+00,2.796463668346405029e-01,-2.723964452743530273e-01,-1.808947086334228516e+00,-8.927232772111892700e-02,-6.204756349325180054e-02,1.406148910522460938e+00,2.778963446617126465e-01,1.767114698886871338e-01
4.646285250782966614e-02,-6.834341585636138916e-02,1.054017096757888794e-01,3.020038306713104248e-01,-9.656402468681335449e-02,8.527555465698242188e-01,4.150627255439758301e-01,-1.349857077002525330e-02,6.946629881858825684e-01,9.932000041007995605e-01,-7.125540375709533691e-01,3.067405521869659424e-01,-1.317736744880676270e+00,9.932000041007995605e-01,4.310942888259887695e-01,3.966579735279083252e-01,1.591850161552429199e+00,-1.773189902305603027e+00,1.307985037565231323e-01,-1.092178672552108765e-01,1.484679222106933594e+00,2.796463668346405029e-01,-2.723964452743530273e-01,-1.808947086334228516e+00,-8.927232772111892700e-02,-6.204756349325180054e-02,1.406148910522460938e+00,2.778963446617126465e-01,1.767114698886871338e-01
4.646285250782966614e-02,-6.834341585636138916e-02,1.054017096757888794e-01,3.020038306713104248e-01,-9.656402468681335449e-02,8.527555465698242188e-01,4.150627255439758301e-01,-1.349857077002525330e-02,6.946629881858825684e-01,9.932000041007995605e-01,-7.125540375709533691e-01,3.067405521869659424e-01,-1.317736744880676270e+00,9.932000041007995605e-01,4.310942888259887695e-01,3.966579735279083252e-01,1.591850161552429199e+00,-1.773189902305603027e+00,1.307985037565231323e-01,-1.092178672552108765e-01,1.484679222106933594e+00,2.796463668346405029e-01,-2.723964452743530273e-01,-1.808947086334228516e+00,-8.927232772111892700e-02,-6.204756349325180054e-02,1.406148910522460938e+00,2.778963446617126465e-01,1.767114698886871338e-01
4.646285250782966614e-02,-6.834341585636138916e-02,1.054017096757888794e-01,3.020038306713104248e-01,-9.656402468681335449e-02,8.527555465698242188e-01,4.150627255439758301e-01,-1.349857077002525330e-02,6.946629881858825684e-01,9.932000041007995605e-01,-7.125540375709533691e-01,3.067405521869659424e-01,-1.317736744880676270e+00,9.932000041007995605e-01,4.310942888259887695e-01,3.966579735279083252e-01,1.591850161552429199e+00,-1.773189902305603027e+00,1.307985037565231323e-01,-1.092178672552108765e-01,1.484679222106933594e+00,2.796463668346405029e-01,-2.723964452743530273e-01,-1.808947086334228516e+00,-8.927232772111892700e-02,-6.204756349325180054e-02,1.406148910522460938e+00,2.778963446617126465e-01,1.767114698886871338e-01
4.646285250782966614e-02,-6.834341585636138916e-02,1.054017096757888794e-01,3.020038306713104248e-01,-9.656402468681335449e-02,8.527555465698242188e-01,4.150627255439758301e-01,-1.349857077002525330e-02,6.946629881858825684e-01,9.932000041007995605e-01,-7.125540375709533691e-01,3.067405521869659424e-01,-1.317736744880676270e+00,9.932000041007995605e-01,4.310942888259887695e-01,3.966579735279083252e-01,1.591850161552429199e+00,-1.773189902305603027e+00,1.307985037565231323e-01,-1.092178672552108765e-01,1.484679222106933594e+00,2.796463668346405029e-01,-2.723964452743530273e-01,-1.808947086334228516e+00,-8.927232772111892700e-02,-6.204756349325180054e-02,1.406148910522460938e+00,2.778963446617126465e-01,1.767114698886871338e-01
4.646285250782966614e-02,-6.834341585636138916e-02,1.054017096757888794e-01,3.020038306713104248e-01,-9.656402468681335449e-02,8.527555465698242188e-01,4.150627255439758301e-01,-1.349857077002525330e-02,6.946629881858825684e-01,9.932000041007995605e-01,-7.125540375709533691e-01,3.067405521869659424e-01,-1.317736744880676270e+00,9.932000041007995605e-01,4.310942888259887695e-01,3.966579735279083252e-01,1.591850161552429199e+00,-1.773189902305603027e+00,1.307985037565231323e-01,-1.092178672552108765e-01,1.484679222106933594e+00,2.796463668346405029e-01,-2.723964452743530273e-01,-1.808947086334228516e+00,-8.927232772111892700e-02,-6.204756349325180054e-02,1.406148910522460938e+00,2.778963446617126465e-01,1.767114698886871338e-01
4.646285250782966614e-02,-6.834341585636138916e-02,1.054017096757888794e-01,3.020038306713104248e-01,-9.656402468681335449e-02,8.527555465698242188e-01,4.150627255439758301e-01,-1.349857077002525330e-02,6.946629881858825684e-01,9.932000041007995605e-01,-7.125540375709533691e-01,3.067405521869659424e-01,-1.317736744880676270e+00,9.932000041007995605e-01,4.310942888259887695e-01,3.966579735279083252e-01,1.591850161552429199e+00,-1.773189902305603027e+00,1.307985037565231323e-01,-1.092178672552108765e-01,1.484679222106933594e+00,2.796463668346405029e-01,-2.723964452743530273e-01,-1.808947086334228516e+00,-8.927232772111892700e-02,-6.204756349325180054e-02,1.406148910522460938e+00,2.778963446617126465e-01,1.767114698886871338e-01
4.646285250782966614e-02,-6.834341585636138916e-02,1.054017096757888794e-01,3.020038306713104248e-01,-9.656402468681335449e-02,8.527555465698242188e-01,4.150627255439758301e-01,-1.349857077002525330e-02,6.946629881858825684e-01,9.932000041007995605e-01,-7.125540375709533691e-01,3.067405521869659424e-01,-1.317736744880676270e+00,9.932000041007995605e-01,4.310942888259887695e-01,3.966579735279083252e-01,1.591850161552429199e+00,-1.773189902305603027e+00,1.307985037565231323e-01,-1.092178672552108765e-01,1.484679222106933594e+00,2.796463668346405029e-01,-2.723964452743530273e-01,-1.808947086334228516e+00,-8.927232772111892700e-02,-6.204756349325180054e-02,1.406148910522460938e+00,2.778963446617126465e-01,1.767114698886871338e-01
4.646285250782966614e-02,-6.834341585636138916e-02,1.054017096757888794e-01,3.020038306713104248e-01,-9.656402468681335449e-02,8.527555465698242188e-01,4.150627255439758301e-01,-1.349857077002525330e-02,6.946629881858825684e-01,9.932000041007995605e-01,-7.125540375709533691e-01,3.067405521869659424e-01,-1.317736744880676270e+00,9.932000041007995605e-01,4.310942888259887695e-01,3.966579735279083252e-01,1.591850161552429199e+00,-1.773189902305603027e+00,1.307985037565231323e-01,-1.092178672552108765e-01,1.484679222106933594e+00,2.796463668346405029e-01,-2.723964452743530273e-01,-1.808947086334228516e+00,-8.927232772111892700e-02,-6.204756349325180054e-02,1.406148910522460938e+00,2.778963446617126465e-01,1.767114698886871338e-01
4.646285250782966614e-02,-6.834341585636138916e-02,1.054017096757888794e-01,3.020038306713104248e-01,-9.656402468681335449e-02,8.527555465698242188e-01,4.150627255439758301e-01,-1.349857077002525330e-02,6.946629881858825684e-01,9.932000041007995605e-01,-7.125540375709533691e-01,3.067405521869659424e-01,-1.317736744880676270e+00,9.932000041007995605e-01,4.310942888259887695e-01,3.966579735279083252e-01,1.591850161552429199e+00,-1.773189902305603027e+00,1.307985037565231323e-01,-1.092178672552108765e-01,1.484679222106933594e+00,2.796463668346405029e-01,-2.723964452743530273e-01,-1.808947086334228516e+00,-8.927232772111892700e-02,-6.204756349325180054e-02,1.406148910522460938e+00,2.778963446617126465e-01,1.767114698886871338e-01
4.646285250782966614e-02,-6.834341585636138916e-02,1.054017096757888794e-01,3.020038306713104248e-01,-9.656402468681335449e-02,8.527555465698242188e-01,4.150627255439758301e-01,-1.349857077002525330e-02,6.946629881858825684e-01,9.932000041007995605e-01,-7.125540375709533691e-01,3.067405521869659424e-01,-1.317736744880676270e+00,9.932000041007995605e-01,4.310942888259887695e-01,3.966579735279083252e-01,1.591850161552429199e+00,-1.773189902305603027e+00,1.307985037565231323e-01,-1.092178672552108765e-01,1.484679222106933594e+00,2.796463668346405029e-01,-2.723964452743530273e-01,-1.808947086334228516e+00,-8.927232772111892700e-02,-6.204756349325180054e-02,1.406148910522460938e+00,2.778963446617126465e-01,1.767114698886871338e-01
4.646285250782966614e-02,-6.834341585636138916e-02,1.054017096757888794e-01,3.020038306713104248e-01,-9.656402468681335449e-02,8.527555465698242188e-01,4.150627255439758301e-01,-1.349857077002525330e-02,6.946629881858825684e-01,9.932000041007995605e-01,-7.125540375709533691e-01,3.067405521869659424e-01,-1.317736744880676270e+00,9.932000041007995605e-01,4.310942888259887695e-01,3.966579735279083252e-01,1.591850161552429199e+00,-1.773189902305603027e+00,1.307985037565231323e-01,-1.092178672552108765e-01,1.484679222106933594e+00,2.796463668346405029e-01,-2.723964452743530273e-01,-1.808947086334228516e+00,-8.927232772111892700e-02,-6.204756349325180054e-02,1.406148910522460938e+00,2.778963446617126465e-01,1.767114698886871338e-01
4.646285250782966614e-02,-6.834341585636138916e-02,1.054017096757888794e-01,3.020038306713104248e-01,-9.656402468681335449e-02,8.527555465698242188e-01,4.150627255439758301e-01,-1.349857077002525330e-02,6.946629881858825684e-01,9.932000041007995605e-01,-7.125540375709533691e-01,3.067405521869659424e-01,-1.317736744880676270e+00,9.932000041007995605e-01,4.310942888259887695e-01,3.966579735279083252e-01,1.591850161552429199e+00,-1.773189902305603027e+00,1.307985037565231323e-01,-1.092178672552108765e-01,1.484679222106933594e+00,2.796463668346405029e-01,-2.723964452743530273e-01,-1.808947086334228516e+00,-8.927232772111892700e-02,-6.204756349325180054e-02,1.406148910522460938e+00,2.778963446617126465e-01,1.767114698886871338e-01
4.646285250782966614e-02,-6.834341585636138916e-02,1.054017096757888794e-01,3.020038306713104248e-01,-9.656402468681335449e-02,8.527555465698242188e-01,4.150627255439758301e-01,-1.349857077002525330e-02,6.946629881858825684e-01,9.932000041007995605e-01,-7.125540375709533691e-01,3.067405521869659424e-01,-1.317736744880676270e+00,9.932000041007995605e-01,4.310942888259887695e-01,3.966579735279083252e-01,1.591850161552429199e+00,-1.773189902305603027e+00,1.307985037565231323e-01,-1.092178672552108765e-01,1.484679222106933594e+00,2.796463668346405029e-01,-2.723964452743530273e-01,-1.808947086334228516e+00,-8.927232772111892700e-02,-6.204756349325180054e-02,1.406148910522460938e+00,2.778963446617126465e-01,1.767114698886871338e-01
4.646285250782966614e-02,-6.834341585636138916e-02,1.054017096757888794e-01,3.020038306713104248e-01,-9.656402468681335449e-02,8.527555465698242188e-01,4.150627255439758301e-01,-1.349857077002525330e-02,6.946629881858825684e-01,9.932000041007995605e-01,-7.125540375709533691e-01,3.067405521869659424e-01,-1.317736744880676270e+00,9.932000041007995605e-01,4.310942888259887695e-01,3.966579735279083252e-01,1.591850161552429199e+00,-1.773189902305603027e+00,1.307985037565231323e-01,-1.092178672552108765e-01,1.484679222106933594e+00,2.796463668346405029e-01,-2.723964452743530273e-01,-1.808947086334228516e+00,-8.927232772111892700e-02,-6.204756349325180054e-02,1.406148910522460938e+00,2.778963446617126465e-01,1.767114698886871338e-01
4.646285250782966614e-02,-6.834341585636138916e-02,1.054017096757888794e-01,3.020038306713104248e-01,-9.656402468681335449e-02,8.527555465698242188e-01,4.150627255439758301e-01,-1.349857077002525330e-02,6.946629881858825684e-01,9.932000041007995605e-01,-7.125540375709533691e-01,3.067405521869659424e-01,-1.317736744880676270e+00,9.932000041007995605e-01,4.310942888259887695e-01,3.966579735279083252e-01,1.591850161552429199e+00,-1.773189902305603027e+00,1.307985037565231323e-01,-1.092178672552108765e-01,1.484679222106933594e+00,2.796463668346405029e-01,-2.723964452743530273e-01,-1.808947086334228516e+00,-8.927232772111892700e-02,-6.204756349325180054e-02,1.406148910522460938e+00,2.778963446617126465e-01,1.767114698886871338e-01
4.646285250782966614e-02,-6.834341585636138916e-02,1.054017096757888794e-01,3.020038306713104248e-01,-9.656402468681335449e-02,8.527555465698242188e-01,4.150627255439758301e-01,-1.349857077002525330e-02,6.946629881858825684e-01,9.932000041007995605e-01,-7.125540375709533691e-01,3.067405521869659424e-01,-1.317736744880676270e+00,9.932000041007995605e-01,4.310942888259887695e-01,3.966579735279083252e-01,1.591850161552429199e+00,-1.773189902305603027e+00,1.307985037565231323e-01,-1.092178672552108765e-01,1.484679222106933594e+00,2.796463668346405029e-01,-2.723964452743530273e-01,-1.808947086334228516e+00,-8.927232772111892700e-02,-6.204756349325180054e-02,1.406148910522460938e+00,2.778963446617126465e-01,1.767114698886871338e-01
4.646285250782966614e-02,-6.834341585636138916e-02,1.054017096757888794e-01,3.020038306713104248e-01,-9.656402468681335449e-02,8.527555465698242188e-01,4.150627255439758301e-01,-1.349857077002525330e-02,6.946629881858825684e-01,9.932000041007995605e-01,-7.125540375709533691e-01,3.067405521869659424e-01,-1.317736744880676270e+00,9.932000041007995605e-01,4.310942888259887695e-01,3.966579735279083252e-01,1.591850161552429199e+00,-1.773189902305603027e+00,1.307985037565231323e-01,-1.092178672552108765e-01,1.484679222106933594e+00,2.796463668346405029e-01,-2.723964452743530273e-01,-1.808947086334228516e+00,-8.927232772111892700e-02,-6.204756349325180054e-02,1.406148910522460938e+00,2.778963446617126465e-01,1.767114698886871338e-01
4.646285250782966614e-02,-6.834341585636138916e-02,1.054017096757888794e-01,3.020038306713104248e-01,-9.656402468681335449e-02,8.527555465698242188e-01,4.150627255439758301e-01,-1.349857077002525330e-02,6.946629881858825684e-01,9.932000041007995605e-01,-7.125540375709533691e-01,3.067405521869659424e-01,-1.317736744880676270e+00,9.932000041007995605e-01,4.310942888259887695e-01,3.966579735279083252e-01,1.591850161552429199e+00,-1.773189902305603027e+00,1.307985037565231323e-01,-1.092178672552108765e-01,1.484679222106933594e+00,2.796463668346405029e-01,-2.723964452743530273e-01,-1.808947086334228516e+00,-8.927232772111892700e-02,-6.204756349325180054e-02,1.406148910522460938e+00,2.778963446617126465e-01,1.767114698886871338e-01
4.646285250782966614e-02,-6.834341585636138916e-02,1.054017096757888794e-01,3.020038306713104248e-01,-9.656402468681335449e-02,8.527555465698242188e-01,4.150627255439758301e-01,-1.349857077002525330e-02,6.946629881858825684e-01,9.932000041007995605e-01,-7.125540375709533691e-01,3.067405521869659424e-01,-1.317736744880676270e+00,9.932000041007995605e-01,4.310942888259887695e-01,3.966579735279083252e-01,1.591850161552429199e+00,-1.773189902305603027e+00,1.307985037565231323e-01,-1.092178672552108765e-01,1.484679222106933594e+00,2.796463668346405029e-01,-2.723964452743530273e-01,-1.808947086334228516e+00,-8.927232772111892700e-02,-6.204756349325180054e-02,1.406148910522460938e+00,2.778963446617126465e-01,1.767114698886871338e-01
4.646285250782966614e-02,-6.834341585636138916e-02,1.054017096757888794e-01,3.020038306713104248e-01,-9.656402468681335449e-02,8.527555465698242188e-01,4.150627255439758301e-01,-1.349857077002525330e-02,6.946629881858825684e-01,9.932000041007995605e-01,-7.125540375709533691e-01,3.067405521869659424e-01,-1.317736744880676270e+00,9.932000041007995605e-01,4.310942888259887695e-01,3.966579735279083252e-01,1.591850161552429199e+00,-1.773189902305603027e+00,1.307985037565231323e-01,-1.092178672552108765e-01,1.484679222106933594e+00,2.796463668346405029e-01,-2.723964452743530273e-01,-1.808947086334228516e+00,-8.927232772111892700e-02,-6.204756349325180054e-02,1.406148910522460938e+00,2.778963446617126465e-01,1.767114698886871338e-01
4.646285250782966614e-02,-6.834341585636138916e-02,1.054017096757888794e-01,3.020038306713104248e-01,-9.656402468681335449e-02,8.527555465698242188e-01,4.150627255439758301e-01,-1.349857077002525330e-02,6.946629881858825684e-01,9.932000041007995605e-01,-7.125540375709533691e-01,3.067405521869659424e-01,-1.317736744880676270e+00,9.932000041007995605e-01,4.310942888259887695e-01,3.966579735279083252e-01,1.591850161552429199e+00,-1.773189902305603027e+00,1.307985037565231323e-01,-1.092178672552108765e-01,1.484679222106933594e+00,2.796463668346405029e-01,-2.723964452743530273e-01,-1.808947086334228516e+00,-8.927232772111892700e-02,-6.204756349325180054e-02,1.406148910522460938e+00,2.778963446617126465e-01,1.767114698886871338e-01
4.646285250782966614e-02,-6.834341585636138916e-02,1.054017096757888794e-01,3.020038306713104248e-01,-9.656402468681335449e-02,8.527555465698242188e-01,4.150627255439758301e-01,-1.349857077002525330e-02,6.946629881858825684e-01,9.932000041007995605e-01,-7.125540375709533691e-01,3.067405521869659424e-01,-1.317736744880676270e+00,9.932000041007995605e-01,4.310942888259887695e-01,3.966579735279083252e-01,1.591850161552429199e+00,-1.773189902305603027e+00,1.307985037565231323e-01,-1.092178672552108765e-01,1.484679222106933594e+00,2.796463668346405029e-01,-2.723964452743530273e-01,-1.808947086334228516e+00,-8.927232772111892700e-02,-6.204756349325180054e-02,1.406148910522460938e+00,2.778963446617126465e-01,1.767114698886871338e-01
4.646285250782966614e-02,-6.834341585636138916e-02,1.054017096757888794e-01,3.020038306713104248e-01,-9.656402468681335449e-02,8.527555465698242188e-01,4.150627255439758301e-01,-1.349857077002525330e-02,6.946629881858825684e-01,9.932000041007995605e-01,-7.125540375709533691e-01,3.067405521869659424e-01,-1.317736744880676270e+00,9.932000041007995605e-01,4.310942888259887695e-01,3.966579735279083252e-01,1.591850161552429199e+00,-1.773189902305603027e+00,1.307985037565231323e-01,-1.092178672552108765e-01,1.484679222106933594e+00,2.796463668346405029e-01,-2.723964452743530273e-01,-1.808947086334228516e+00,-8.927232772111892700e-02,-6.204756349325180054e-02,1.406148910522460938e+00,2.778963446617126465e-01,1.767114698886871338e-01
4.646285250782966614e-02,-6.834341585636138916e-02,1.054017096757888794e-01,3.020038306713104248e-01,-9.656402468681335449e-02,8.527555465698242188e-01,4.150627255439758301e-01,-1.349857077002525330e-02,6.946629881858825684e-01,9.932000041007995605e-01,-7.125540375709533691e-01,3.067405521869659424e-01,-1.317736744880676270e+00,9.932000041007995605e-01,4.310942888259887695e-01,3.966579735279083252e-01,1.591850161552429199e+00,-1.773189902305603027e+00,1.307985037565231323e-01,-1.092178672552108765e-01,1.484679222106933594e+00,2.796463668346405029e-01,-2.723964452743530273e-01,-1.808947086334228516e+00,-8.927232772111892700e-02,-6.204756349325180054e-02,1.406148910522460938e+00,2.778963446617126465e-01,1.767114698886871338e-01
4.646285250782966614e-02,-6.834341585636138916e-02,1.054017096757888794e-01,3.020038306713104248e-01,-9.656402468681335449e-02,8.527555465698242188e-01,4.150627255439758301e-01,-1.349857077002525330e-02,6.946629881858825684e-01,9.932000041007995605e-01,-7.125540375709533691e-01,3.067405521869659424e-01,-1.317736744880676270e+00,9.932000041007995605e-01,4.310942888259887695e-01,3.966579735279083252e-01,1.591850161552429199e+00,-1.773189902305603027e+00,1.307985037565231323e-01,-1.092178672552108765e-01,1.484679222106933594e+00,2.796463668346405029e-01,-2.723964452743530273e-01,-1.808947086334228516e+00,-8.927232772111892700e-02,-6.204756349325180054e-02,1.406148910522460938e+00,2.778963446617126465e-01,1.767114698886871338e-01
4.646285250782966614e-02,-6.834341585636138916e-02,1.054017096757888794e-01,3.020038306713104248e-01,-9.656402468681335449e-02,8.527555465698242188e-01,4.150627255439758301e-01,-1.349857077002525330e-02,6.946629881858825684e-01,9.932000041007995605e-01,-7.125540375709533691e-01,3.067405521869659424e-01,-1.317736744880676270e+00,9.932000041007995605e-01,4.310942888259887695e-01,3.966579735279083252e-01,1.591850161552429199e+00,-1.773189902305603027e+00,1.307985037565231323e-01,-1.092178672552108765e-01,1.484679222106933594e+00,2.796463668346405029e-01,-2.723964452743530273e-01,-1.808947086334228516e+00,-8.927232772111892700e-02,-6.204756349325180054e-02,1.406148910522460938e+00,2.778963446617126465e-01,1.767114698886871338e-01
4.646285250782966614e-02,-6.834341585636138916e-02,1.054017096757888794e-01,3.020038306713104248e-01,-9.656402468681335449e-02,8.527555465698242188e-01,4.150627255439758301e-01,-1.349857077002525330e-02,6.946629881858825684e-01,9.932000041007995605e-01,-7.125540375709533691e-01,3.067405521869659424e-01,-1.317736744880676270e+00,9.932000041007995605e-01,4.310942888259887695e-01,3.966579735279083252e-01,1.591850161552429199e+00,-1.773189902305603027e+00,1.307985037565231323e-01,-1.092178672552108765e-01,1.484679222106933594e+00,2.796463668346405029e-01,-2.723964452743530273e-01,-1.808947086334228516e+00,-8.927232772111892700e-02,-6.204756349325180054e-02,1.406148910522460938e+00,2.778963446617126465e-01,1.767114698886871338e-01
4.646285250782966614e-02,-6.834341585636138916e-02,1.054017096757888794e-01,3.020038306713104248e-01,-9.656402468681335449e-02,8.527555465698242188e-01,4.150627255439758301e-01,-1.349857077002525330e-02,6.946629881858825684e-01,9.932000041007995605e-01,-7.125540375709533691e-01,3.067405521869659424e-01,-1.317736744880676270e+00,9.932000041007995605e-01,4.310942888259887695e-01,3.966579735279083252e-01,1.591850161552429199e+00,-1.773189902305603027e+00,1.307985037565231323e-01,-1.092178672552108765e-01,1.484679222106933594e+00,2.796463668346405029e-01,-2.723964452743530273e-01,-1.808947086334228516e+00,-8.927232772111892700e-02,-6.204756349325180054e-02,1.406148910522460938e+00,2.778963446617126465e-01,1.767114698886871338e-01
4.646285250782966614e-02,-6.834341585636138916e-02,1.054017096757888794e-01,3.020038306713104248e-01,-9.656402468681335449e-02,8.527555465698242188e-01,4.150627255439758301e-01,-1.349857077002525330e-02,6.946629881858825684e-01,9.932000041007995605e-01,-7.125540375709533691e-01,3.067405521869659424e-01,-1.317736744880676270e+00,9.932000041007995605e-01,4.310942888259887695e-01,3.966579735279083252e-01,1.591850161552429199e+00,-1.773189902305603027e+00,1.307985037565231323e-01,-1.092178672552108765e-01,1.484679222106933594e+00,2.796463668346405029e-01,-2.723964452743530273e-01,-1.808947086334228516e+00,-8.927232772111892700e-02,-6.204756349325180054e-02,1.406148910522460938e+00,2.778963446617126465e-01,1.767114698886871338e-01
4.646285250782966614e-02,-6.834341585636138916e-02,1.054017096757888794e-01,3.020038306713104248e-01,-9.656402468681335449e-02,8.527555465698242188e-01,4.150627255439758301e-01,-1.349857077002525330e-02,6.946629881858825684e-01,9.932000041007995605e-01,-7.125540375709533691e-01,3.067405521869659424e-01,-1.317736744880676270e+00,9.932000041007995605e-01,4.310942888259887695e-01,3.966579735279083252e-01,1.591850161552429199e+00,-1.773189902305603027e+00,1.307985037565231323e-01,-1.092178672552108765e-01,1.484679222106933594e+00,2.796463668346405029e-01,-2.723964452743530273e-01,-1.808947086334228516e+00,-8.927232772111892700e-02,-6.204756349325180054e-02,1.406148910522460938e+00,2.778963446617126465e-01,1.767114698886871338e-01
4.646285250782966614e-02,-6.834341585636138916e-02,1.054017096757888794e-01,3.020038306713104248e-01,-9.656402468681335449e-02,8.527555465698242188e-01,4.150627255439758301e-01,-1.349857077002525330e-02,6.946629881858825684e-01,9.932000041007995605e-01,-7.125540375709533691e-01,3.067405521869659424e-01,-1.317736744880676270e+00,9.932000041007995605e-01,4.310942888259887695e-01,3.966579735279083252e-01,1.591850161552429199e+00,-1.773189902305603027e+00,1.307985037565231323e-01,-1.092178672552108765e-01,1.484679222106933594e+00,2.796463668346405029e-01,-2.723964452743530273e-01,-1.808947086334228516e+00,-8.927232772111892700e-02,-6.204756349325180054e-02,1.406148910522460938e+00,2.778963446617126465e-01,1.767114698886871338e-01
4.646285250782966614e-02,-6.834341585636138916e-02,1.054017096757888794e-01,3.020038306713104248e-01,-9.656402468681335449e-02,8.527555465698242188e-01,4.150627255439758301e-01,-1.349857077002525330e-02,6.946629881858825684e-01,9.932000041007995605e-01,-7.125540375709533691e-01,3.067405521869659424e-01,-1.317736744880676270e+00,9.932000041007995605e-01,4.310942888259887695e-01,3.966579735279083252e-01,1.591850161552429199e+00,-1.773189902305603027e+00,1.307985037565231323e-01,-1.092178672552108765e-01,1.484679222106933594e+00,2.796463668346405029e-01,-2.723964452743530273e-01,-1.808947086334228516e+00,-8.927232772111892700e-02,-6.204756349325180054e-02,1.406148910522460938e+00,2.778963446617126465e-01,1.767114698886871338e-01
4.646285250782966614e-02,-6.834341585636138916e-02,1.054017096757888794e-01,3.020038306713104248e-01,-9.656402468681335449e-02,8.527555465698242188e-01,4.150627255439758301e-01,-1.349857077002525330e-02,6.946629881858825684e-01,9.932000041007995605e-01,-7.125540375709533691e-01,3.067405521869659424e-01,-1.317736744880676270e+00,9.932000041007995605e-01,4.310942888259887695e-01,3.966579735279083252e-01,1.591850161552429199e+00,-1.773189902305603027e+00,1.307985037565231323e-01,-1.092178672552108765e-01,1.484679222106933594e+00,2.796463668346405029e-01,-2.723964452743530273e-01,-1.808947086334228516e+00,-8.927232772111892700e-02,-6.204756349325180054e-02,1.406148910522460938e+00,2.778963446617126465e-01,1.767114698886871338e-01
4.646285250782966614e-02,-6.834341585636138916e-02,1.054017096757888794e-01,3.020038306713104248e-01,-9.656402468681335449e-02,8.527555465698242188e-01,4.150627255439758301e-01,-1.349857077002525330e-02,6.946629881858825684e-01,9.932000041007995605e-01,-7.125540375709533691e-01,3.067405521869659424e-01,-1.317736744880676270e+00,9.932000041007995605e-01,4.310942888259887695e-01,3.966579735279083252e-01,1.591850161552429199e+00,-1.773189902305603027e+00,1.307985037565231323e-01,-1.092178672552108765e-01,1.484679222106933594e+00,2.796463668346405029e-01,-2.723964452743530273e-01,-1.808947086334228516e+00,-8.927232772111892700e-02,-6.204756349325180054e-02,1.406148910522460938e+00,2.778963446617126465e-01,1.767114698886871338e-01
4.646285250782966614e-02,-6.834341585636138916e-02,1.054017096757888794e-01,3.020038306713104248e-01,-9.656402468681335449e-02,8.527555465698242188e-01,4.150627255439758301e-01,-1.349857077002525330e-02,6.946629881858825684e-01,9.932000041007995605e-01,-7.125540375709533691e-01,3.067405521869659424e-01,-1.317736744880676270e+00,9.932000041007995605e-01,4.310942888259887695e-01,3.966579735279083252e-01,1.591850161552429199e+00,-1.773189902305603027e+00,1.307985037565231323e-01,-1.092178672552108765e-01,1.484679222106933594e+00,2.796463668346405029e-01,-2.723964452743530273e-01,-1.808947086334228516e+00,-8.927232772111892700e-02,-6.204756349325180054e-02,1.406148910522460938e+00,2.778963446617126465e-01,1.767114698886871338e-01
4.646285250782966614e-02,-6.834341585636138916e-02,1.054017096757888794e-01,3.020038306713104248e-01,-9.656402468681335449e-02,8.527555465698242188e-01,4.150627255439758301e-01,-1.349857077002525330e-02,6.946629881858825684e-01,9.932000041007995605e-01,-7.125540375709533691e-01,3.067405521869659424e-01,-1.317736744880676270e+00,9.932000041007995605e-01,4.310942888259887695e-01,3.966579735279083252e-01,1.591850161552429199e+00,-1.773189902305603027e+00,1.307985037565231323e-01,-1.092178672552108765e-01,1.484679222106933594e+00,2.796463668346405029e-01,-2.723964452743530273e-01,-1.808947086334228516e+00,-8.927232772111892700e-02,-6.204756349325180054e-02,1.406148910522460938e+00,2.778963446617126465e-01,1.767114698886871338e-01
4.646285250782966614e-02,-6.834341585636138916e-02,1.054017096757888794e-01,3.020038306713104248e-01,-9.656402468681335449e-02,8.527555465698242188e-01,4.150627255439758301e-01,-1.349857077002525330e-02,6.946629881858825684e-01,9.932000041007995605e-01,-7.125540375709533691e-01,3.067405521869659424e-01,-1.317736744880676270e+00,9.932000041007995605e-01,4.310942888259887695e-01,3.966579735279083252e-01,1.591850161552429199e+00,-1.773189902305603027e+00,1.307985037565231323e-01,-1.092178672552108765e-01,1.484679222106933594e+00,2.796463668346405029e-01,-2.723964452743530273e-01,-1.808947086334228516e+00,-8.927232772111892700e-02,-6.204756349325180054e-02,1.406148910522460938e+00,2.778963446617126465e-01,1.767114698886871338e-01
4.646285250782966614e-02,-6.834341585636138916e-02,1.054017096757888794e-01,3.020038306713104248e-01,-9.656402468681335449e-02,8.527555465698242188e-01,4.150627255439758301e-01,-1.349857077002525330e-02,6.946629881858825684e-01,9.932000041007995605e-01,-7.125540375709533691e-01,3.067405521869659424e-01,-1.317736744880676270e+00,9.932000041007995605e-01,4.310942888259887695e-01,3.966579735279083252e-01,1.591850161552429199e+00,-1.773189902305603027e+00,1.307985037565231323e-01,-1.092178672552108765e-01,1.484679222106933594e+00,2.796463668346405029e-01,-2.723964452743530273e-01,-1.808947086334228516e+00,-8.927232772111892700e-02,-6.204756349325180054e-02,1.406148910522460938e+00,2.778963446617126465e-01,1.767114698886871338e-01
4.646285250782966614e-02,-6.834341585636138916e-02,1.054017096757888794e-01,3.020038306713104248e-01,-9.656402468681335449e-02,8.527555465698242188e-01,4.150627255439758301e-01,-1.349857077002525330e-02,6.946629881858825684e-01,9.932000041007995605e-01,-7.125540375709533691e-01,3.067405521869659424e-01,-1.317736744880676270e+00,9.932000041007995605e-01,4.310942888259887695e-01,3.966579735279083252e-01,1.591850161552429199e+00,-1.773189902305603027e+00,1.307985037565231323e-01,-1.092178672552108765e-01,1.484679222106933594e+00,2.796463668346405029e-01,-2.723964452743530273e-01,-1.808947086334228516e+00,-8.927232772111892700e-02,-6.204756349325180054e-02,1.406148910522460938e+00,2.778963446617126465e-01,1.767114698886871338e-01
4.646285250782966614e-02,-6.834341585636138916e-02,1.054017096757888794e-01,3.020038306713104248e-01,-9.656402468681335449e-02,8.527555465698242188e-01,4.150627255439758301e-01,-1.349857077002525330e-02,6.946629881858825684e-01,9.932000041007995605e-01,-7.125540375709533691e-01,3.067405521869659424e-01,-1.317736744880676270e+00,9.932000041007995605e-01,4.310942888259887695e-01,3.966579735279083252e-01,1.591850161552429199e+00,-1.773189902305603027e+00,1.307985037565231323e-01,-1.092178672552108765e-01,1.484679222106933594e+00,2.796463668346405029e-01,-2.723964452743530273e-01,-1.808947086334228516e+00,-8.927232772111892700e-02,-6.204756349325180054e-02,1.406148910522460938e+00,2.778963446617126465e-01,1.767114698886871338e-01
4.646285250782966614e-02,-6.834341585636138916e-02,1.054017096757888794e-01,3.020038306713104248e-01,-9.656402468681335449e-02,8.527555465698242188e-01,4.150627255439758301e-01,-1.349857077002525330e-02,6.946629881858825684e-01,9.932000041007995605e-01,-7.125540375709533691e-01,3.067405521869659424e-01,-1.317736744880676270e+00,9.932000041007995605e-01,4.310942888259887695e-01,3.966579735279083252e-01,1.591850161552429199e+00,-1.773189902305603027e+00,1.307985037565231323e-01,-1.092178672552108765e-01,1.484679222106933594e+00,2.796463668346405029e-01,-2.723964452743530273e-01,-1.808947086334228516e+00,-8.927232772111892700e-02,-6.204756349325180054e-02,1.406148910522460938e+00,2.778963446617126465e-01,1.767114698886871338e-01
4.646285250782966614e-02,-6.834341585636138916e-02,1.054017096757888794e-01,3.020038306713104248e-01,-9.656402468681335449e-02,8.527555465698242188e-01,4.150627255439758301e-01,-1.349857077002525330e-02,6.946629881858825684e-01,9.932000041007995605e-01,-7.125540375709533691e-01,3.067405521869659424e-01,-1.317736744880676270e+00,9.932000041007995605e-01,4.310942888259887695e-01,3.966579735279083252e-01,1.591850161552429199e+00,-1.773189902305603027e+00,1.307985037565231323e-01,-1.092178672552108765e-01,1.484679222106933594e+00,2.796463668346405029e-01,-2.723964452743530273e-01,-1.808947086334228516e+00,-8.927232772111892700e-02,-6.204756349325180054e-02,1.406148910522460938e+00,2.778963446617126465e-01,1.767114698886871338e-01
4.646285250782966614e-02,-6.834341585636138916e-02,1.054017096757888794e-01,3.020038306713104248e-01,-9.656402468681335449e-02,8.527555465698242188e-01,4.150627255439758301e-01,-1.349857077002525330e-02,6.946629881858825684e-01,9.932000041007995605e-01,-7.125540375709533691e-01,3.067405521869659424e-01,-1.317736744880676270e+00,9.932000041007995605e-01,4.310942888259887695e-01,3.966579735279083252e-01,1.591850161552429199e+00,-1.773189902305603027e+00,1.307985037565231323e-01,-1.092178672552108765e-01,1.484679222106933594e+00,2.796463668346405029e-01,-2.723964452743530273e-01,-1.808947086334228516e+00,-8.927232772111892700e-02,-6.204756349325180054e-02,1.406148910522460938e+00,2.778963446617126465e-01,1.767114698886871338e-01
4.646285250782966614e-02,-6.834341585636138916e-02,1.054017096757888794e-01,3.020038306713104248e-01,-9.656402468681335449e-02,8.527555465698242188e-01,4.150627255439758301e-01,-1.349857077002525330e-02,6.946629881858825684e-01,9.932000041007995605e-01,-7.125540375709533691e-01,3.067405521869659424e-01,-1.317736744880676270e+00,9.932000041007995605e-01,4.310942888259887695e-01,3.966579735279083252e-01,1.591850161552429199e+00,-1.773189902305603027e+00,1.307985037565231323e-01,-1.092178672552108765e-01,1.484679222106933594e+00,2.796463668346405029e-01,-2.723964452743530273e-01,-1.808947086334228516e+00,-8.927232772111892700e-02,-6.204756349325180054e-02,1.406148910522460938e+00,2.778963446617126465e-01,1.767114698886871338e-01
4.646285250782966614e-02,-6.834341585636138916e-02,1.054017096757888794e-01,3.020038306713104248e-01,-9.656402468681335449e-02,8.527555465698242188e-01,4.150627255439758301e-01,-1.349857077002525330e-02,6.946629881858825684e-01,9.932000041007995605e-01,-7.125540375709533691e-01,3.067405521869659424e-01,-1.317736744880676270e+00,9.932000041007995605e-01,4.310942888259887695e-01,3.966579735279083252e-01,1.591850161552429199e+00,-1.773189902305603027e+00,1.307985037565231323e-01,-1.092178672552108765e-01,1.484679222106933594e+00,2.796463668346405029e-01,-2.723964452743530273e-01,-1.808947086334228516e+00,-8.927232772111892700e-02,-6.204756349325180054e-02,1.406148910522460938e+00,2.778963446617126465e-01,1.767114698886871338e-01
4.646285250782966614e-02,-6.834341585636138916e-02,1.054017096757888794e-01,3.020038306713104248e-01,-9.656402468681335449e-02,8.527555465698242188e-01,4.150627255439758301e-01,-1.349857077002525330e-02,6.946629881858825684e-01,9.932000041007995605e-01,-7.125540375709533691e-01,3.067405521869659424e-01,-1.317736744880676270e+00,9.932000041007995605e-01,4.310942888259887695e-01,3.966579735279083252e-01,1.591850161552429199e+00,-1.773189902305603027e+00,1.307985037565231323e-01,-1.092178672552108765e-01,1.484679222106933594e+00,2.796463668346405029e-01,-2.723964452743530273e-01,-1.808947086334228516e+00,-8.927232772111892700e-02,-6.204756349325180054e-02,1.406148910522460938e+00,2.778963446617126465e-01,1.767114698886871338e-01
4.646285250782966614e-02,-6.834341585636138916e-02,1.054017096757888794e-01,3.020038306713104248e-01,-9.656402468681335449e-02,8.527555465698242188e-01,4.150627255439758301e-01,-1.349857077002525330e-02,6.946629881858825684e-01,9.932000041007995605e-01,-7.125540375709533691e-01,3.067405521869659424e-01,-1.317736744880676270e+00,9.932000041007995605e-01,4.310942888259887695e-01,3.966579735279083252e-01,1.591850161552429199e+00,-1.773189902305603027e+00,1.307985037565231323e-01,-1.092178672552108765e-01,1.484679222106933594e+00,2.796463668346405029e-01,-2.723964452743530273e-01,-1.808947086334228516e+00,-8.927232772111892700e-02,-6.204756349325180054e-02,1.406148910522460938e+00,2.778963446617126465e-01,1.767114698886871338e-01
4.646285250782966614e-02,-6.834341585636138916e-02,1.054017096757888794e-01,3.020038306713104248e-01,-9.656402468681335449e-02,8.527555465698242188e-01,4.150627255439758301e-01,-1.349857077002525330e-02,6.946629881858825684e-01,9.932000041007995605e-01,-7.125540375709533691e-01,3.067405521869659424e-01,-1.317736744880676270e+00,9.932000041007995605e-01,4.310942888259887695e-01,3.966579735279083252e-01,1.591850161552429199e+00,-1.773189902305603027e+00,1.307985037565231323e-01,-1.092178672552108765e-01,1.484679222106933594e+00,2.796463668346405029e-01,-2.723964452743530273e-01,-1.808947086334228516e+00,-8.927232772111892700e-02,-6.204756349325180054e-02,1.406148910522460938e+00,2.778963446617126465e-01,1.767114698886871338e-01
4.646285250782966614e-02,-6.834341585636138916e-02,1.054017096757888794e-01,3.020038306713104248e-01,-9.656402468681335449e-02,8.527555465698242188e-01,4.150627255439758301e-01,-1.349857077002525330e-02,6.946629881858825684e-01,9.932000041007995605e-01,-7.125540375709533691e-01,3.067405521869659424e-01,-1.317736744880676270e+00,9.932000041007995605e-01,4.310942888259887695e-01,3.966579735279083252e-01,1.591850161552429199e+00,-1.773189902305603027e+00,1.307985037565231323e-01,-1.092178672552108765e-01,1.484679222106933594e+00,2.796463668346405029e-01,-2.723964452743530273e-01,-1.808947086334228516e+00,-8.927232772111892700e-02,-6.204756349325180054e-02,1.406148910522460938e+00,2.778963446617126465e-01,1.767114698886871338e-01
4.646318778395652771e-02,-6.834042817354202271e-02,1.054877415299415588e-01,3.020070493221282959e-01,-9.656402468681335449e-02,8.527579307556152344e-01,4.150554537773132324e-01,-1.347257383167743683e-02,6.946331262588500977e-01,9.932000041007995605e-01,-7.126324176788330078e-01,3.066840469837188721e-01,-1.317776560783386230e+00,9.932000041007995605e-01,4.314368367195129395e-01,3.964029252529144287e-01,1.591677665710449219e+00,-1.772784829139709473e+00,1.307513564825057983e-01,-1.091959401965141296e-01,1.484534621238708496e+00,2.796505689620971680e-01,-2.723394632339477539e-01,-1.808501958847045898e+00,-8.919724822044372559e-02,-6.197524815797805786e-02,1.406047224998474121e+00,2.779021263122558594e-01,1.767083406448364258e-01
4.646296054124832153e-02,-6.833043694496154785e-02,1.057439669966697693e-01,3.020106256008148193e-01,-9.655711799860000610e-02,8.527679443359375000e-01,4.150338768959045410e-01,-1.341294869780540466e-02,6.945177912712097168e-01,9.932000041007995605e-01,-7.129127383232116699e-01,3.064668476581573486e-01,-1.317808628082275391e+00,9.932000041007995605e-01,4.324755072593688965e-01,3.956149518489837646e-01,1.591153740882873535e+00,-1.771597504615783691e+00,1.306122988462448120e-01,-1.091184616088867188e-01,1.484106898307800293e+00,2.796629667282104492e-01,-2.721674442291259766e-01,-1.807215332984924316e+00,-8.898163586854934692e-02,-6.175551563501358032e-02,1.405771374702453613e+00,2.779192626476287842e-01,1.766996234655380249e-01
4.646083340048789978e-02,-6.831237673759460449e-02,1.061683818697929382e-01,3.020033240318298340e-01,-9.653574973344802856e-02,8.527933359146118164e-01,4.149920344352722168e-01,-1.334937661886215210e-02,6.942642927169799805e-01,9.932000041007995605e-01,-7.134580612182617188e-01,3.059958219528198242e-01,-1.317739486694335938e+00,9.932000041007995605e-01,4.342564046382904053e-01,3.942385315895080566e-01,1.590282201766967773e+00,-1.769675731658935547e+00,1.303743273019790649e-01,-1.089651510119438171e-01,1.483407020568847656e+00,2.796832919120788574e-01,-2.718830108642578125e-01,-1.805130481719970703e+00,-8.864229917526245117e-02,-6.137266755104064941e-02,1.405337929725646973e+00,2.779472768306732178e-01,1.767072379589080811e-01
4.645448923110961914e-02,-6.828729063272476196e-02,1.067571267485618591e-01,3.019613921642303467e-01,-9.647685289382934570e-02,8.528463840484619141e-01,4.149272143840789795e-01,-1.328795775771141052e-02,6.937664747238159180e-01,9.932000041007995605e-01,-7.143617272377014160e-01,3.051013350486755371e-01,-1.317415833473205566e+00,9.932000041007995605e-01,4.368708133697509766e-01,3.921589851379394531e-01,1.589001059532165527e+00,-1.767104387283325195e+00,1.299926936626434326e-01,-1.087198331952095032e-01,1.482451081275939941e+00,2.797111868858337402e-01,-2.715108394622802734e-01,-1.802328228950500488e+00,-8.819185197353363037e-02,-6.079039350152015686e-02,1.404716968536376953e+00,2.779858112335205078e-01,1.767477840185165405e-01
4.644509032368659973e-02,-6.825007498264312744e-02,1.075031310319900513e-01,3.018808662891387939e-01,-9.633709490299224854e-02,8.529382944107055664e-01,4.148293733596801758e-01,-1.330421958118677139e-02,6.928811073303222656e-01,9.932000041007995605e-01,-7.154866456985473633e-01,3.037968277931213379e-01,-1.316946625709533691e+00,9.932000041007995605e-01,4.402359724044799805e-01,3.894644379615783691e-01,1.587354421615600586e+00,-1.763960957527160645e+00,1.294690519571304321e-01,-1.083003953099250793e-01,1.481279134750366211e+00,2.797464132308959961e-01,-2.711367309093475342e-01,-1.798896551132202148e+00,-8.771573752164840698e-02,-5.996249243617057800e-02,1.403912425041198730e+00,2.780344188213348389e-01,1.767517030239105225e-01
4.641566425561904907e-02,-6.821595877408981323e-02,1.084094643592834473e-01,3.017668724060058594e-01,-9.616727381944656372e-02,8.530679941177368164e-01,4.146849811077117920e-01,-1.329319272190332413e-02,6.917747855186462402e-01,9.932000041007995605e-01,-7.169579267501831055e-01,3.015992045402526855e-01,-1.316366076469421387e+00,9.932000041007995605e-01,4.444467723369598389e-01,3.859072029590606689e-01,1.585419058799743652e+00,-1.760204195976257324e+00,1.286510527133941650e-01,-1.077771559357643127e-01,1.479907631874084473e+00,2.797886431217193604e-01,-2.706948220729827881e-01,-1.794790029525756836e+00,-8.716727793216705322e-02,-5.886405333876609802e-02,1.402978777885437012e+00,2.780927121639251709e-01,1.767908334732055664e-01
4.636631906032562256e-02,-6.818481534719467163e-02,1.094761714339256287e-01,3.015427887439727783e-01,-9.592760354280471802e-02,8.532672524452209473e-01,4.144935309886932373e-01,-1.331673469394445419e-02,6.901316642761230469e-01,9.932000041007995605e-01,-7.186932563781738281e-01,2.982861697673797607e-01,-1.315836310386657715e+00,9.932000041007995605e-01,4.495875239372253418e-01,3.813589215278625488e-01,1.583147883415222168e+00,-1.756065726280212402e+00,1.276615858078002930e-01,-1.070354357361793518e-01,1.478314518928527832e+00,2.798376083374023438e-01,-2.702094912528991699e-01,-1.790179729461669922e+00,-8.655122667551040649e-02,-5.743976682424545288e-02,1.401804327964782715e+00,2.781602740287780762e-01,1.768347918987274170e-01
4.629319161176681519e-02,-6.814472377300262451e-02,1.107005849480628967e-01,3.012354969978332520e-01,-9.559718519449234009e-02,8.535121083259582520e-01,4.142890274524688721e-01,-1.324156858026981354e-02,6.880442500114440918e-01,9.932000041007995605e-01,-7.204269766807556152e-01,2.937293350696563721e-01,-1.315442562103271484e+00,9.932000041007995605e-01,4.556357264518737793e-01,3.759627640247344971e-01,1.580596685409545898e+00,-1.751542448997497559e+00,1.264752745628356934e-01,-1.061573103070259094e-01,1.476649999618530273e+00,2.798929512500762939e-01,-2.696922421455383301e-01,-1.785056233406066895e+00,-8.592338114976882935e-02,-5.577225983142852783e-02,1.400316834449768066e+00,2.782366871833801270e-01,1.769168227910995483e-01
4.617796093225479126e-02,-6.810515373945236206e-02,1.120857223868370056e-01,3.009206950664520264e-01,-9.528059512376785278e-02,8.537760376930236816e-01,4.140469431877136230e-01,-1.303596515208482742e-02,6.857348680496215820e-01,9.932000041007995605e-01,-7.222813963890075684e-01,2.880674302577972412e-01,-1.315342783927917480e+00,9.932000041007995605e-01,4.625283181667327881e-01,3.697270154953002930e-01,1.577681899070739746e+00,-1.746536493301391602e+00,1.250514835119247437e-01,-1.051791384816169739e-01,1.475106716156005859e+00,2.799544334411621094e-01,-2.691415846347808838e-01,-1.779307246208190918e+00,-8.530150353908538818e-02,-5.392413958907127380e-02,1.398797988891601562e+00,2.783215045928955078e-01,1.770918965339660645e-01
4.600011557340621948e-02,-6.810288131237030029e-02,1.138916611671447754e-01,3.006730079650878906e-01,-9.505531936883926392e-02,8.540251255035400391e-01,4.137647747993469238e-01,-1.293831132352352142e-02,6.832211017608642578e-01,9.932000041007995605e-01,-7.244352102279663086e-01,2.818110585212707520e-01,-1.315398335456848145e+00,9.932000041007995605e-01,4.702366590499877930e-01,3.628744184970855713e-01,1.574360609054565430e+00,-1.740977525711059570e+00,1.231793016195297241e-01,-1.041658744215965271e-01,1.474007606506347656e+00,2.800217270851135254e-01,-2.686377167701721191e-01,-1.772694110870361328e+00,-8.465403318405151367e-02,-5.186063796281814575e-02,1.397203087806701660e+00,2.784143984317779541e-01,1.773199588060379028e-01
4.577246680855751038e-02,-6.807555258274078369e-02,1.160327270627021790e-01,3.003858625888824463e-01,-9.478865563869476318e-02,8.542919158935546875e-01,4.134836792945861816e-01,-1.271062623709440231e-02,6.804813742637634277e-01,9.932000041007995605e-01,-7.267904281616210938e-01,2.749311327934265137e-01,-1.315193772315979004e+00,9.932000041007995605e-01,4.788018465042114258e-01,3.552284836769104004e-01,1.570553421974182129e+00,-1.735246062278747559e+00,1.211565285921096802e-01,-1.030668765306472778e-01,1.473260760307312012e+00,2.800945341587066650e-01,-2.680654227733612061e-01,-1.765804886817932129e+00,-8.393917232751846313e-02,-4.957459121942520142e-02,1.395617127418518066e+00,2.785148918628692627e-01,1.774613410234451294e-01
4.547997936606407166e-02,-6.809052079916000366e-02,1.182612031698226929e-01,3.001450598239898682e-01,-9.457174688577651978e-02,8.545318841934204102e-01,4.132122993469238281e-01,-1.241653971374034882e-02,6.775204539299011230e-01,9.932000041007995605e-01,-7.294238209724426270e-01,2.679297327995300293e-01,-1.315119385719299316e+00,9.932000041007995605e-01,4.879969954490661621e-01,3.469763696193695068e-01,1.566404581069946289e+00,-1.729209303855895996e+00,1.187021806836128235e-01,-1.019754707813262939e-01,1.472856163978576660e+00,2.801725566387176514e-01,-2.673594355583190918e-01,-1.758486986160278320e+00,-8.317104727029800415e-02,-4.709712788462638855e-02,1.394051432609558105e+00,2.786225676536560059e-01,1.775610893964767456e-01
4.513921216130256653e-02,-6.807588785886764526e-02,1.205377578735351562e-01,2.999491095542907715e-01,-9.437546879053115845e-02,8.547562360763549805e-01,4.129353165626525879e-01,-1.205172017216682434e-02,6.749463081359863281e-01,9.932000041007995605e-01,-7.320349216461181641e-01,2.608643770217895508e-01,-1.314677834510803223e+00,9.932000041007995605e-01,4.978468418121337891e-01,3.382374644279479980e-01,1.562126636505126953e+00,-1.722994685173034668e+00,1.157255396246910095e-01,-1.010779812932014465e-01,1.473188519477844238e+00,2.802555263042449951e-01,-2.664954066276550293e-01,-1.750898718833923340e+00,-8.188705146312713623e-02,-4.418786615133285522e-02,1.392575740814208984e+00,2.787370681762695312e-01,1.772455871105194092e-01
4.478105902671813965e-02,-6.797449290752410889e-02,1.228418946266174316e-01,2.996761202812194824e-01,-9.416289627552032471e-02,8.550492525100708008e-01,4.125752747058868408e-01,-1.179156918078660965e-02,6.725865602493286133e-01,9.932000041007995605e-01,-7.345149517059326172e-01,2.540123164653778076e-01,-1.312971234321594238e+00,9.932000041007995605e-01,5.088294744491577148e-01,3.294224143028259277e-01,1.556819319725036621e+00,-1.717083930969238281e+00,1.127540469169616699e-01,-1.000295653939247131e-01,1.474005103111267090e+00,2.803430855274200439e-01,-2.654814124107360840e-01,-1.743638038635253906e+00,-8.052938431501388550e-02,-4.131156206130981445e-02,1.391659140586853027e+00,2.788579165935516357e-01,1.768335849046707153e-01
4.432532191276550293e-02,-6.779839843511581421e-02,1.251543015241622925e-01,2.996273040771484375e-01,-9.403403848409652710e-02,8.552680611610412598e-01,4.121863842010498047e-01,-1.166325435042381287e-02,6.707678437232971191e-01,9.932000041007995605e-01,-7.368580698966979980e-01,2.467547953128814697e-01,-1.309987187385559082e+00,9.932000041007995605e-01,5.207967162132263184e-01,3.196305930614471436e-01,1.550383210182189941e+00,-1.711019515991210938e+00,1.090559139847755432e-01,-9.916464239358901978e-02,1.476342797279357910e+00,2.804349958896636963e-01,-2.645094096660614014e-01,-1.736382603645324707e+00,-7.900699228048324585e-02,-3.837307915091514587e-02,1.391897678375244141e+00,2.789847552776336670e-01,1.759787797927856445e-01
4.371850565075874329e-02,-6.761819869279861450e-02,1.273078322410583496e-01,2.995074093341827393e-01,-9.392912685871124268e-02,8.554606437683105469e-01,4.118976593017578125e-01,-1.199145987629890442e-02,6.693837046623229980e-01,9.932000041007995605e-01,-7.395443320274353027e-01,2.400997728109359741e-01,-1.305661320686340332e+00,9.932000041007995605e-01,5.330410003662109375e-01,3.091884553432464600e-01,1.542398691177368164e+00,-1.705599069595336914e+00,1.046114340424537659e-01,-9.857304394245147705e-02,1.479505300521850586e+00,2.805309295654296875e-01,-2.631792724132537842e-01,-1.730080127716064453e+00,-7.719532400369644165e-02,-3.544318303465843201e-02,1.392810583114624023e+00,2.791171669960021973e-01,1.750743836164474487e-01
4.292017221450805664e-02,-6.739951670169830322e-02,1.291919797658920288e-01,2.995438575744628906e-01,-9.419460594654083252e-02,8.555611968040466309e-01,4.116016030311584473e-01,-1.278582308441400528e-02,6.688273549079895020e-01,9.932000041007995605e-01,-7.427415251731872559e-01,2.338072657585144043e-01,-1.298412919044494629e+00,9.932000041007995605e-01,5.455138087272644043e-01,2.976415455341339111e-01,1.531780362129211426e+00,-1.700708866119384766e+00,1.003041639924049377e-01,-9.799595922231674194e-02,1.484172701835632324e+00,2.806305885314941406e-01,-2.607634067535400391e-01,-1.725324034690856934e+00,-7.615177333354949951e-02,-3.341528400778770447e-02,1.396525740623474121e+00,2.792547047138214111e-01,1.744720488786697388e-01
4.195187985897064209e-02,-6.730983406305313110e-02,1.307943761348724365e-01,2.999960482120513916e-01,-9.442615509033203125e-02,8.555816411972045898e-01,4.111765027046203613e-01,-1.268935576081275940e-02,6.692501306533813477e-01,9.932000041007995605e-01,-7.467310428619384766e-01,2.265679240226745605e-01,-1.290064930915832520e+00,9.932000041007995605e-01,5.582497715950012207e-01,2.850079834461212158e-01,1.519693374633789062e+00,-1.695943951606750488e+00,9.496263414621353149e-02,-9.618349373340606689e-02,1.490105986595153809e+00,2.807336747646331787e-01,-2.590055465698242188e-01,-1.721096038818359375e+00,-7.586451619863510132e-02,-3.104513883590698242e-02,1.400909185409545898e+00,2.793969810009002686e-01,1.724350601434707642e-01
4.087430238723754883e-02,-6.736692041158676147e-02,1.320694386959075928e-01,3.005932271480560303e-01,-9.444021433591842651e-02,8.554373383522033691e-01,4.110374450683593750e-01,-1.283832825720310211e-02,6.699029207229614258e-01,9.932000041007995605e-01,-7.511249184608459473e-01,2.210453897714614868e-01,-1.278265714645385742e+00,9.932000041007995605e-01,5.714370012283325195e-01,2.723768055438995361e-01,1.504146814346313477e+00,-1.692710876464843750e+00,8.937270194292068481e-02,-9.409130364656448364e-02,1.497909545898437500e+00,2.808398902416229248e-01,-2.561250030994415283e-01,-1.719048738479614258e+00,-7.696192711591720581e-02,-2.942433394491672516e-02,1.406987071037292480e+00,2.795435786247253418e-01,1.692530661821365356e-01
3.980939090251922607e-02,-6.783958524465560913e-02,1.332041472196578979e-01,3.014908432960510254e-01,-9.520932286977767944e-02,8.550100922584533691e-01,4.110915362834930420e-01,-1.344023644924163818e-02,6.734170913696289062e-01,9.932000041007995605e-01,-7.566476464271545410e-01,2.147953361272811890e-01,-1.263442754745483398e+00,9.932000041007995605e-01,5.845407247543334961e-01,2.576442062854766846e-01,1.486128687858581543e+00,-1.689675450325012207e+00,8.437619358301162720e-02,-9.167931228876113892e-02,1.507424592971801758e+00,2.809489667415618896e-01,-2.523576021194458008e-01,-1.717162370681762695e+00,-8.008458465337753296e-02,-2.918760664761066437e-02,1.415597319602966309e+00,2.796940803527832031e-01,1.648674011230468750e-01
3.873514011502265930e-02,-6.876026839017868042e-02,1.345492452383041382e-01,3.025923967361450195e-01,-9.607230126857757568e-02,8.543880581855773926e-01,4.113744795322418213e-01,-1.355591509491205215e-02,6.806968450546264648e-01,9.932000041007995605e-01,-7.627841234207153320e-01,2.106925845146179199e-01,-1.244097471237182617e+00,9.932000041007995605e-01,5.997068285942077637e-01,2.437103837728500366e-01,1.462152957916259766e+00,-1.687594413757324219e+00,7.943066209554672241e-02,-8.843093365430831909e-02,1.520909786224365234e+00,2.810605466365814209e-01,-2.489148378372192383e-01,-1.716424465179443359e+00,-8.336668461561203003e-02,-2.822982706129550934e-02,1.428737282752990723e+00,2.798480987548828125e-01,1.581285148859024048e-01
3.800415620207786560e-02,-7.011714577674865723e-02,1.357859224081039429e-01,3.047498762607574463e-01,-9.784582257270812988e-02,8.533260226249694824e-01,4.115682840347290039e-01,-1.414600852876901627e-02,6.898478865623474121e-01,9.932000041007995605e-01,-7.696157693862915039e-01,2.036773413419723511e-01,-1.222447991371154785e+00,9.932000041007995605e-01,6.143640279769897461e-01,2.289293855428695679e-01,1.437174201011657715e+00,-1.683888316154479980e+00,7.538343966007232666e-02,-8.533756434917449951e-02,1.538056969642639160e+00,2.811743617057800293e-01,-2.438377439975738525e-01,-1.713863372802734375e+00,-8.780751377344131470e-02,-2.743487805128097534e-02,1.444320678710937500e+00,2.800051867961883545e-01,1.501527577638626099e-01
3.771830350160598755e-02,-7.222998142242431641e-02,1.372624039649963379e-01,3.079937100410461426e-01,-9.984404593706130981e-02,8.521314263343811035e-01,4.111484885215759277e-01,-1.336316484957933426e-02,7.001665234565734863e-01,9.932000041007995605e-01,-7.770578861236572266e-01,1.962789595127105713e-01,-1.197422742843627930e+00,9.932000041007995605e-01,6.292897462844848633e-01,2.138414233922958374e-01,1.406148433685302734e+00,-1.679877281188964844e+00,7.083995640277862549e-02,-8.160298317670822144e-02,1.560581564903259277e+00,2.812901437282562256e-01,-2.386419475078582764e-01,-1.711564421653747559e+00,-9.227423369884490967e-02,-2.583097666501998901e-02,1.466918468475341797e+00,2.801649868488311768e-01,1.426804363727569580e-01
3.826162964105606079e-02,-7.492621243000030518e-02,1.388960480690002441e-01,3.115064203739166260e-01,-1.019915342330932617e-01,8.509730696678161621e-01,4.103734195232391357e-01,-1.306942757219076157e-02,7.109744548797607422e-01,9.932000041007995605e-01,-7.841035127639770508e-01,1.904618293046951294e-01,-1.170793652534484863e+00,9.932000041007995605e-01,6.425927877426147461e-01,2.010285407304763794e-01,1.375343918800354004e+00,-1.675474643707275391e+00,6.907530128955841064e-02,-7.801238447427749634e-02,1.583571791648864746e+00,2.814075350761413574e-01,-2.305926978588104248e-01,-1.708301782608032227e+00,-9.766919910907745361e-02,-2.438559569418430328e-02,1.490872263908386230e+00,2.803270220756530762e-01,1.339604854583740234e-01
3.931915014982223511e-02,-7.807146012783050537e-02,1.409818679094314575e-01,3.147346079349517822e-01,-1.046872809529304504e-01,8.501338362693786621e-01,4.089683890342712402e-01,-1.356603298336267471e-02,7.218509316444396973e-01,9.932000041007995605e-01,-7.935761213302612305e-01,1.832906007766723633e-01,-1.141616463661193848e+00,9.932000041007995605e-01,6.589726805686950684e-01,1.876840144395828247e-01,1.341573119163513184e+00,-1.671319246292114258e+00,6.548631191253662109e-02,-7.509138435125350952e-02,1.606598854064941406e+00,2.815262973308563232e-01,-2.206741273403167725e-01,-1.704054236412048340e+00,-1.044994145631790161e-01,-2.182256989181041718e-02,1.517439961433410645e+00,2.804909050464630127e-01,1.253375411033630371e-01
4.096199199557304382e-02,-8.191303908824920654e-02,1.443804949522018433e-01,3.178468048572540283e-01,-1.077736914157867432e-01,8.495872616767883301e-01,4.068903028964996338e-01,-1.547713484615087509e-02,7.353370189666748047e-01,9.932000041007995605e-01,-8.021399378776550293e-01,1.770997643470764160e-01,-1.108939051628112793e+00,9.932000041007995605e-01,6.774846315383911133e-01,1.741611212491989136e-01,1.304527878761291504e+00,-1.664367794990539551e+00,5.973462015390396118e-02,-7.242060452699661255e-02,1.632050752639770508e+00,2.816460728645324707e-01,-2.087625265121459961e-01,-1.696580290794372559e+00,-1.079206019639968872e-01,-1.906676404178142548e-02,1.550670862197875977e+00,2.806562483310699463e-01,1.155776232481002808e-01
4.249927401542663574e-02,-8.556050807237625122e-02,1.477884501218795776e-01,3.219510018825531006e-01,-1.106958463788032532e-01,8.486431837081909180e-01,4.048440456390380859e-01,-1.660947315394878387e-02,7.407823801040649414e-01,9.932000041007995605e-01,-8.115255236625671387e-01,1.704050004482269287e-01,-1.079994916915893555e+00,9.932000041007995605e-01,6.974127292633056641e-01,1.623281538486480713e-01,1.265789508819580078e+00,-1.653633594512939453e+00,5.713753774762153625e-02,-6.985215097665786743e-02,1.657262206077575684e+00,2.817666232585906982e-01,-1.964001357555389404e-01,-1.686280965805053711e+00,-1.134154573082923889e-01,-1.646517589688301086e-02,1.583019971847534180e+00,2.808226048946380615e-01,1.042538136243820190e-01
4.411100223660469055e-02,-8.832169324159622192e-02,1.530092209577560425e-01,3.256933093070983887e-01,-1.144512370228767395e-01,8.475469946861267090e-01,4.030990898609161377e-01,-1.852542906999588013e-02,7.434140443801879883e-01,9.932000041007995605e-01,-8.253454566001892090e-01,1.662469208240509033e-01,-1.045963406562805176e+00,9.932000041007995605e-01,7.214305400848388672e-01,1.486638337373733521e-01,1.223495244979858398e+00,-1.639258265495300293e+00,5.743776261806488037e-02,-6.728246062994003296e-02,1.691216588020324707e+00,2.818876206874847412e-01,-1.844571530818939209e-01,-1.672323584556579590e+00,-1.173356473445892334e-01,-1.406980771571397781e-02,1.626155853271484375e+00,2.778044342994689941e-01,9.150533378124237061e-02
4.580066353082656860e-02,-9.081658720970153809e-02,1.595988720655441284e-01,3.304203748703002930e-01,-1.177897304296493530e-01,8.458925485610961914e-01,4.017633497714996338e-01,-2.180812507867813110e-02,7.460489869117736816e-01,9.932000041007995605e-01,-8.419254422187805176e-01,1.617400348186492920e-01,-1.005586147308349609e+00,9.932000041007995605e-01,7.475504279136657715e-01,1.359255015850067139e-01,1.176539182662963867e+00,-1.624738931655883789e+00,5.736466869711875916e-02,-6.818378716707229614e-02,1.737438082695007324e+00,2.640579044818878174e-01,-1.703739166259765625e-01,-1.656414985656738281e+00,-1.181504949927330017e-01,-9.668441489338874817e-03,1.679395079612731934e+00,2.610025107860565186e-01,7.699154317378997803e-02
4.792638123035430908e-02,-9.389395266771316528e-02,1.666995137929916382e-01,3.350819051265716553e-01,-1.203637868165969849e-01,8.441037535667419434e-01,4.009009003639221191e-01,-2.383567392826080322e-02,7.486806511878967285e-01,9.932000041007995605e-01,-8.579684495925903320e-01,1.608240306377410889e-01,-9.650121927261352539e-01,9.932000041007995605e-01,7.741391658782958984e-01,1.223045065999031067e-01,1.126000404357910156e+00,-1.610676050186157227e+00,5.846768617630004883e-02,-6.830809265375137329e-02,1.795778751373291016e+00,2.310992330312728882e-01,-1.533210873603820801e-01,-1.639810681343078613e+00,-1.176841855049133301e-01,-6.812566891312599182e-03,1.737935900688171387e+00,2.392236888408660889e-01,6.291056424379348755e-02
5.137791112065315247e-02,-9.706091880798339844e-02,1.742988079786300659e-01,3.394404351711273193e-01,-1.233996450901031494e-01,8.412778973579406738e-01,4.022489786148071289e-01,-2.919371239840984344e-02,7.513025403022766113e-01,9.932000041007995605e-01,-8.763802647590637207e-01,1.604194641113281250e-01,-9.210195541381835938e-01,9.932000041007995605e-01,8.063427209854125977e-01,1.018414124846458435e-01,1.072238445281982422e+00,-1.594102263450622559e+00,6.043039634823799133e-02,-6.315696984529495239e-02,1.843181371688842773e+00,1.859547793865203857e-01,-1.300828605890274048e-01,-1.622310876846313477e+00,-1.169969439506530762e-01,-2.113690134137868881e-03,1.806481719017028809e+00,2.107303142547607422e-01,4.701763391494750977e-02
5.465142801403999329e-02,-1.011057868599891663e-01,1.785587817430496216e-01,3.409605026245117188e-01,-1.243596598505973816e-01,8.404189348220825195e-01,4.024632573127746582e-01,-3.463767468929290771e-02,7.539082765579223633e-01,9.932000041007995605e-01,-8.983578085899353027e-01,1.584233939647674561e-01,-8.713665008544921875e-01,9.932000041007995605e-01,8.360720276832580566e-01,7.837885618209838867e-02,1.015222907066345215e+00,-1.576779246330261230e+00,6.215440854430198669e-02,-6.229371950030326843e-02,1.859674334526062012e+00,1.489087045192718506e-01,-1.118796393275260925e-01,-1.610230922698974609e+00,-1.178713589906692505e-01,8.526945486664772034e-03,1.827605843544006348e+00,1.812940388917922974e-01,3.055746108293533325e-02
6.037879362702369690e-02,-1.083585768938064575e-01,1.855551600456237793e-01,3.405417501926422119e-01,-1.228451952338218689e-01,8.414365053176879883e-01,4.011545479297637939e-01,-3.607127070426940918e-02,7.564913034439086914e-01,9.932000041007995605e-01,-9.238463044166564941e-01,1.664645671844482422e-01,-8.426706194877624512e-01,9.932000041007995605e-01,8.700914382934570312e-01,5.295991152524948120e-02,9.743717908859252930e-01,-1.544385313987731934e+00,6.852030754089355469e-02,-5.719272419810295105e-02,1.876023650169372559e+00,1.274575293064117432e-01,-9.511151164770126343e-02,-1.587471842765808105e+00,-1.228898465633392334e-01,1.722591929137706757e-02,1.845980763435363770e+00,1.624118983745574951e-01,1.281837373971939087e-02
6.473565846681594849e-02,-1.144501343369483948e-01,1.915377080440521240e-01,3.401654958724975586e-01,-1.217569187283515930e-01,8.425230979919433594e-01,3.995216190814971924e-01,-4.428146034479141235e-02,7.590450644493103027e-01,9.932000041007995605e-01,-9.460433721542358398e-01,1.786939650774002075e-01,-8.115656971931457520e-01,9.932000041007995605e-01,9.050430059432983398e-01,3.520459309220314026e-02,9.350132346153259277e-01,-1.513356804847717285e+00,7.630234956741333008e-02,-5.580601841211318970e-02,1.892187952995300293e+00,1.081171706318855286e-01,-8.202907443046569824e-02,-1.566437125205993652e+00,-1.275267750024795532e-01,2.620082721114158630e-02,1.864148020744323730e+00,1.474742889404296875e-01,1.118720392696559429e-03
6.791935861110687256e-02,-1.189675107598304749e-01,1.953829973936080933e-01,3.396268784999847412e-01,-1.207114458084106445e-01,8.431931734085083008e-01,3.988829255104064941e-01,-5.240393802523612976e-02,7.615631818771362305e-01,9.932000041007995605e-01,-9.634141921997070312e-01,1.887357085943222046e-01,-7.864894866943359375e-01,9.932000041007995605e-01,9.378463029861450195e-01,1.539602596312761307e-02,9.127890467643737793e-01,-1.496258854866027832e+00,8.026010543107986450e-02,-5.521738529205322266e-02,1.908126473426818848e+00,9.244001656770706177e-02,-6.845664978027343750e-02,-1.555629014968872070e+00,-1.314517259597778320e-01,3.406178206205368042e-02,1.882061243057250977e+00,1.323103904724121094e-01,-1.211679074913263321e-02
7.032456994056701660e-02,-1.214188188314437866e-01,1.993578523397445679e-01,3.360360562801361084e-01,-1.169002801179885864e-01,8.448808789253234863e-01,3.994876444339752197e-01,-6.033423915505409241e-02,7.640391588211059570e-01,9.932000041007995605e-01,-9.782133698463439941e-01,1.941573321819305420e-01,-7.600870728492736816e-01,9.932000041007995605e-01,9.725600481033325195e-01,7.212584605440497398e-04,8.970807790756225586e-01,-1.490088105201721191e+00,8.389287441968917847e-02,-5.399853736162185669e-02,1.923798084259033203e+00,7.461267709732055664e-02,-5.441531911492347717e-02,-1.555362462997436523e+00,-1.377310752868652344e-01,4.259448498487472534e-02,1.899674534797668457e+00,1.168008893728256226e-01,-2.745751664042472839e-02
7.223340868949890137e-02,-1.231961622834205627e-01,2.025081217288970947e-01,3.314816355705261230e-01,-1.131174415349960327e-01,8.469750881195068359e-01,3.999469876289367676e-01,-6.844893842935562134e-02,7.664664387702941895e-01,9.932000041007995605e-01,-9.882654547691345215e-01,2.032039314508438110e-01,-7.399706840515136719e-01,9.932000041007995605e-01,1.011000394821166992e+00,-1.150588598102331161e-02,8.896144032478332520e-01,-1.491315364837646484e+00,8.809850364923477173e-02,-5.232605338096618652e-02,1.939161658287048340e+00,5.649754032492637634e-02,-3.941229358315467834e-02,-1.560103297233581543e+00,-1.398881673812866211e-01,4.760658740997314453e-02,1.916941642761230469e+00,1.010024920105934143e-01,-3.967666253447532654e-02
7.386588305234909058e-02,-1.240781247615814209e-01,2.057916671037673950e-01,3.264954984188079834e-01,-1.082919612526893616e-01,8.498636484146118164e-01,3.992559015750885010e-01,-7.057042419910430908e-02,7.688385844230651855e-01,9.932000041007995605e-01,-9.963928461074829102e-01,2.109598815441131592e-01,-7.240309715270996094e-01,9.932000041007995605e-01,1.049849987030029297e+00,-1.778556033968925476e-02,8.864070773124694824e-01,-1.495626568794250488e+00,8.831883966922760010e-02,-4.793038964271545410e-02,1.954176068305969238e+00,3.979424014687538147e-02,-3.067108616232872009e-02,-1.568101167678833008e+00,-1.449085175991058350e-01,5.511056259274482727e-02,1.933816432952880859e+00,7.906231284141540527e-02,-5.247411876916885376e-02
7.549659907817840576e-02,-1.246618479490280151e-01,2.090175151824951172e-01,3.219525814056396484e-01,-1.034500375390052795e-01,8.526300787925720215e-01,3.983297348022460938e-01,-7.287780940532684326e-02,7.711490392684936523e-01,9.932000041007995605e-01,-1.000605463981628418e+00,2.220050692558288574e-01,-7.088494896888732910e-01,9.932000041007995605e-01,1.083076357841491699e+00,-2.191346697509288788e-02,8.802515268325805664e-01,-1.499489426612854004e+00,8.757513761520385742e-02,-4.461593553423881531e-02,1.968800425529479980e+00,2.591785974800586700e-02,-1.954173669219017029e-02,-1.576573729515075684e+00,-1.464808881282806396e-01,6.075887382030487061e-02,1.950252652168273926e+00,5.854384228587150574e-02,-6.303060054779052734e-02
7.704967260360717773e-02,-1.250565499067306519e-01,2.141608893871307373e-01,3.170126378536224365e-01,-9.697108715772628784e-02,8.559365868568420410e-01,3.968276679515838623e-01,-7.581426948308944702e-02,7.733913660049438477e-01,9.932000041007995605e-01,-1.003604292869567871e+00,2.337058186531066895e-01,-6.904064416885375977e-01,9.932000041007995605e-01,1.118545413017272949e+00,-2.717199735343456268e-02,8.712627887725830078e-01,-1.507532358169555664e+00,8.805990964174270630e-02,-3.927960246801376343e-02,1.982993483543395996e+00,6.954261567443609238e-03,-9.112535044550895691e-03,-1.585649847984313965e+00,-1.481752842664718628e-01,6.945429742336273193e-02,1.966204166412353516e+00,3.612139821052551270e-02,-7.525417953729629517e-02
7.858730852603912354e-02,-1.263228952884674072e-01,2.190677225589752197e-01,3.120677173137664795e-01,-9.228672832250595093e-02,8.587895035743713379e-01,3.956987261772155762e-01,-8.095192909240722656e-02,7.755591273307800293e-01,9.932000041007995605e-01,-1.010009169578552246e+00,2.481437772512435913e-01,-6.704579591751098633e-01,9.932000041007995605e-01,1.151099443435668945e+00,-2.677689492702484131e-02,8.530141115188598633e-01,-1.515018820762634277e+00,9.158867597579956055e-02,-3.595392778515815735e-02,1.996714234352111816e+00,-1.278213132172822952e-02,7.251694332808256149e-03,-1.592059850692749023e+00,-1.544760316610336304e-01,7.620097696781158447e-02,1.981624960899353027e+00,1.825358718633651733e-02,-8.470667153596878052e-02
7.982831448316574097e-02,-1.275616735219955444e-01,2.235032171010971069e-01,3.051160573959350586e-01,-8.754750341176986694e-02,8.622703552246093750e-01,3.946257233619689941e-01,-8.330962061882019043e-02,7.776457667350769043e-01,9.932000041007995605e-01,-1.017957925796508789e+00,2.627875208854675293e-01,-6.450260877609252930e-01,9.932000041007995605e-01,1.180575013160705566e+00,-2.340329997241497040e-02,8.266062140464782715e-01,-1.526330828666687012e+00,9.726240485906600952e-02,-3.266100585460662842e-02,2.009921550750732422e+00,-3.540731221437454224e-02,2.265124768018722534e-02,-1.599798679351806641e+00,-1.609338968992233276e-01,8.369127660989761353e-02,1.996468663215637207e+00,-3.437647828832268715e-03,-9.490532428026199341e-02
8.137046545743942261e-02,-1.289590895175933838e-01,2.284645885229110718e-01,3.000767529010772705e-01,-8.233930170536041260e-02,8.645378351211547852e-01,3.946499228477478027e-01,-8.452925086021423340e-02,7.796447873115539551e-01,9.932000041007995605e-01,-1.025595664978027344e+00,2.766725718975067139e-01,-6.174563765525817871e-01,9.932000041007995605e-01,1.208202242851257324e+00,-1.830654963850975037e-02,7.992958426475524902e-01,-1.532981395721435547e+00,1.020991504192352295e-01,-2.880839072167873383e-02,2.022574424743652344e+00,-5.658228695392608643e-02,3.658453375101089478e-02,-1.604962825775146484e+00,-1.689046323299407959e-01,9.146974235773086548e-02,2.010689258575439453e+00,-2.334689721465110779e-02,-1.048447862267494202e-01
8.237221091985702515e-02,-1.292505115270614624e-01,2.340750247240066528e-01,2.931988239288330078e-01,-7.510115206241607666e-02,8.675847649574279785e-01,3.945769071578979492e-01,-8.005910366773605347e-02,7.815497517585754395e-01,9.932000041007995605e-01,-1.034570932388305664e+00,3.001129329204559326e-01,-5.831438302993774414e-01,9.932000041007995605e-01,1.233468890190124512e+00,-6.282693240791559219e-03,7.542472481727600098e-01,-1.543594956398010254e+00,1.089308261871337891e-01,-2.426230162382125854e-02,2.034631967544555664e+00,-8.241458982229232788e-02,5.307923257350921631e-02,-1.615428090095520020e+00,-1.771580129861831665e-01,9.906756877899169922e-02,2.024240732192993164e+00,-4.883837327361106873e-02,-1.160591244697570801e-01
8.329372107982635498e-02,-1.293264031410217285e-01,2.384095489978790283e-01,2.865265011787414551e-01,-6.770248711109161377e-02,8.701958060264587402e-01,3.950673639774322510e-01,-7.463222742080688477e-02,7.833541035652160645e-01,9.932000041007995605e-01,-1.045287132263183594e+00,3.254460394382476807e-01,-5.536489486694335938e-01,9.932000041007995605e-01,1.255173563957214355e+00,7.698240224272012711e-03,7.105042934417724609e-01,-1.552328944206237793e+00,1.149569079279899597e-01,-1.918779872357845306e-02,2.046052694320678711e+00,-1.071977540850639343e-01,6.757957488298416138e-02,-1.626229047775268555e+00,-1.814220845699310303e-01,1.053828671574592590e-01,2.037076473236083984e+00,-7.496339082717895508e-02,-1.244098171591758728e-01
8.414811640977859497e-02,-1.298273950815200806e-01,2.417405545711517334e-01,2.802877426147460938e-01,-6.189895421266555786e-02,8.720223307609558105e-01,3.964648246765136719e-01,-7.416095584630966187e-02,7.850514054298400879e-01,9.932000041007995605e-01,-1.060158610343933105e+00,3.550368547439575195e-01,-5.275068879127502441e-01,9.932000041007995605e-01,1.272381305694580078e+00,2.823575586080551147e-02,6.641513109207153320e-01,-1.561290144920349121e+00,1.247396767139434814e-01,-1.669829711318016052e-02,2.056796073913574219e+00,-1.292917579412460327e-01,8.029999583959579468e-02,-1.638664841651916504e+00,-1.877625435590744019e-01,1.109911575913429260e-01,2.049150943756103516e+00,-1.029129996895790100e-01,-1.339438110589981079e-01
8.416198939085006714e-02,-1.298675537109375000e-01,2.428599745035171509e-01,2.717246115207672119e-01,-5.622522160410881042e-02,8.741726279258728027e-01,3.985306322574615479e-01,-7.083076238632202148e-02,7.866351604461669922e-01,9.932000041007995605e-01,-1.072095394134521484e+00,3.890921175479888916e-01,-5.090046525001525879e-01,9.932000041007995605e-01,1.286849975585937500e+00,5.018259584903717041e-02,6.191068291664123535e-01,-1.572804927825927734e+00,1.326983869075775146e-01,-1.524307020008563995e-02,2.066820383071899414e+00,-1.580918729305267334e-01,9.515232592821121216e-02,-1.653108835220336914e+00,-1.929387003183364868e-01,1.152794584631919861e-01,2.060417413711547852e+00,-1.337287575006484985e-01,-1.417415589094161987e-01
8.419319987297058105e-02,-1.293887346982955933e-01,2.424421906471252441e-01,2.625310719013214111e-01,-4.965332895517349243e-02,8.762495517730712891e-01,4.009971320629119873e-01,-7.033787667751312256e-02,7.880988717079162598e-01,9.932000041007995605e-01,-1.082108259201049805e+00,4.201874434947967529e-01,-5.001865029335021973e-01,9.932000041007995605e-01,1.297596573829650879e+00,7.752857357263565063e-02,5.842647552490234375e-01,-1.585637092590332031e+00,1.411192715167999268e-01,-1.421840209513902664e-02,2.076085090637207031e+00,-1.860639005899429321e-01,1.056591644883155823e-01,-1.670447826385498047e+00,-1.996494084596633911e-01,1.182346716523170471e-01,2.070829868316650391e+00,-1.686811149120330811e-01,-1.492662429809570312e-01
8.320886641740798950e-02,-1.280312240123748779e-01,2.443092465400695801e-01,2.505133748054504395e-01,-4.308926314115524292e-02,8.785048723220825195e-01,4.044941663742065430e-01,-7.018374651670455933e-02,7.894361019134521484e-01,9.932000041007995605e-01,-1.088967800140380859e+00,4.564398527145385742e-01,-4.898009598255157471e-01,9.932000041007995605e-01,1.296227812767028809e+00,1.101538687944412231e-01,5.402519106864929199e-01,-1.597852587699890137e+00,1.466701030731201172e-01,-1.501824706792831421e-02,2.084548950195312500e+00,-2.151937931776046753e-01,1.169354617595672607e-01,-1.686229586601257324e+00,-2.034893631935119629e-01,1.183451339602470398e-01,2.080342292785644531e+00,-2.058332264423370361e-01,-1.605881303548812866e-01
8.231694996356964111e-02,-1.269593089818954468e-01,2.490845173597335815e-01,2.402972728013992310e-01,-3.855353966355323792e-02,8.801915049552917480e-01,4.074723720550537109e-01,-6.625238060951232910e-02,7.906402349472045898e-01,9.932000041007995605e-01,-1.092586636543273926e+00,4.888439774513244629e-01,-4.910803735256195068e-01,9.932000041007995605e-01,1.295625090599060059e+00,1.436960846185684204e-01,5.098443031311035156e-01,-1.607104301452636719e+00,1.532971560955047607e-01,-1.629413664340972900e-02,2.092170715332031250e+00,-2.465137541294097900e-01,1.243553087115287781e-01,-1.696340918540954590e+00,-2.031474262475967407e-01,1.162828132510185242e-01,2.088908672332763672e+00,-2.411579936742782593e-01,-1.702151298522949219e-01
8.054839074611663818e-02,-1.251236796379089355e-01,2.547546029090881348e-01,2.269876003265380859e-01,-3.429447859525680542e-02,8.819090723991394043e-01,4.117485284805297852e-01,-6.283891946077346802e-02,7.917049527168273926e-01,9.932000041007995605e-01,-1.096055626869201660e+00,5.146728754043579102e-01,-4.931015670299530029e-01,9.932000041007995605e-01,1.297562837600708008e+00,1.756045520305633545e-01,4.942016899585723877e-01,-1.617444872856140137e+00,1.602658033370971680e-01,-2.095107175409793854e-02,2.098909616470336914e+00,-2.862012088298797607e-01,1.352107822895050049e-01,-1.707894563674926758e+00,-2.045245617628097534e-01,1.107460036873817444e-01,2.096482515335083008e+00,-2.822555899620056152e-01,-1.800454258918762207e-01
7.809083163738250732e-02,-1.222795695066452026e-01,2.613978683948516846e-01,2.116093486547470093e-01,-2.868807315826416016e-02,8.841344714164733887e-01,4.155775904655456543e-01,-5.950719490647315979e-02,7.926236391067504883e-01,9.932000041007995605e-01,-1.097085475921630859e+00,5.427722930908203125e-01,-4.937047660350799561e-01,9.932000041007995605e-01,1.298262119293212891e+00,2.082804888486862183e-01,4.830958843231201172e-01,-1.627526283264160156e+00,1.658851057291030884e-01,-2.409350499510765076e-02,2.104724407196044922e+00,-3.364212214946746826e-01,1.469517052173614502e-01,-1.719545722007751465e+00,-2.045364528894424438e-01,1.058446168899536133e-01,2.103017807006835938e+00,-3.313984274864196777e-01,-1.901794224977493286e-01
7.478725165128707886e-02,-1.185975223779678345e-01,2.687497437000274658e-01,1.969088613986968994e-01,-2.306261844933032990e-02,8.866566419601440430e-01,4.177738428115844727e-01,-4.779585078358650208e-02,7.933897972106933594e-01,9.932000041007995605e-01,-1.097238063812255859e+00,5.683084726333618164e-01,-4.884199500083923340e-01,9.932000041007995605e-01,1.299044013023376465e+00,2.347749918699264526e-01,4.711488783359527588e-01,-1.629138827323913574e+00,1.639101803302764893e-01,-2.341610379517078400e-02,2.109574079513549805e+00,-3.828147649765014648e-01,1.593572944402694702e-01,-1.722221732139587402e+00,-2.007997483015060425e-01,1.035621911287307739e-01,2.108468294143676758e+00,-3.809705376625061035e-01,-1.990934312343597412e-01
7.140579074621200562e-02,-1.148342117667198181e-01,2.755058705806732178e-01,1.841083914041519165e-01,-1.733489707112312317e-02,8.884018063545227051e-01,4.201736450195312500e-01,-2.883869037032127380e-02,7.939970493316650391e-01,9.932000041007995605e-01,-1.098994970321655273e+00,5.850653648376464844e-01,-4.800551235675811768e-01,9.932000041007995605e-01,1.303399682044982910e+00,2.484505325555801392e-01,4.657979309558868408e-01,-1.625503897666931152e+00,1.624993979930877686e-01,-2.136605605483055115e-02,2.113417625427246094e+00,-4.304532408714294434e-01,1.747689545154571533e-01,-1.722744703292846680e+00,-1.979592293500900269e-01,1.027776822447776794e-01,2.112787961959838867e+00,-4.285532832145690918e-01,-2.031805664300918579e-01
6.827711313962936401e-02,-1.119764223694801331e-01,2.807542979717254639e-01,1.750108003616333008e-01,-1.303779985755681992e-02,8.897555470466613770e-01,4.213505089282989502e-01,-1.538258418440818787e-02,7.944387793540954590e-01,9.932000041007995605e-01,-1.099936962127685547e+00,6.037313938140869141e-01,-4.695582389831542969e-01,9.932000041007995605e-01,1.302400708198547363e+00,2.685655951499938965e-01,4.613589048385620117e-01,-1.618538141250610352e+00,1.571209877729415894e-01,-1.501293666660785675e-02,2.116213798522949219e+00,-4.667791426181793213e-01,1.860015392303466797e-01,-1.719310402870178223e+00,-1.952984631061553955e-01,1.048646792769432068e-01,2.115930557250976562e+00,-4.623813033103942871e-01,-2.049527466297149658e-01
6.528145074844360352e-02,-1.085649430751800537e-01,2.859735190868377686e-01,1.665697395801544189e-01,-8.620570413768291473e-03,8.910555839538574219e-01,4.221375882625579834e-01,-1.089259702712297440e-02,7.947086095809936523e-01,9.932000041007995605e-01,-1.107689619064331055e+00,6.123235821723937988e-01,-4.490496218204498291e-01,9.932000041007995605e-01,1.307902097702026367e+00,2.868528068065643311e-01,4.521008729934692383e-01,-1.609592318534851074e+00,1.541931480169296265e-01,-7.753986865282058716e-03,2.117921590805053711e+00,-5.037494301795959473e-01,1.971042305231094360e-01,-1.713285803794860840e+00,-1.927909106016159058e-01,1.040681228041648865e-01,2.117849826812744141e+00,-4.996502697467803955e-01,-2.079906910657882690e-01
6.137423589825630188e-02,-1.047166958451271057e-01,2.912679314613342285e-01,1.591318100690841675e-01,-4.998401273041963577e-03,8.922618031501770020e-01,4.225174486637115479e-01,-4.794362466782331467e-03,7.947999835014343262e-01,9.932000041007995605e-01,-1.113789200782775879e+00,6.215007305145263672e-01,-4.307568371295928955e-01,9.932000041007995605e-01,1.310307264328002930e+00,3.045659959316253662e-01,4.446596205234527588e-01,-1.593697190284729004e+00,1.506150960922241211e-01,6.523305783048272133e-04,2.118499994277954102e+00,-5.405691862106323242e-01,2.044814378023147583e-01,-1.699932336807250977e+00,-1.910521239042282104e-01,1.066866740584373474e-01,2.118499994277954102e+00,-5.358867049217224121e-01,-2.052596509456634521e-01
5.750092118978500366e-02,-1.011316329240798950e-01,2.959326803684234619e-01,1.527646183967590332e-01,-2.549020573496818542e-03,8.933594822883605957e-01,4.225698411464691162e-01,-3.475466510280966759e-04,7.947999835014343262e-01,9.932000041007995605e-01,-1.117645740509033203e+00,6.287158727645874023e-01,-4.170136153697967529e-01,9.932000041007995605e-01,1.312503337860107422e+00,3.237608671188354492e-01,4.373341202735900879e-01,-1.576726913452148438e+00,1.485975831747055054e-01,8.242407813668251038e-03,2.118499994277954102e+00,-5.770750045776367188e-01,2.100616991519927979e-01,-1.684120535850524902e+00,-1.886048763990402222e-01,1.080777719616889954e-01,2.118499994277954102e+00,-5.701315999031066895e-01,-2.006832361221313477e-01
5.368893221020698547e-02,-9.709650278091430664e-02,3.005084395408630371e-01,1.471198946237564087e-01,4.528825811576098204e-04,8.944132924079895020e-01,4.223510026931762695e-01,1.012880820780992508e-03,7.947999835014343262e-01,9.921883940696716309e-01,-1.120113492012023926e+00,6.338145136833190918e-01,-4.035353064537048340e-01,9.932000041007995605e-01,1.314953804016113281e+00,3.403971493244171143e-01,4.293177425861358643e-01,-1.557503581047058105e+00,1.469130516052246094e-01,1.595749333500862122e-02,2.118499994277954102e+00,-6.072896122932434082e-01,2.139136493206024170e-01,-1.665679931640625000e+00,-1.863594651222229004e-01,1.098523959517478943e-01,2.118499994277954102e+00,-6.001163721084594727e-01,-1.980234384536743164e-01
4.949199780821800232e-02,-9.355477243661880493e-02,3.046477437019348145e-01,1.416555792093276978e-01,2.483728807419538498e-03,8.958430290222167969e-01,4.211801886558532715e-01,1.680330140516161919e-03,7.947999835014343262e-01,9.826917648315429688e-01,-1.118000030517578125e+00,6.387205719947814941e-01,-3.970123827457427979e-01,9.932000041007995605e-01,1.313805937767028809e+00,3.575284481048583984e-01,4.252811074256896973e-01,-1.538848638534545898e+00,1.463493555784225464e-01,2.546020038425922394e-02,2.118499994277954102e+00,-6.385117769241333008e-01,2.154301106929779053e-01,-1.646143198013305664e+00,-1.868946105241775513e-01,1.131059229373931885e-01,2.118499994277954102e+00,-6.281024217605590820e-01,-1.929671913385391235e-01
4.500184953212738037e-02,-8.925715088844299316e-02,3.087512552738189697e-01,1.342740803956985474e-01,6.102571729570627213e-03,8.969824910163879395e-01,4.211362004280090332e-01,-2.201479393988847733e-03,7.947999835014343262e-01,9.772673845291137695e-01,-1.119038105010986328e+00,6.458066701889038086e-01,-3.969574272632598877e-01,9.932000041007995605e-01,1.311306357383728027e+00,3.761395215988159180e-01,4.347480237483978271e-01,-1.521862387657165527e+00,1.434519886970520020e-01,3.320509940385818481e-02,2.118499994277954102e+00,-6.683802604675292969e-01,2.182600349187850952e-01,-1.630276203155517578e+00,-1.849606484174728394e-01,1.163040772080421448e-01,2.118499994277954102e+00,-6.550419926643371582e-01,-1.860532313585281372e-01
4.130819812417030334e-02,-8.520213514566421509e-02,3.115916550159454346e-01,1.297954916954040527e-01,8.955332450568675995e-03,8.979843258857727051e-01,4.203535020351409912e-01,-1.559303142130374908e-03,7.947999835014343262e-01,9.691258072853088379e-01,-1.114765882492065430e+00,6.462291479110717773e-01,-3.955062329769134521e-01,9.932000041007995605e-01,1.309798479080200195e+00,3.882406055927276611e-01,4.353649616241455078e-01,-1.502398371696472168e+00,1.427773982286453247e-01,3.975002840161323547e-02,2.118499994277954102e+00,-6.841645836830139160e-01,2.164021432399749756e-01,-1.610887646675109863e+00,-1.848607361316680908e-01,1.189723983407020569e-01,2.118499994277954102e+00,-6.666008234024047852e-01,-1.786688715219497681e-01
3.694796562194824219e-02,-8.129392564296722412e-02,3.144188225269317627e-01,1.231025233864784241e-01,1.097767427563667297e-02,8.995704054832458496e-01,4.189252555370330811e-01,1.010832143947482109e-03,7.947999835014343262e-01,9.607141613960266113e-01,-1.110716104507446289e+00,6.481490135192871094e-01,-3.952608108520507812e-01,9.932000041007995605e-01,1.308464407920837402e+00,4.017250537872314453e-01,4.336996972560882568e-01,-1.487051606178283691e+00,1.408422738313674927e-01,4.555653408169746399e-02,2.118499994277954102e+00,-7.087100744247436523e-01,2.150367349386215210e-01,-1.592938899993896484e+00,-1.863567978143692017e-01,1.201621741056442261e-01,2.118499994277954102e+00,-6.835669875144958496e-01,-1.714986264705657959e-01
3.344917297363281250e-02,-7.820006459951400757e-02,3.161684572696685791e-01,1.204862445592880249e-01,1.111724134534597397e-02,9.007259607315063477e-01,4.171956479549407959e-01,3.560382174327969551e-03,7.947999835014343262e-01,9.546234011650085449e-01,-1.103636384010314941e+00,6.424465775489807129e-01,-4.004417955875396729e-01,9.932000041007995605e-01,1.304353594779968262e+00,4.029657840728759766e-01,4.346507489681243896e-01,-1.467557549476623535e+00,1.427939236164093018e-01,5.056012421846389771e-02,2.118499994277954102e+00,-7.199839949607849121e-01,2.100549340248107910e-01,-1.570261001586914062e+00,-1.939007043838500977e-01,1.202457100152969360e-01,2.118499994277954102e+00,-6.922288537025451660e-01,-1.644542515277862549e-01
2.976138889789581299e-02,-7.532762736082077026e-02,3.179906904697418213e-01,1.175698861479759216e-01,1.103976834565401077e-02,9.024295806884765625e-01,4.143384099006652832e-01,3.375025233253836632e-03,7.947999835014343262e-01,9.493408203125000000e-01,-1.098802208900451660e+00,6.374205946922302246e-01,-4.025910794734954834e-01,9.932000041007995605e-01,1.300018429756164551e+00,4.105971455574035645e-01,4.315022528171539307e-01,-1.449805498123168945e+00,1.424466967582702637e-01,5.608719214797019958e-02,2.118499994277954102e+00,-7.343873977661132812e-01,2.037738859653472900e-01,-1.547465205192565918e+00,-1.974171102046966553e-01,1.217517107725143433e-01,2.118499994277954102e+00,-7.032769918441772461e-01,-1.597098559141159058e-01
2.586555853486061096e-02,-7.100377976894378662e-02,3.191407918930053711e-01,1.156551614403724670e-01,1.062422059476375580e-02,9.040265679359436035e-01,4.113963544368743896e-01,6.034222431480884552e-03,7.947999835014343262e-01,9.451749920845031738e-01,-1.094725608825683594e+00,6.288854479789733887e-01,-3.979377746582031250e-01,9.932000041007995605e-01,1.295483350753784180e+00,4.186454713344573975e-01,4.260084033012390137e-01,-1.424776554107666016e+00,1.403292417526245117e-01,5.686046183109283447e-02,2.118499994277954102e+00,-7.418659329414367676e-01,1.958634406328201294e-01,-1.516180872917175293e+00,-2.035729289054870605e-01,1.198419779539108276e-01,2.118499994277954102e+00,-7.044458985328674316e-01,-1.525783240795135498e-01
2.222523279488086700e-02,-6.780742853879928589e-02,3.196810185909271240e-01,1.121285781264305115e-01,9.645571000874042511e-03,9.057994484901428223e-01,4.084868133068084717e-01,5.491071846336126328e-03,7.947999835014343262e-01,9.336019754409790039e-01,-1.088605046272277832e+00,6.273622512817382812e-01,-3.945869803428649902e-01,9.932000041007995605e-01,1.284126520156860352e+00,4.210115969181060791e-01,4.219495654106140137e-01,-1.408813238143920898e+00,1.382790356874465942e-01,5.761676281690597534e-02,2.118499994277954102e+00,-7.503012418746948242e-01,1.938839256763458252e-01,-1.493379473686218262e+00,-2.062259465456008911e-01,1.168788149952888489e-01,2.118499994277954102e+00,-7.052063941955566406e-01,-1.459180116653442383e-01
1.899432390928268433e-02,-6.446836143732070923e-02,3.200945854187011719e-01,1.087362319231033325e-01,9.477453306317329407e-03,9.076731204986572266e-01,4.052358567714691162e-01,6.572454236447811127e-03,7.947999835014343262e-01,9.186589717864990234e-01,-1.082910895347595215e+00,6.198630928993225098e-01,-3.939848542213439941e-01,9.932000041007995605e-01,1.268513202667236328e+00,4.245115220546722412e-01,4.219368100166320801e-01,-1.395366549491882324e+00,1.351224631071090698e-01,5.786781385540962219e-02,2.118499994277954102e+00,-7.548348903656005859e-01,1.895985007286071777e-01,-1.471635580062866211e+00,-2.104413509368896484e-01,1.132760047912597656e-01,2.118499994277954102e+00,-7.059476375579833984e-01,-1.397606283426284790e-01
1.577266491949558258e-02,-6.178284063935279846e-02,3.198015987873077393e-01,1.063992083072662354e-01,8.524958044290542603e-03,9.089444279670715332e-01,4.030217230319976807e-01,9.110877290368080139e-03,7.947999835014343262e-01,9.061005711555480957e-01,-1.080351591110229492e+00,6.196875572204589844e-01,-3.934823572635650635e-01,9.932000041007995605e-01,1.247795820236206055e+00,4.316142201423645020e-01,4.232520461082458496e-01,-1.380503058433532715e+00,1.310728341341018677e-01,5.886352434754371643e-02,2.118499994277954102e+00,-7.532920837402343750e-01,1.874331384897232056e-01,-1.450885534286499023e+00,-2.170795798301696777e-01,1.102369502186775208e-01,2.118499994277954102e+00,-7.006863951683044434e-01,-1.314384043216705322e-01
1.342123281210660934e-02,-6.009193509817123413e-02,3.193072974681854248e-01,1.054169386625289917e-01,7.333798334002494812e-03,9.102956652641296387e-01,4.002440869808197021e-01,9.045487269759178162e-03,7.947999835014343262e-01,8.937671184539794922e-01,-1.079276323318481445e+00,6.190399527549743652e-01,-3.929648399353027344e-01,9.932000041007995605e-01,1.228912353515625000e+00,4.389452338218688965e-01,4.298444092273712158e-01,-1.369179964065551758e+00,1.296894997358322144e-01,6.159048154950141907e-02,2.118499994277954102e+00,-7.518928050994873047e-01,1.823313832283020020e-01,-1.432439327239990234e+00,-2.215684652328491211e-01,1.074171364307403564e-01,2.118499994277954102e+00,-6.954477429389953613e-01,-1.235427111387252808e-01
1.110113039612770081e-02,-5.829143524169921875e-02,3.188095688819885254e-01,1.042548120021820068e-01,5.818625912070274353e-03,9.115091562271118164e-01,3.978041112422943115e-01,7.273070048540830612e-03,7.947999835014343262e-01,8.865867257118225098e-01,-1.080775141716003418e+00,6.173663139343261719e-01,-3.916974961757659912e-01,9.932000041007995605e-01,1.215936779975891113e+00,4.483879208564758301e-01,4.395872652530670166e-01,-1.357417225837707520e+00,1.258313804864883423e-01,6.264834105968475342e-02,2.118499994277954102e+00,-7.515668272972106934e-01,1.820855736732482910e-01,-1.413535118103027344e+00,-2.249034345149993896e-01,1.029713749885559082e-01,2.118499994277954102e+00,-6.918645501136779785e-01,-1.176914870738983154e-01
7.979775778949260712e-03,-5.630801245570182800e-02,3.182150423526763916e-01,1.012902930378913879e-01,3.773994976654648781e-03,9.132355451583862305e-01,3.946223855018615723e-01,5.096360109746456146e-03,7.947999835014343262e-01,8.775357007980346680e-01,-1.083228826522827148e+00,6.123394966125488281e-01,-3.888826966285705566e-01,9.932000041007995605e-01,1.207017540931701660e+00,4.575574696063995361e-01,4.459192454814910889e-01,-1.346179604530334473e+00,1.263855993747711182e-01,6.341482698917388916e-02,2.118499994277954102e+00,-7.537961006164550781e-01,1.797241121530532837e-01,-1.392979264259338379e+00,-2.289727181196212769e-01,9.711239486932754517e-02,2.118499994277954102e+00,-6.889609694480895996e-01,-1.142842024564743042e-01
4.298096988350152969e-03,-5.378867313265800476e-02,3.177338838577270508e-01,9.484643489122390747e-02,4.204946104437112808e-03,9.145173430442810059e-01,3.932486772537231445e-01,3.333800937980413437e-03,7.947999835014343262e-01,8.651234507560729980e-01,-1.088755011558532715e+00,6.005052328109741211e-01,-3.827484548091888428e-01,9.782468676567077637e-01,1.203141808509826660e+00,4.715865850448608398e-01,4.527094364166259766e-01,-1.339124917984008789e+00,1.271865516901016235e-01,6.711656600236892700e-02,2.118499994277954102e+00,-7.544902563095092773e-01,1.811578720808029175e-01,-1.380358815193176270e+00,-2.321263551712036133e-01,9.215137362480163574e-02,2.118499994277954102e+00,-6.883810758590698242e-01,-1.063516438007354736e-01
8.683221531100571156e-04,-5.173678696155548096e-02,3.175828158855438232e-01,8.287494629621505737e-02,6.294959224760532379e-03,9.166359305381774902e-01,3.909868299961090088e-01,3.374813590198755264e-03,7.729223966598510742e-01,8.387000560760498047e-01,-1.095459103584289551e+00,5.948216915130615234e-01,-3.854987323284149170e-01,9.446952342987060547e-01,1.197467088699340820e+00,4.754714965820312500e-01,4.692931175231933594e-01,-1.348261713981628418e+00,1.341421902179718018e-01,7.214433699846267700e-02,2.118499994277954102e+00,-7.606418728828430176e-01,1.834032088518142700e-01,-1.382387280464172363e+00,-2.352609038352966309e-01,8.514875173568725586e-02,2.118499994277954102e+00,-6.938509941101074219e-01,-1.016664355993270874e-01
-2.894493518397212029e-03,-4.980286955833435059e-02,3.165672719478607178e-01,6.889475136995315552e-02,8.964483626186847687e-03,9.187337756156921387e-01,3.887176811695098877e-01,2.233697334304451942e-03,7.223788499832153320e-01,8.108770847320556641e-01,-1.103112101554870605e+00,5.848613977432250977e-01,-3.827791213989257812e-01,9.045699834823608398e-01,1.194365739822387695e+00,4.822765886783599854e-01,4.782904088497161865e-01,-1.359479069709777832e+00,1.430601626634597778e-01,7.982534915208816528e-02,2.118499994277954102e+00,-7.607917785644531250e-01,1.826148480176925659e-01,-1.388628363609313965e+00,-2.376997619867324829e-01,7.833697646856307983e-02,2.118499994277954102e+00,-6.879240274429321289e-01,-9.613028168678283691e-02
-4.806697368621826172e-03,-4.789886996150016785e-02,3.155706226825714111e-01,5.695091187953948975e-02,1.239927206188440323e-02,9.206661581993103027e-01,3.859749734401702881e-01,4.427107516676187515e-03,6.648635268211364746e-01,7.879854440689086914e-01,-1.109934210777282715e+00,5.780916810035705566e-01,-3.861098289489746094e-01,8.696951270103454590e-01,1.189480781555175781e+00,4.830971956253051758e-01,4.950127303600311279e-01,-1.370832324028015137e+00,1.477646082639694214e-01,8.534765988588333130e-02,2.118499994277954102e+00,-7.553575038909912109e-01,1.829772293567657471e-01,-1.395182967185974121e+00,-2.381056696176528931e-01,6.892453879117965698e-02,2.118499994277954102e+00,-6.820722222328186035e-01,-9.152802079916000366e-02
-7.341536693274974823e-03,-4.491861164569854736e-02,3.159128129482269287e-01,4.482111707329750061e-02,2.122540771961212158e-02,9.225277900695800781e-01,3.827310204505920410e-01,4.159142728894948959e-03,6.085610389709472656e-01,7.634328603744506836e-01,-1.120598077774047852e+00,5.713177323341369629e-01,-3.921765685081481934e-01,8.371271491050720215e-01,1.176240801811218262e+00,4.792160093784332275e-01,5.165418386459350586e-01,-1.356150507926940918e+00,1.473224908113479614e-01,1.056261956691741943e-01,2.118499994277954102e+00,-7.500312328338623047e-01,1.782816499471664429e-01,-1.400883555412292480e+00,-2.390583753585815430e-01,6.990265846252441406e-02,2.118499994277954102e+00,-6.855604648590087891e-01,-9.029724448919296265e-02
-9.402503259479999542e-03,-4.405998811125755310e-02,3.225241601467132568e-01,2.970805205404758453e-02,2.598298341035842896e-02,9.237602949142456055e-01,3.809321224689483643e-01,9.348432533442974091e-03,5.557469129562377930e-01,7.373707890510559082e-01,-1.132372975349426270e+00,5.622728466987609863e-01,-3.890887796878814697e-01,7.999256849288940430e-01,1.173569083213806152e+00,4.742251038551330566e-01,5.302826762199401855e-01,-1.314890146255493164e+00,1.440370231866836548e-01,1.255444735288619995e-01,2.118499994277954102e+00,-7.323619723320007324e-01,1.815710663795471191e-01,-1.361986517906188965e+00,-2.418586015701293945e-01,5.148234963417053223e-02,2.118499994277954102e+00,-6.698159575462341309e-01,-9.076894819736480713e-02
-1.119743287563323975e-02,-4.379665479063987732e-02,3.361626565456390381e-01,1.698922738432884216e-02,2.974206581711769104e-02,9.252459406852722168e-01,3.778183758258819580e-01,1.560956705361604691e-02,4.990026354789733887e-01,7.059739828109741211e-01,-1.143284916877746582e+00,5.434135794639587402e-01,-3.914700150489807129e-01,7.577689290046691895e-01,1.168345212936401367e+00,4.681273698806762695e-01,5.473389625549316406e-01,-1.266494512557983398e+00,1.318023502826690674e-01,1.448658108711242676e-01,2.039767742156982422e+00,-7.032924890518188477e-01,1.825754940509796143e-01,-1.312772512435913086e+00,-2.442350983619689941e-01,3.272709622979164124e-02,2.078202009201049805e+00,-6.404879093170166016e-01,-9.046543389558792114e-02
-1.339137461036443710e-02,-4.215778037905693054e-02,3.531103134155273438e-01,6.760474760085344315e-03,3.350951895117759705e-02,9.265518188476562500e-01,3.746106326580047607e-01,1.427423954010009766e-02,4.465435147285461426e-01,6.749030351638793945e-01,-1.157106995582580566e+00,5.240409970283508301e-01,-3.878762423992156982e-01,7.161507010459899902e-01,1.165417194366455078e+00,4.620569944381713867e-01,5.611274838447570801e-01,-1.211272716522216797e+00,1.176429316401481628e-01,1.614611595869064331e-01,1.952239751815795898e+00,-6.679921150207519531e-01,1.805016696453094482e-01,-1.254976630210876465e+00,-2.459641993045806885e-01,1.289223320782184601e-02,1.993645310401916504e+00,-6.161044836044311523e-01,-9.450301527976989746e-02
-1.436264067888259888e-02,-4.263634234666824341e-02,3.692990839481353760e-01,3.671276383101940155e-03,3.398188576102256775e-02,9.275365471839904785e-01,3.721663057804107666e-01,2.010368928313255310e-02,4.045535922050476074e-01,6.432275176048278809e-01,-1.173046708106994629e+00,5.069187879562377930e-01,-3.747036159038543701e-01,6.754481792449951172e-01,1.169200181961059570e+00,4.496602118015289307e-01,5.559132695198059082e-01,-1.151484727859497070e+00,9.985550493001937866e-02,1.747401207685470581e-01,1.864198803901672363e+00,-6.298999786376953125e-01,1.773644834756851196e-01,-1.193710327148437500e+00,-2.481330484151840210e-01,-4.427899140864610672e-03,1.912375211715698242e+00,-5.767565369606018066e-01,-9.205529838800430298e-02
-1.633894070982933044e-02,-4.258942231535911560e-02,3.844677209854125977e-01,-1.980303204618394375e-05,3.390438109636306763e-02,9.287059307098388672e-01,3.692638874053955078e-01,2.462896704673767090e-02,3.638964295387268066e-01,6.039150953292846680e-01,-1.186947226524353027e+00,4.933723807334899902e-01,-3.567653894424438477e-01,6.341140270233154297e-01,1.173965811729431152e+00,4.376706779003143311e-01,5.466123223304748535e-01,-1.092338323593139648e+00,8.208266645669937134e-02,1.841124296188354492e-01,1.774231433868408203e+00,-5.986224412918090820e-01,1.743497848510742188e-01,-1.130004286766052246e+00,-2.488443851470947266e-01,-2.314038760960102081e-02,1.830060243606567383e+00,-5.470867753028869629e-01,-8.914186805486679077e-02
-1.675349660217761993e-02,-4.271015524864196777e-02,3.982976675033569336e-01,-7.631212356500327587e-04,3.377090394496917725e-02,9.293364286422729492e-01,3.676856458187103271e-01,3.020582348108291626e-02,3.322036564350128174e-01,5.657458305358886719e-01,-1.201017975807189941e+00,4.834086894989013672e-01,-3.416363298892974854e-01,5.971753001213073730e-01,1.178628206253051758e+00,4.290644824504852295e-01,5.443461537361145020e-01,-1.032169580459594727e+00,6.455782055854797363e-02,1.895781457424163818e-01,1.682051777839660645e+00,-5.693086981773376465e-01,1.725362390279769897e-01,-1.066247820854187012e+00,-2.471959143877029419e-01,-4.229691997170448303e-02,1.745513796806335449e+00,-5.263381004333496094e-01,-8.879122883081436157e-02
-1.703208312392234802e-02,-4.403312504291534424e-02,4.112168252468109131e-01,-4.521491064224392176e-04,3.057849034667015076e-02,9.300997853279113770e-01,3.660315573215484619e-01,3.638377040624618530e-02,3.072294890880584717e-01,5.278015732765197754e-01,-1.216019272804260254e+00,4.801680743694305420e-01,-3.254724740982055664e-01,5.595382452011108398e-01,1.184084534645080566e+00,4.259476363658905029e-01,5.359844565391540527e-01,-9.743585586547851562e-01,4.368133097887039185e-02,1.864023208618164062e-01,1.591358184814453125e+00,-5.436787605285644531e-01,1.718489825725555420e-01,-1.001604437828063965e+00,-2.433759719133377075e-01,-6.407853215932846069e-02,1.660720348358154297e+00,-5.000746846199035645e-01,-8.352851867675781250e-02
-1.663178950548171997e-02,-4.433497786521911621e-02,4.238642752170562744e-01,1.853366266004741192e-03,2.771998755633831024e-02,9.315998554229736328e-01,3.624222278594970703e-01,3.027469664812088013e-02,2.853557765483856201e-01,4.909176528453826904e-01,-1.232401728630065918e+00,4.697717428207397461e-01,-3.140633106231689453e-01,5.201687216758728027e-01,1.191740632057189941e+00,4.210314154624938965e-01,5.218662619590759277e-01,-9.075208306312561035e-01,2.810205519199371338e-02,1.828460544347763062e-01,1.491170167922973633e+00,-5.298082232475280762e-01,1.677925586700439453e-01,-9.271220564842224121e-01,-2.367097139358520508e-01,-8.715765178203582764e-02,1.565842986106872559e+00,-4.892056584358215332e-01,-8.580001443624496460e-02
-1.579180173575878143e-02,-4.561461508274078369e-02,4.361574053764343262e-01,3.768192138522863388e-03,2.468048594892024994e-02,9.328929185867309570e-01,3.592875301837921143e-01,2.459670230746269226e-02,2.617243230342864990e-01,4.528107345104217529e-01,-1.245834112167358398e+00,4.589800238609313965e-01,-3.094202876091003418e-01,4.826471209526062012e-01,1.202036023139953613e+00,4.106716811656951904e-01,5.112157464027404785e-01,-8.405790328979492188e-01,1.592180132865905762e-02,1.807613968849182129e-01,1.383344292640686035e+00,-5.172132849693298340e-01,1.632789820432662964e-01,-8.538740277290344238e-01,-2.276522964239120483e-01,-1.091165095567703247e-01,1.462352991104125977e+00,-4.783514440059661865e-01,-8.747740089893341064e-02
-1.542333513498306274e-02,-4.602234810590744019e-02,4.486162364482879639e-01,7.761938963085412979e-03,2.117783948779106140e-02,9.342299103736877441e-01,3.559574782848358154e-01,2.410462684929370880e-02,2.459214478731155396e-01,4.165012240409851074e-01,-1.256043553352355957e+00,4.495580494403839111e-01,-3.062101602554321289e-01,4.506219327449798584e-01,1.212094902992248535e+00,4.023093581199645996e-01,4.993707239627838135e-01,-7.648975849151611328e-01,3.959883470088243484e-04,1.730903238058090210e-01,1.270892381668090820e+00,-4.934313595294952393e-01,1.563910245895385742e-01,-7.743163108825683594e-01,-2.176979035139083862e-01,-1.306760758161544800e-01,1.357485055923461914e+00,-4.586585760116577148e-01,-8.611260354518890381e-02
-1.601319760084152222e-02,-4.680020362138748169e-02,4.601382911205291748e-01,8.886821568012237549e-03,1.860622502863407135e-02,9.346372485160827637e-01,3.550043702125549316e-01,2.582808397710323334e-02,2.246594727039337158e-01,3.806435465812683105e-01,-1.268387556076049805e+00,4.451760053634643555e-01,-3.086352348327636719e-01,4.153850972652435303e-01,1.218989133834838867e+00,3.997889757156372070e-01,4.953102767467498779e-01,-6.910760998725891113e-01,-1.615339890122413635e-02,1.645337939262390137e-01,1.151032209396362305e+00,-4.812377095222473145e-01,1.529820561408996582e-01,-6.976886391639709473e-01,-2.025269716978073120e-01,-1.466500163078308105e-01,1.240771532058715820e+00,-4.470525383949279785e-01,-8.417504280805587769e-02
-1.690263301134109497e-02,-4.675361886620521545e-02,4.707595109939575195e-01,8.981404826045036316e-03,1.557527389377355576e-02,9.353106617927551270e-01,3.533704280853271484e-01,2.648764289915561676e-02,2.055965214967727661e-01,3.429631888866424561e-01,-1.274090647697448730e+00,4.409267604351043701e-01,-3.167815804481506348e-01,3.810016214847564697e-01,1.224337458610534668e+00,3.953302204608917236e-01,4.897405207157135010e-01,-6.205543875694274902e-01,-2.819377928972244263e-02,1.524447798728942871e-01,1.036386966705322266e+00,-4.577337503433227539e-01,1.464104205369949341e-01,-6.231061816215515137e-01,-1.866109371185302734e-01,-1.650131940841674805e-01,1.125470876693725586e+00,-4.286603927612304688e-01,-8.008164912462234497e-02
-1.656735315918922424e-02,-4.570014774799346924e-02,4.816011786460876465e-01,8.938123472034931183e-03,1.350250653922557831e-02,9.356491565704345703e-01,3.525598943233489990e-01,2.578310482203960419e-02,1.958104223012924194e-01,3.037886917591094971e-01,-1.278606414794921875e+00,4.372232258319854736e-01,-3.249593377113342285e-01,3.456970155239105225e-01,1.231080532073974609e+00,3.883989155292510986e-01,4.805155396461486816e-01,-5.509533286094665527e-01,-3.489774465560913086e-02,1.405019164085388184e-01,9.203354120254516602e-01,-4.235752224922180176e-01,1.350130289793014526e-01,-5.487596988677978516e-01,-1.695790737867355347e-01,-1.868086308240890503e-01,1.004834413528442383e+00,-4.090109169483184814e-01,-7.376869022846221924e-02
-1.766619645059108734e-02,-4.427345842123031616e-02,4.923856556415557861e-01,8.256318047642707825e-03,1.112382672727108002e-02,9.355728626251220703e-01,3.528618216514587402e-01,3.121610917150974274e-02,1.838106215000152588e-01,2.693166732788085938e-01,-1.279975056648254395e+00,4.305239021778106689e-01,-3.355632126331329346e-01,3.140752017498016357e-01,1.234690546989440918e+00,3.852827548980712891e-01,4.709343016147613525e-01,-4.806257188320159912e-01,-3.960321098566055298e-02,1.304425001144409180e-01,8.072821497917175293e-01,-3.872921764850616455e-01,1.238965839147567749e-01,-4.751555025577545166e-01,-1.499000340700149536e-01,-2.042455077171325684e-01,8.866300582885742188e-01,-3.804931640625000000e-01,-6.052873283624649048e-02
-1.682180911302566528e-02,-4.269176349043846130e-02,5.006269812583923340e-01,9.164298884570598602e-03,8.836861699819564819e-03,9.354711174964904785e-01,3.531737327575683594e-01,2.861119806766510010e-02,1.800377815961837769e-01,2.357929050922393799e-01,-1.283326387405395508e+00,4.215229749679565430e-01,-3.486309051513671875e-01,2.879122793674468994e-01,1.240570306777954102e+00,3.795534074306488037e-01,4.652586877346038818e-01,-4.133977591991424561e-01,-3.951014950871467590e-02,1.222994178533554077e-01,7.001766562461853027e-01,-3.391197621822357178e-01,1.077907681465148926e-01,-4.049794375896453857e-01,-1.289435178041458130e-01,-2.215275019407272339e-01,7.724032402038574219e-01,-3.432849347591400146e-01,-4.797616600990295410e-02
-1.700031012296676636e-02,-4.181322827935218811e-02,5.082399249076843262e-01,8.922508917748928070e-03,5.317732226103544235e-03,9.351015686988830566e-01,3.542275130748748779e-01,2.438870444893836975e-02,1.721763461828231812e-01,2.031945586204528809e-01,-1.286672711372375488e+00,4.211198091506958008e-01,-3.563514649868011475e-01,2.604705095291137695e-01,1.249582767486572266e+00,3.772109746932983398e-01,4.541737437248229980e-01,-3.459007740020751953e-01,-3.721300140023231506e-02,1.181524768471717834e-01,5.913498401641845703e-01,-2.930710613727569580e-01,9.667327255010604858e-02,-3.309347033500671387e-01,-1.020884811878204346e-01,-2.344197332859039307e-01,6.485794782638549805e-01,-3.043806850910186768e-01,-3.696113079786300659e-02
-1.547802519053220749e-02,-4.079187661409378052e-02,5.132807493209838867e-01,9.616320952773094177e-03,3.323299577459692955e-03,9.346761703491210938e-01,3.553546071052551270e-01,1.992479525506496429e-02,1.662282943725585938e-01,1.729582399129867554e-01,-1.290504932403564453e+00,4.225507974624633789e-01,-3.652873337268829346e-01,2.341927886009216309e-01,1.255972623825073242e+00,3.775578141212463379e-01,4.502330720424652100e-01,-2.853921353816986084e-01,-3.473956882953643799e-02,1.169259846210479736e-01,4.924394190311431885e-01,-2.414286434650421143e-01,8.234750479459762573e-02,-2.644286453723907471e-01,-7.535061985254287720e-02,-2.418626844882965088e-01,5.327524542808532715e-01,-2.614677846431732178e-01,-2.348591387271881104e-02
-1.468108128756284714e-02,-4.005719348788261414e-02,5.174862742424011230e-01,1.130763161927461624e-02,1.177445403300225735e-03,9.341895580291748047e-01,3.565958738327026367e-01,1.266312319785356522e-02,1.615755856037139893e-01,1.388476043939590454e-01,-1.295511007308959961e+00,4.306754171848297119e-01,-3.703343570232391357e-01,2.059971690177917480e-01,1.263324379920959473e+00,3.829013109207153320e-01,4.443371891975402832e-01,-2.202793508768081665e-01,-3.463146835565567017e-02,1.186107620596885681e-01,3.906614482402801514e-01,-1.923945099115371704e-01,7.018411904573440552e-02,-1.939711123704910278e-01,-5.014624446630477905e-02,-2.474650889635086060e-01,4.148624241352081299e-01,-2.156443446874618530e-01,-9.543257765471935272e-03
-1.387950219213962555e-02,-4.052925482392311096e-02,5.223842859268188477e-01,1.301751006394624710e-02,-1.332653453573584557e-03,9.334687590599060059e-01,3.584199249744415283e-01,3.238130360841751099e-03,1.571373343467712402e-01,1.076202616095542908e-01,-1.303135514259338379e+00,4.378398060798645020e-01,-3.757196962833404541e-01,1.796644181013107300e-01,1.272109031677246094e+00,3.881940245628356934e-01,4.429021179676055908e-01,-1.527151763439178467e-01,-3.679148852825164795e-02,1.222926229238510132e-01,2.820107042789459229e-01,-1.485610157251358032e-01,5.872363969683647156e-02,-1.216465979814529419e-01,-2.397811971604824066e-02,-2.459831684827804565e-01,2.888142764568328857e-01,-1.640032976865768433e-01,6.975602824240922928e-03
-1.116538606584072113e-02,-4.270857945084571838e-02,5.253761410713195801e-01,1.752393692731857300e-02,-3.557110438123345375e-03,9.314668774604797363e-01,3.633865118026733398e-01,1.008276012726128101e-03,1.477842181921005249e-01,7.647970318794250488e-02,-1.312552213668823242e+00,4.407789409160614014e-01,-3.737150430679321289e-01,1.472521126270294189e-01,1.282183170318603516e+00,3.949354588985443115e-01,4.255045652389526367e-01,-8.799352496862411499e-02,-4.170988500118255615e-02,1.284961998462677002e-01,1.796895116567611694e-01,-1.010248512029647827e-01,5.141777545213699341e-02,-5.801053345203399658e-02,-3.435481805354356766e-03,-2.364502251148223877e-01,1.751162409782409668e-01,-1.020744368433952332e-01,2.356051094830036163e-02
-1.034185569733381271e-02,-4.412962123751640320e-02,5.269861817359924316e-01,1.981873065233230591e-02,-5.305349826812744141e-03,9.300448894500732422e-01,3.668727576732635498e-01,-1.067366916686296463e-02,1.396803706884384155e-01,5.123068019747734070e-02,-1.318554162979125977e+00,4.472062587738037109e-01,-3.782518804073333740e-01,1.191059798002243042e-01,1.289091348648071289e+00,4.019530117511749268e-01,4.183169305324554443e-01,-4.114519059658050537e-02,-4.647528752684593201e-02,1.340046375989913940e-01,1.115000024437904358e-01,-6.335903704166412354e-02,4.346000403165817261e-02,-8.997273631393909454e-03,1.119710877537727356e-02,-2.297110408544540405e-01,1.115000024437904358e-01,-5.014471709728240967e-02,3.737405687570571899e-02
-8.862596936523914337e-03,-4.384624585509300232e-02,5.337461233139038086e-01,2.356843464076519012e-02,-6.826998200267553329e-03,9.284417033195495605e-01,3.706668913364410400e-01,-3.039205633103847504e-02,1.376083493232727051e-01,3.564668819308280945e-02,-1.323380827903747559e+00,4.553469419479370117e-01,-3.849908709526062012e-01,9.954846650362014771e-02,1.296250939369201660e+00,4.101331532001495361e-01,4.143955707550048828e-01,1.596187241375446320e-03,-4.818365722894668579e-02,1.385919600725173950e-01,1.115000024437904358e-01,-3.232870250940322876e-02,3.772168606519699097e-02,3.381718322634696960e-02,2.423054166138172150e-02,-2.240573763847351074e-01,1.115000024437904358e-01,-1.019535958766937256e-02,4.490959271788597107e-02
-7.999715395271778107e-03,-4.403800889849662781e-02,5.363505482673645020e-01,2.764965593814849854e-02,-9.228873997926712036e-03,9.265776276588439941e-01,3.749723136425018311e-01,-5.532031506299972534e-02,1.332200020551681519e-01,2.097540535032749176e-02,-1.329833865165710449e+00,4.636583626270294189e-01,-3.890419006347656250e-01,7.842647284269332886e-02,1.303517103195190430e+00,4.200545847415924072e-01,4.045769274234771729e-01,3.723730519413948059e-02,-4.926478862762451172e-02,1.412388682365417480e-01,1.115000024437904358e-01,-1.006517838686704636e-02,3.481324017047882080e-02,5.398460477590560913e-02,3.097606636583805084e-02,-2.181974947452545166e-01,1.115000024437904358e-01,9.048439562320709229e-03,5.180444568395614624e-02
-7.591701112687587738e-03,-4.353417083621025085e-02,5.368534326553344727e-01,3.092586435377597809e-02,-1.110060140490531921e-02,9.248133897781372070e-01,3.789994716644287109e-01,-7.647618651390075684e-02,1.267974525690078735e-01,9.003412909805774689e-03,-1.335994482040405273e+00,4.694805741310119629e-01,-3.941071331501007080e-01,6.044090166687965393e-02,1.308551192283630371e+00,4.292607307434082031e-01,4.002559781074523926e-01,4.906499385833740234e-02,-4.729207605123519897e-02,1.439972072839736938e-01,1.115000024437904358e-01,-6.904007401317358017e-03,3.319629654288291931e-02,6.138335540890693665e-02,3.410744294524192810e-02,-2.112519294023513794e-01,1.115000024437904358e-01,1.395606435835361481e-02,5.514474958181381226e-02
-6.942537147551774979e-03,-4.204622283577919006e-02,5.369381904602050781e-01,3.389583900570869446e-02,-1.282702479511499405e-02,9.230416417121887207e-01,3.829890787601470947e-01,-1.016422957181930542e-01,1.207220479846000671e-01,1.745147630572319031e-03,-1.336301803588867188e+00,4.732788205146789551e-01,-3.951331675052642822e-01,4.761178791522979736e-02,1.315648078918457031e+00,4.371198415756225586e-01,3.976459503173828125e-01,5.985722318291664124e-02,-4.279132187366485596e-02,1.475197225809097290e-01,1.115000024437904358e-01,-7.142183836549520493e-03,3.198751062154769897e-02,6.915111094713211060e-02,3.900710120797157288e-02,-2.068890333175659180e-01,1.115000024437904358e-01,1.316342595964670181e-02,5.793497711420059204e-02
-5.805971100926399231e-03,-4.081580042839050293e-02,5.370817184448242188e-01,3.660459071397781372e-02,-1.374674029648303986e-02,9.220106005668640137e-01,3.851850926876068115e-01,-1.261473298072814941e-01,1.147145554423332214e-01,-5.288428161293268204e-03,-1.339340329170227051e+00,4.766683280467987061e-01,-3.935900926589965820e-01,3.669502958655357361e-02,1.322698235511779785e+00,4.436673820018768311e-01,3.925870358943939209e-01,6.756092607975006104e-02,-3.934570774435997009e-02,1.505343616008758545e-01,1.115000024437904358e-01,-5.736819468438625336e-03,2.981412783265113831e-02,7.507275044918060303e-02,4.250104352831840515e-02,-2.043853402137756348e-01,1.115000024437904358e-01,1.351608522236347198e-02,5.735248327255249023e-02
-4.329140763729810715e-03,-3.985975310206413269e-02,5.371390581130981445e-01,3.973939642310142517e-02,-1.508040633052587509e-02,9.203311800956726074e-01,3.888236582279205322e-01,-1.481118649244308472e-01,1.098636612296104431e-01,-1.042819302529096603e-02,-1.340921521186828613e+00,4.818275868892669678e-01,-3.897565901279449463e-01,2.626779675483703613e-02,1.329830527305603027e+00,4.518202543258666992e-01,3.899369835853576660e-01,7.606508582830429077e-02,-3.536805510520935059e-02,1.545118093490600586e-01,1.115000024437904358e-01,-5.120578221976757050e-03,2.811349183320999146e-02,8.079346269369125366e-02,4.650783911347389221e-02,-2.007289230823516846e-01,1.115000024437904358e-01,1.361600775271654129e-02,5.824796855449676514e-02
-3.872516332194209099e-03,-3.903288394212722778e-02,5.372262597084045410e-01,4.114945232868194580e-02,-1.595373265445232391e-02,9.189626574516296387e-01,3.918671011924743652e-01,-1.614164263010025024e-01,1.076952740550041199e-01,-1.166570466011762619e-02,-1.342158794403076172e+00,4.865070283412933350e-01,-3.880683481693267822e-01,1.994111947715282440e-02,1.335221171379089355e+00,4.560360908508300781e-01,3.891398906707763672e-01,8.162771910429000854e-02,-3.278473019599914551e-02,1.589990705251693726e-01,1.115000024437904358e-01,-4.935421515256166458e-03,2.632270939648151398e-02,8.428442478179931641e-02,4.921601340174674988e-02,-1.985498666763305664e-01,1.115000024437904358e-01,1.366642583161592484e-02,6.025818362832069397e-02
-3.192712320014834404e-03,-3.801856562495231628e-02,5.372490286827087402e-01,4.286155104637145996e-02,-1.651195995509624481e-02,9.177899360656738281e-01,3.944006860256195068e-01,-1.748952120542526245e-01,1.038946956396102905e-01,-1.242349296808242798e-02,-1.341466903686523438e+00,4.926191270351409912e-01,-3.840549290180206299e-01,1.553355995565652847e-02,1.341036796569824219e+00,4.636861085891723633e-01,3.880191743373870850e-01,8.742862939834594727e-02,-3.046182543039321899e-02,1.629496514797210693e-01,1.115000024437904358e-01,-5.010734777897596359e-03,2.405400574207305908e-02,8.809328079223632812e-02,5.156349018216133118e-02,-1.960293948650360107e-01,1.115000024437904358e-01,1.237579062581062317e-02,6.160813942551612854e-02
-2.968383720144629478e-03,-3.766134008765220642e-02,5.372608304023742676e-01,4.410186037421226501e-02,-1.738362014293670654e-02,9.167628884315490723e-01,3.966089785099029541e-01,-1.892903149127960205e-01,1.031415686011314392e-01,-1.304666418582201004e-02,-1.343173861503601074e+00,4.983125925064086914e-01,-3.785755932331085205e-01,1.200521364808082581e-02,1.344649434089660645e+00,4.673732221126556396e-01,3.879857659339904785e-01,9.194786101579666138e-02,-2.884340472519397736e-02,1.671344637870788574e-01,1.115000024437904358e-01,-6.638641003519296646e-03,2.170898951590061188e-02,9.105123579502105713e-02,5.318213999271392822e-02,-1.936601549386978149e-01,1.115000024437904358e-01,1.264987606555223465e-02,6.243985518813133240e-02
-2.493548905476927757e-03,-3.730629011988639832e-02,5.371904373168945312e-01,4.523298144340515137e-02,-1.797361113131046295e-02,9.158751368522644043e-01,3.985017836093902588e-01,-2.031980305910110474e-01,9.898381680250167847e-02,-1.142849028110504150e-02,-1.342763900756835938e+00,5.035897493362426758e-01,-3.777444362640380859e-01,1.040048431605100632e-02,1.348205804824829102e+00,4.707694351673126221e-01,3.925943374633789062e-01,9.549501538276672363e-02,-2.732077054679393768e-02,1.695883721113204956e-01,1.115000024437904358e-01,-6.500535644590854645e-03,2.052588574588298798e-02,9.317426383495330811e-02,5.467003211379051208e-02,-1.924143135547637939e-01,1.115000024437904358e-01,1.198199111968278885e-02,6.255987286567687988e-02
-2.444247715175151825e-03,-3.675861656665802002e-02,5.372188687324523926e-01,4.623706266283988953e-02,-1.838430576026439667e-02,9.153563976287841797e-01,3.995583355426788330e-01,-2.133907526731491089e-01,9.827545285224914551e-02,-1.072216872125864029e-02,-1.342479705810546875e+00,5.088371634483337402e-01,-3.761900067329406738e-01,9.010631591081619263e-03,1.350269556045532227e+00,4.738022089004516602e-01,3.931408524513244629e-01,9.929107874631881714e-02,-2.649282664060592651e-02,1.722175478935241699e-01,1.115000024437904358e-01,-7.007045205682516098e-03,1.793455332517623901e-02,9.618704020977020264e-02,5.558304488658905029e-02,-1.913686692714691162e-01,1.115000024437904358e-01,1.161870639771223068e-02,6.245745345950126648e-02
-2.556928899139165878e-03,-3.650437295436859131e-02,5.372709035873413086e-01,4.698026552796363831e-02,-1.897295191884040833e-02,9.147067070007324219e-01,4.009295403957366943e-01,-2.223209589719772339e-01,9.783770143985748291e-02,-9.109810926020145416e-03,-1.343555569648742676e+00,5.128283500671386719e-01,-3.731476366519927979e-01,7.400908973067998886e-03,1.351306676864624023e+00,4.781587123870849609e-01,3.933015465736389160e-01,1.025987043976783752e-01,-2.579558081924915314e-02,1.750021725893020630e-01,1.115000024437904358e-01,-8.688580244779586792e-03,1.666891388595104218e-02,9.843900054693222046e-02,5.631387233734130859e-02,-1.892787814140319824e-01,1.115000024437904358e-01,1.226650923490524292e-02,6.286527961492538452e-02
-2.586575690656900406e-03,-3.608999401330947876e-02,5.372229814529418945e-01,4.759323969483375549e-02,-1.916280947625637054e-02,9.136893153190612793e-01,4.031618237495422363e-01,-2.325977236032485962e-01,9.630546718835830688e-02,-6.882047746330499649e-03,-1.344408869743347168e+00,5.140922069549560547e-01,-3.693317174911499023e-01,5.210250616073608398e-03,1.353830695152282715e+00,4.827837944030761719e-01,3.919928967952728271e-01,1.057496741414070129e-01,-2.556730434298515320e-02,1.775690913200378418e-01,1.115000024437904358e-01,-8.940339088439941406e-03,1.695742644369602203e-02,9.987317770719528198e-02,5.670361965894699097e-02,-1.845502257347106934e-01,1.115000024437904358e-01,1.156380027532577515e-02,6.211438402533531189e-02
-2.763676689937710762e-03,-3.581395000219345093e-02,5.372158288955688477e-01,4.811742529273033142e-02,-1.952292211353778839e-02,9.128993153572082520e-01,4.048683643341064453e-01,-2.384626269340515137e-01,9.606302529573440552e-02,-4.584370180964469910e-03,-1.343715190887451172e+00,5.160925984382629395e-01,-3.685743808746337891e-01,4.182213451713323593e-03,1.354062199592590332e+00,4.861765801906585693e-01,3.925486803054809570e-01,1.085895895957946777e-01,-2.525005489587783813e-02,1.807101517915725708e-01,1.115000024437904358e-01,-8.646457456052303314e-03,1.679224334657192230e-02,1.014946550130844116e-01,5.698241293430328369e-02,-1.832088232040405273e-01,1.115000024437904358e-01,1.140869967639446259e-02,6.204139813780784607e-02
-2.716687042266130447e-03,-3.573419898748397827e-02,5.372130870819091797e-01,4.848791658878326416e-02,-1.977747306227684021e-02,9.122918844223022461e-01,4.061788320541381836e-01,-2.455828487873077393e-01,9.516814351081848145e-02,-2.758076880127191544e-03,-1.342435956001281738e+00,5.184172987937927246e-01,-3.670136332511901855e-01,2.990847919136285782e-03,1.354346394538879395e+00,4.873793423175811768e-01,3.916182219982147217e-01,1.101725548505783081e-01,-2.487079799175262451e-02,1.832677572965621948e-01,1.115000024437904358e-01,-8.091205731034278870e-03,1.649094186723232269e-02,1.021771728992462158e-01,5.729309469461441040e-02,-1.821504980325698853e-01,1.115000024437904358e-01,1.120226364582777023e-02,6.305774301290512085e-02
-2.744591794908046722e-03,-3.569797798991203308e-02,5.371751785278320312e-01,4.898064583539962769e-02,-2.002765610814094543e-02,9.118313789367675781e-01,4.071403741836547852e-01,-2.501586377620697021e-01,9.558122605085372925e-02,-5.643298500217497349e-04,-1.343186855316162109e+00,5.185534358024597168e-01,-3.670340478420257568e-01,2.266331342980265617e-03,1.355332374572753906e+00,4.885559380054473877e-01,3.920430541038513184e-01,1.118822023272514343e-01,-2.488332986831665039e-02,1.840003728866577148e-01,1.115000024437904358e-01,-8.079897612333297729e-03,1.760100200772285461e-02,1.032430529594421387e-01,5.730571225285530090e-02,-1.810053288936614990e-01,1.115000024437904358e-01,1.079131104052066803e-02,6.320803612470626831e-02
-2.991270972415804863e-03,-3.563230857253074646e-02,5.372119545936584473e-01,4.887108504772186279e-02,-2.011829055845737457e-02,9.114620685577392578e-01,4.079752266407012939e-01,-2.554795444011688232e-01,9.537977725267410278e-02,1.807613880373537540e-03,-1.344214916229248047e+00,5.179116129875183105e-01,-3.671380877494812012e-01,1.197772915475070477e-03,1.355519175529479980e+00,4.902548193931579590e-01,3.897248804569244385e-01,1.125340536236763000e-01,-2.504767104983329773e-02,1.837011575698852539e-01,1.115000024437904358e-01,-8.170322515070438385e-03,1.915751956403255463e-02,1.033863127231597900e-01,5.727189034223556519e-02,-1.794426590204238892e-01,1.115000024437904358e-01,1.107279956340789795e-02,6.377085298299789429e-02
-3.224923042580485344e-03,-3.574310243129730225e-02,5.372389554977416992e-01,4.910252243280410767e-02,-2.024365030229091644e-02,9.112723469734191895e-01,4.083648025989532471e-01,-2.587743699550628662e-01,9.572675824165344238e-02,3.230968024581670761e-03,-1.345471501350402832e+00,5.176742672920227051e-01,-3.682702183723449707e-01,4.045870446134358644e-04,1.354691982269287109e+00,4.912973642349243164e-01,3.878762423992156982e-01,1.134565174579620361e-01,-2.562970109283924103e-02,1.840716898441314697e-01,1.115000024437904358e-01,-8.551825769245624542e-03,1.993933320045471191e-02,1.040587797760963440e-01,5.672708898782730103e-02,-1.782687902450561523e-01,1.115000024437904358e-01,1.133630052208900452e-02,6.405926495790481567e-02
-3.464314853772521019e-03,-3.567819669842720032e-02,5.372378230094909668e-01,4.925039783120155334e-02,-2.032183855772018433e-02,9.108595848083496094e-01,4.092630445957183838e-01,-2.608954012393951416e-01,9.828123450279235840e-02,5.069839302450418472e-03,-1.345615983009338379e+00,5.166258215904235840e-01,-3.685949146747589111e-01,-1.017711038002744317e-04,1.354823589324951172e+00,4.910865426063537598e-01,3.861153125762939453e-01,1.146557182073593140e-01,-2.603923156857490540e-02,1.845342516899108887e-01,1.115000024437904358e-01,-8.503825403749942780e-03,2.085799910128116608e-02,1.046340018510818481e-01,5.638961493968963623e-02,-1.767733395099639893e-01,1.115000024437904358e-01,1.114958897233009338e-02,6.418575346469879150e-02
-3.768866648897528648e-03,-3.559222817420959473e-02,5.372813940048217773e-01,4.912035912275314331e-02,-2.028335630893707275e-02,9.107764363288879395e-01,4.094656109809875488e-01,-2.624788582324981689e-01,9.932737797498703003e-02,6.527646910399198532e-03,-1.346016645431518555e+00,5.170695781707763672e-01,-3.694137036800384521e-01,-2.190759987570345402e-04,1.354240775108337402e+00,4.931135475635528564e-01,3.831652104854583740e-01,1.150643676519393921e-01,-2.646855637431144714e-02,1.843814998865127563e-01,1.115000024437904358e-01,-8.973195217549800873e-03,2.110969834029674530e-02,1.049575880169868469e-01,5.606377869844436646e-02,-1.762467324733734131e-01,1.115000024437904358e-01,1.106071751564741135e-02,6.497196853160858154e-02
-3.981201909482479095e-03,-3.548322990536689758e-02,5.372748374938964844e-01,4.892334714531898499e-02,-2.033062465488910675e-02,9.105185270309448242e-01,4.100598990917205811e-01,-2.668698728084564209e-01,1.009128391742706299e-01,8.044346235692501068e-03,-1.345410227775573730e+00,5.149400830268859863e-01,-3.702656924724578857e-01,-6.963193882256746292e-04,1.354360580444335938e+00,4.940041005611419678e-01,3.808943331241607666e-01,1.154412925243377686e-01,-2.645920030772686005e-02,1.844263970851898193e-01,1.115000024437904358e-01,-9.155882522463798523e-03,2.185300551354885101e-02,1.049528345465660095e-01,5.616785213351249695e-02,-1.746897250413894653e-01,1.115000024437904358e-01,1.094598695635795593e-02,6.517309695482254028e-02
-4.295532591640949249e-03,-3.530684486031532288e-02,5.373124480247497559e-01,4.880094155669212341e-02,-2.022455260157585144e-02,9.104363918304443359e-01,4.102621376514434814e-01,-2.682290375232696533e-01,1.019923686981201172e-01,9.834763593971729279e-03,-1.345670580863952637e+00,5.154352188110351562e-01,-3.711852729320526123e-01,1.379178429488092661e-04,1.353847146034240723e+00,4.946591258049011230e-01,3.789569735527038574e-01,1.159834936261177063e-01,-2.694613300263881683e-02,1.840607225894927979e-01,1.115000024437904358e-01,-9.636855684220790863e-03,2.233185246586799622e-02,1.053600683808326721e-01,5.580768361687660217e-02,-1.738966703414916992e-01,1.115000024437904358e-01,1.076864823698997498e-02,6.538685411214828491e-02
-4.440695047378540039e-03,-3.537927567958831787e-02,5.373877286911010742e-01,4.904491081833839417e-02,-2.028349973261356354e-02,9.103134870529174805e-01,4.105028212070465088e-01,-2.693922221660614014e-01,1.033054217696189880e-01,1.069242786616086960e-02,-1.346524119377136230e+00,5.151822566986083984e-01,-3.710967302322387695e-01,-1.448432012693956494e-04,1.353407025337219238e+00,4.942112267017364502e-01,3.769559562206268311e-01,1.167527064681053162e-01,-2.746888622641563416e-02,1.839485913515090942e-01,1.115000024437904358e-01,-9.914821945130825043e-03,2.281053178012371063e-02,1.059316918253898621e-01,5.529307201504707336e-02,-1.732191443443298340e-01,1.115000024437904358e-01,1.141870021820068359e-02,6.576931476593017578e-02
-4.533709958195686340e-03,-3.536720573902130127e-02,5.374701619148254395e-01,4.905106127262115479e-02,-2.024406939744949341e-02,9.102622866630554199e-01,4.106174707412719727e-01,-2.704860270023345947e-01,1.032323464751243591e-01,1.086271647363901138e-02,-1.346844673156738281e+00,5.158060193061828613e-01,-3.705198466777801514e-01,-5.321910430211573839e-05,1.353107213973999023e+00,4.959943592548370361e-01,3.754226565361022949e-01,1.169819831848144531e-01,-2.776172012090682983e-02,1.837476193904876709e-01,1.115000024437904358e-01,-1.019702665507793427e-02,2.322207763791084290e-02,1.060565561056137085e-01,5.505749955773353577e-02,-1.730287671089172363e-01,1.115000024437904358e-01,1.202648505568504333e-02,6.621287763118743896e-02
-4.611608572304248810e-03,-3.530780598521232605e-02,5.375903248786926270e-01,4.899647459387779236e-02,-2.011344023048877716e-02,9.102113842964172363e-01,4.107432961463928223e-01,-2.720304727554321289e-01,1.044449061155319214e-01,1.107626315206289291e-02,-1.347033858299255371e+00,5.167268514633178711e-01,-3.704401850700378418e-01,-2.981305005960166454e-04,1.353015542030334473e+00,4.966918230056762695e-01,3.737801611423492432e-01,1.170528903603553772e-01,-2.807154133915901184e-02,1.839723736047744751e-01,1.115000024437904358e-01,-1.001249253749847412e-02,2.311694249510765076e-02,1.060162410140037537e-01,5.478116124868392944e-02,-1.726522296667098999e-01,1.115000024437904358e-01,1.291869953274726868e-02,6.659355014562606812e-02
-4.661503247916698456e-03,-3.550262749195098877e-02,5.376649498939514160e-01,4.911994934082031250e-02,-2.023201249539852142e-02,9.101273417472839355e-01,4.109089374542236328e-01,-2.728859484195709229e-01,1.051333472132682800e-01,1.057221554219722748e-02,-1.347295880317687988e+00,5.174319148063659668e-01,-3.704770505428314209e-01,-9.063654579222202301e-04,1.352345585823059082e+00,4.966014325618743896e-01,3.732829391956329346e-01,1.172360777854919434e-01,-2.831023372709751129e-02,1.849125921726226807e-01,1.115000024437904358e-01,-9.924310259521007538e-03,2.276225388050079346e-02,1.060653403401374817e-01,5.446403473615646362e-02,-1.729393452405929565e-01,1.115000024437904358e-01,1.379599142819643021e-02,6.747782230377197266e-02
-4.629195667803287506e-03,-3.580015152692794800e-02,5.377587676048278809e-01,4.930194094777107239e-02,-2.038868889212608337e-02,9.098964929580688477e-01,4.113903045654296875e-01,-2.733848094940185547e-01,1.059404239058494568e-01,1.067337766289710999e-02,-1.348073363304138184e+00,5.191464424133300781e-01,-3.705254197120666504e-01,-2.272187499329447746e-03,1.351930737495422363e+00,4.967396855354309082e-01,3.727691471576690674e-01,1.173927485942840576e-01,-2.856878563761711121e-02,1.859361976385116577e-01,1.115000024437904358e-01,-9.824468754231929779e-03,2.259111776947975159e-02,1.058204695582389832e-01,5.412546172738075256e-02,-1.724765151739120483e-01,1.115000024437904358e-01,1.509209722280502319e-02,6.857638061046600342e-02
-4.827538039535284042e-03,-3.594060987234115601e-02,5.378065705299377441e-01,4.918050020933151245e-02,-2.058904618024826050e-02,9.098900556564331055e-01,4.114090800285339355e-01,-2.736086547374725342e-01,1.071756035089492798e-01,1.101624127477407455e-02,-1.348311781883239746e+00,5.216243267059326172e-01,-3.713756501674652100e-01,-1.797863165847957134e-03,1.351098537445068359e+00,4.971370995044708252e-01,3.735808134078979492e-01,1.173913776874542236e-01,-2.858471684157848358e-02,1.865041702985763550e-01,1.115000024437904358e-01,-1.021831389516592026e-02,2.223806083202362061e-02,1.057911962270736694e-01,5.408981442451477051e-02,-1.727161705493927002e-01,1.115000024437904358e-01,1.565270312130451202e-02,7.008276879787445068e-02
-5.149397067725658417e-03,-3.620940074324607849e-02,5.378301739692687988e-01,4.898983240127563477e-02,-2.096471190452575684e-02,9.096334576606750488e-01,4.119799435138702393e-01,-2.731525599956512451e-01,1.099368110299110413e-01,1.255267485976219177e-02,-1.348787069320678711e+00,5.246701240539550781e-01,-3.728511631488800049e-01,-1.869625761173665524e-03,1.349641919136047363e+00,4.984075725078582764e-01,3.748255670070648193e-01,1.175177022814750671e-01,-2.857016399502754211e-02,1.873910278081893921e-01,1.115000024437904358e-01,-1.034932211041450500e-02,2.287772297859191895e-02,1.055320948362350464e-01,5.405525118112564087e-02,-1.709179431200027466e-01,1.115000024437904358e-01,1.686722412705421448e-02,7.066019624471664429e-02
-4.981898702681064606e-03,-3.644520416855812073e-02,5.380194783210754395e-01,4.920711368322372437e-02,-2.052673138678073883e-02,9.091638922691345215e-01,4.130113124847412109e-01,-2.516514360904693604e-01,1.136662364006042480e-01,1.828491128981113434e-02,-1.344230651855468750e+00,5.204999446868896484e-01,-3.861965537071228027e-01,-5.620603915303945541e-04,1.346178412437438965e+00,5.004945397377014160e-01,3.834842145442962646e-01,1.171594709157943726e-01,-2.977023459970951080e-02,1.876893341541290283e-01,1.115000024437904358e-01,-7.913094945251941681e-03,2.483045868575572968e-02,1.040967479348182678e-01,5.264476314187049866e-02,-1.645305603742599487e-01,1.115000024437904358e-01,1.936698704957962036e-02,6.947790831327438354e-02
